/*
Navicat MySQL Data Transfer

Source Server         : localhost_3306
Source Server Version : 50150
Source Host           : localhost:3306
Source Database       : origin

Target Server Type    : MYSQL
Target Server Version : 50150
File Encoding         : 65001

Date: 2015-09-25 15:47:05
*/

SET FOREIGN_KEY_CHECKS=0;
-- ----------------------------
-- Table structure for `t_access_token`
-- ----------------------------
DROP TABLE IF EXISTS `t_access_token`;
CREATE TABLE `t_access_token` (
  `id` int(11) NOT NULL,
  `access_token` text,
  `expires_in` int(11) DEFAULT NULL,
  `access_expires` bigint(11) DEFAULT NULL,
  `access_expiresCH` datetime DEFAULT NULL,
  PRIMARY KEY (`id`)
) ENGINE=InnoDB DEFAULT CHARSET=utf8;

-- ----------------------------
-- Records of t_access_token
-- ----------------------------
INSERT INTO `t_access_token` VALUES ('1', 'EBb1VjWqaPR-cVLWg2yY_sYoB1ptWj394yyAAYu-esqfUGCuOIxJHf4sVczL0kDX7DYkKrmtfkGzsA0eaj2EsMYjwnwzXNpZv3Ze_PiqwEw', '7200', '1443169133113', '2015-09-25 16:18:53');

-- ----------------------------
-- Table structure for `t_invite_info`
-- ----------------------------
DROP TABLE IF EXISTS `t_invite_info`;
CREATE TABLE `t_invite_info` (
  `id` int(11) NOT NULL AUTO_INCREMENT,
  `invite_openId` varchar(100) NOT NULL,
  `invite_day` date DEFAULT NULL,
  `invite_begin` time DEFAULT NULL,
  `invite_end` time DEFAULT NULL,
  `invite_address` varchar(100) DEFAULT NULL,
  `create_time` datetime NOT NULL,
  `status` int(1) unsigned zerofill DEFAULT '0',
  PRIMARY KEY (`id`)
) ENGINE=InnoDB AUTO_INCREMENT=101 DEFAULT CHARSET=utf8;

-- ----------------------------
-- Records of t_invite_info
-- ----------------------------
INSERT INTO `t_invite_info` VALUES ('26', 'ohgNjs8zYxx4utgRDuhydQvmKLAM', '2015-06-30', '13:48:00', '19:48:00', '1', '2015-06-30 13:49:49', null);
INSERT INTO `t_invite_info` VALUES ('27', 'ohgNjs8zYxx4utgRDuhydQvmKLAM', '2015-06-30', '13:58:00', '17:58:00', '1', '2015-06-30 13:58:25', null);
INSERT INTO `t_invite_info` VALUES ('28', 'ohgNjs8zYxx4utgRDuhydQvmKLAM', '2015-06-30', '14:04:00', '17:06:00', '2', '2015-06-30 14:06:32', null);
INSERT INTO `t_invite_info` VALUES ('29', 'ohgNjs8zYxx4utgRDuhydQvmKLAM', '2015-06-30', '14:23:00', '18:23:00', '2', '2015-06-30 14:23:20', '0');
INSERT INTO `t_invite_info` VALUES ('30', 'ohgNjs8zYxx4utgRDuhydQvmKLAM', '2015-06-30', '14:29:00', '18:29:00', '2', '2015-06-30 14:28:37', '0');
INSERT INTO `t_invite_info` VALUES ('31', '', '2015-06-30', '00:59:00', '01:01:00', '1', '2015-06-30 14:33:30', '0');
INSERT INTO `t_invite_info` VALUES ('32', 'ohgNjs8zYxx4utgRDuhydQvmKLAM', '2015-06-30', '14:36:00', '19:36:00', '2', '2015-06-30 14:36:42', '0');
INSERT INTO `t_invite_info` VALUES ('33', 'ohgNjs8zYxx4utgRDuhydQvmKLAM', '2015-06-30', '14:37:00', '18:37:00', '2', '2015-06-30 14:37:13', '0');
INSERT INTO `t_invite_info` VALUES ('34', 'ohgNjs8zYxx4utgRDuhydQvmKLAM', '2015-06-30', '14:40:00', '14:40:00', '1', '2015-06-30 14:40:06', '0');
INSERT INTO `t_invite_info` VALUES ('35', 'ohgNjs8zYxx4utgRDuhydQvmKLAM', '2015-06-30', '14:58:00', '18:58:00', '1', '2015-06-30 14:58:07', '0');
INSERT INTO `t_invite_info` VALUES ('36', 'ohgNjs8zYxx4utgRDuhydQvmKLAM', '2015-06-30', '18:03:00', '19:03:00', '1', '2015-06-30 15:03:37', '0');
INSERT INTO `t_invite_info` VALUES ('37', 'ohgNjs8zYxx4utgRDuhydQvmKLAM', '2015-06-30', '18:03:00', '19:03:00', '1', '2015-06-30 15:03:36', '0');
INSERT INTO `t_invite_info` VALUES ('38', 'ohgNjs8zYxx4utgRDuhydQvmKLAM', '2015-06-30', '21:11:00', '01:11:00', '2', '2015-06-30 17:11:13', '0');
INSERT INTO `t_invite_info` VALUES ('39', '', '2015-06-30', '17:11:00', '21:11:00', '1', '2015-06-30 17:14:09', '0');
INSERT INTO `t_invite_info` VALUES ('40', 'ohgNjs8zYxx4utgRDuhydQvmKLAM', '2015-06-30', '21:16:00', '02:16:00', '1', '2015-06-30 17:16:22', '0');
INSERT INTO `t_invite_info` VALUES ('41', 'ohgNjs8Y7DAFDrixv5NVEvjbZDMo', '2015-07-14', '15:02:00', '17:02:00', '2', '2015-07-14 15:05:32', '0');
INSERT INTO `t_invite_info` VALUES ('42', 'ohgNjs8zYxx4utgRDuhydQvmKLAM', '2015-07-14', '15:26:00', '19:26:00', '1', '2015-07-14 15:26:17', '0');
INSERT INTO `t_invite_info` VALUES ('43', 'ohgNjs8zYxx4utgRDuhydQvmKLAM', '2015-07-14', '18:35:00', '22:35:00', '2', '2015-07-14 18:35:13', '0');
INSERT INTO `t_invite_info` VALUES ('44', 'ohgNjs8zYxx4utgRDuhydQvmKLAM', '2015-07-16', '13:39:00', '16:39:00', '1', '2015-07-16 13:39:08', '0');
INSERT INTO `t_invite_info` VALUES ('45', 'ohgNjs8zYxx4utgRDuhydQvmKLAM', '2015-07-16', '13:48:00', '14:48:00', '1', '2015-07-16 13:47:15', '0');
INSERT INTO `t_invite_info` VALUES ('46', 'ohgNjs8zYxx4utgRDuhydQvmKLAM', '2015-07-16', '13:50:00', '17:50:00', '1', '2015-07-16 13:50:05', '0');
INSERT INTO `t_invite_info` VALUES ('47', 'ohgNjs8zYxx4utgRDuhydQvmKLAM', '2015-07-16', '13:52:00', '18:52:00', '2', '2015-07-16 13:52:08', '0');
INSERT INTO `t_invite_info` VALUES ('48', 'ohgNjs8zYxx4utgRDuhydQvmKLAM', '2015-07-16', '14:29:00', '14:29:00', '1', '2015-07-16 14:28:24', '0');
INSERT INTO `t_invite_info` VALUES ('49', 'ohgNjs8zYxx4utgRDuhydQvmKLAM', '2015-07-16', '14:31:00', '20:31:00', '1', '2015-07-16 14:31:00', '0');
INSERT INTO `t_invite_info` VALUES ('50', 'ohgNjs8zYxx4utgRDuhydQvmKLAM', '2015-07-16', '18:00:00', '20:00:00', '1', '2015-07-16 17:59:34', '0');
INSERT INTO `t_invite_info` VALUES ('51', 'ohgNjsxgGyDQitK2cezkBXOf4pXQ', '2015-07-16', '18:02:00', '20:02:00', '1', '2015-07-16 18:05:00', '0');
INSERT INTO `t_invite_info` VALUES ('52', 'ohgNjs8zYxx4utgRDuhydQvmKLAM', '2015-07-16', '18:05:00', '19:05:00', '2', '2015-07-16 18:05:29', '0');
INSERT INTO `t_invite_info` VALUES ('53', 'ohgNjs8zYxx4utgRDuhydQvmKLAM', '2015-07-16', '18:16:00', '23:16:00', '2', '2015-07-16 18:17:01', '0');
INSERT INTO `t_invite_info` VALUES ('54', 'ohgNjs8zYxx4utgRDuhydQvmKLAM', '2015-07-16', '18:30:00', '23:30:00', '2', '2015-07-16 18:29:53', '0');
INSERT INTO `t_invite_info` VALUES ('55', 'ohgNjs8zYxx4utgRDuhydQvmKLAM', '2015-07-16', '19:46:00', '23:46:00', '1', '2015-07-16 18:45:42', '0');
INSERT INTO `t_invite_info` VALUES ('56', 'ohgNjs8zYxx4utgRDuhydQvmKLAM', '2015-07-16', '18:48:00', '21:48:00', '1', '2015-07-16 18:47:51', '0');
INSERT INTO `t_invite_info` VALUES ('57', 'ohgNjs8zYxx4utgRDuhydQvmKLAM', '2015-07-16', '18:51:00', '20:51:00', '1', '2015-07-16 18:50:15', '0');
INSERT INTO `t_invite_info` VALUES ('58', 'ohgNjs8zYxx4utgRDuhydQvmKLAM', '2015-07-16', '21:52:00', '23:52:00', '2', '2015-07-16 18:51:30', '0');
INSERT INTO `t_invite_info` VALUES ('59', 'ohgNjs8zYxx4utgRDuhydQvmKLAM', '2015-07-16', '18:53:00', '23:53:00', '1', '2015-07-16 18:52:17', '0');
INSERT INTO `t_invite_info` VALUES ('60', 'ohgNjs8zYxx4utgRDuhydQvmKLAM', '2015-07-16', '19:03:00', '21:03:00', '1', '2015-07-16 19:02:22', '0');
INSERT INTO `t_invite_info` VALUES ('61', 'ohgNjs8zYxx4utgRDuhydQvmKLAM', '2015-07-21', '15:48:00', '19:48:00', '2', '2015-07-21 15:47:37', '0');
INSERT INTO `t_invite_info` VALUES ('62', 'ohgNjs8zYxx4utgRDuhydQvmKLAM', '2015-07-21', '16:18:00', '23:19:00', '2', '2015-07-21 16:18:10', '0');
INSERT INTO `t_invite_info` VALUES ('63', 'ohgNjs8zYxx4utgRDuhydQvmKLAM', '2015-07-21', '16:27:00', '21:27:00', '2', '2015-07-21 16:26:44', '0');
INSERT INTO `t_invite_info` VALUES ('64', 'ohgNjs8zYxx4utgRDuhydQvmKLAM', '2015-07-22', '16:33:00', '19:33:00', '1', '2015-07-22 16:32:31', '0');
INSERT INTO `t_invite_info` VALUES ('65', 'ohgNjs8zYxx4utgRDuhydQvmKLAM', '2015-07-22', '16:39:00', '18:39:00', '2', '2015-07-22 16:38:46', '0');
INSERT INTO `t_invite_info` VALUES ('66', 'ohgNjs8zYxx4utgRDuhydQvmKLAM', '2015-07-22', '16:42:00', '19:42:00', '1', '2015-07-22 16:41:57', '0');
INSERT INTO `t_invite_info` VALUES ('67', 'ohgNjs8zYxx4utgRDuhydQvmKLAM', '2015-07-23', '13:21:00', '19:21:00', '2', '2015-07-23 13:20:15', '0');
INSERT INTO `t_invite_info` VALUES ('68', 'ohgNjswHcgpLpEl6T1fe307027Vw', '2015-07-23', '19:10:00', '21:10:00', '1', '2015-07-23 17:09:57', '0');
INSERT INTO `t_invite_info` VALUES ('69', 'ohgNjswHcgpLpEl6T1fe307027Vw', '2015-07-23', '19:13:00', '23:13:00', '1', '2015-07-23 17:12:50', '0');
INSERT INTO `t_invite_info` VALUES ('70', 'ohgNjswHcgpLpEl6T1fe307027Vw', '2015-07-23', '17:17:00', '22:17:00', '1', '2015-07-23 17:16:00', '0');
INSERT INTO `t_invite_info` VALUES ('71', 'ohgNjs8zYxx4utgRDuhydQvmKLAM', '2015-07-24', '11:20:00', '14:20:00', '1', '2015-07-24 11:19:26', '0');
INSERT INTO `t_invite_info` VALUES ('72', 'ohgNjs8zYxx4utgRDuhydQvmKLAM', '2015-07-27', '11:05:00', '15:05:00', '2', '2015-07-27 09:04:23', '0');
INSERT INTO `t_invite_info` VALUES ('73', 'ohgNjs8zYxx4utgRDuhydQvmKLAM', '2015-07-27', '09:06:00', '11:06:00', '1', '2015-07-27 09:05:28', '0');
INSERT INTO `t_invite_info` VALUES ('74', 'ohgNjs8zYxx4utgRDuhydQvmKLAM', '2015-07-27', '11:03:00', '14:03:00', '1', '2015-07-27 11:02:23', '0');
INSERT INTO `t_invite_info` VALUES ('75', 'ohgNjswHcgpLpEl6T1fe307027Vw', '2015-07-27', '11:30:00', '15:30:00', '1', '2015-07-27 11:29:15', '0');
INSERT INTO `t_invite_info` VALUES ('76', 'ohgNjswHcgpLpEl6T1fe307027Vw', '2015-07-27', '11:30:00', '11:31:00', '2', '2015-07-27 11:29:59', '0');
INSERT INTO `t_invite_info` VALUES ('77', 'ohgNjswHcgpLpEl6T1fe307027Vw', '2015-07-27', '11:32:00', '14:32:00', '1', '2015-07-27 11:31:07', '0');
INSERT INTO `t_invite_info` VALUES ('78', 'ohgNjswHcgpLpEl6T1fe307027Vw', '2015-07-27', '11:39:00', '21:39:00', '1', '2015-07-27 11:38:40', '0');
INSERT INTO `t_invite_info` VALUES ('79', 'ohgNjswHcgpLpEl6T1fe307027Vw', '2015-07-27', '11:42:00', '13:42:00', '1', '2015-07-27 11:41:58', '0');
INSERT INTO `t_invite_info` VALUES ('80', 'ohgNjswHcgpLpEl6T1fe307027Vw', '2015-07-27', '11:47:00', '13:47:00', '1', '2015-07-27 11:46:44', '0');
INSERT INTO `t_invite_info` VALUES ('81', 'ohgNjs8zYxx4utgRDuhydQvmKLAM', '2015-07-27', '16:40:00', '20:40:00', '2', '2015-07-27 16:39:41', '0');
INSERT INTO `t_invite_info` VALUES ('82', 'ohgNjs8zYxx4utgRDuhydQvmKLAM', '2015-07-27', '16:40:00', '20:40:00', '2', '2015-07-27 16:39:41', '0');
INSERT INTO `t_invite_info` VALUES ('83', 'ohgNjs8zYxx4utgRDuhydQvmKLAM', '2015-07-27', '16:40:00', '20:40:00', '2', '2015-07-27 16:39:45', '0');
INSERT INTO `t_invite_info` VALUES ('84', 'ohgNjs8zYxx4utgRDuhydQvmKLAM', '2015-07-28', '10:09:00', '19:09:00', '2', '2015-07-28 10:08:58', '0');
INSERT INTO `t_invite_info` VALUES ('85', 'ohgNjs8zYxx4utgRDuhydQvmKLAM', '2015-07-28', '10:11:00', '11:11:00', '1', '2015-07-28 11:10:11', '0');
INSERT INTO `t_invite_info` VALUES ('86', 'ohgNjs8zYxx4utgRDuhydQvmKLAM', '2015-07-28', '11:12:00', '15:12:00', '1', '2015-07-28 11:11:07', '0');
INSERT INTO `t_invite_info` VALUES ('87', 'ohgNjs8zYxx4utgRDuhydQvmKLAM', '2015-07-30', '18:32:00', '18:32:00', '1', '2015-07-30 16:31:53', '0');
INSERT INTO `t_invite_info` VALUES ('88', 'ohgNjs8zYxx4utgRDuhydQvmKLAM', '2015-07-31', '12:16:00', '13:16:00', '2', '2015-07-31 12:17:04', '0');
INSERT INTO `t_invite_info` VALUES ('89', 'ohgNjs8zYxx4utgRDuhydQvmKLAM', '2015-07-31', '12:18:00', '12:18:00', '2', '2015-07-31 12:17:49', '0');
INSERT INTO `t_invite_info` VALUES ('90', 'ohgNjs8zYxx4utgRDuhydQvmKLAM', '2015-08-17', '13:39:00', '13:39:00', '1', '2015-08-17 13:38:17', '0');
INSERT INTO `t_invite_info` VALUES ('91', 'ohgNjs8zYxx4utgRDuhydQvmKLAM', '2015-08-17', '13:43:00', '23:43:00', '1', '2015-08-17 13:42:08', '0');
INSERT INTO `t_invite_info` VALUES ('92', 'ohgNjs8zYxx4utgRDuhydQvmKLAM', '2015-08-17', '13:45:00', '13:45:00', '2', '2015-08-17 13:44:08', '0');
INSERT INTO `t_invite_info` VALUES ('93', 'ohgNjswHcgpLpEl6T1fe307027Vw', '2015-08-17', '13:48:00', '15:48:00', '2', '2015-08-17 13:47:34', '0');
INSERT INTO `t_invite_info` VALUES ('94', 'ohgNjsxgGyDQitK2cezkBXOf4pXQ', '2015-08-17', '17:08:00', '21:08:00', '1', '2015-08-17 15:10:41', '0');
INSERT INTO `t_invite_info` VALUES ('95', 'ohgNjs_5kJFkrRIkp7VpKe4Br1GU', '2015-08-17', '15:15:00', '17:15:00', '2', '2015-08-17 15:14:07', '0');
INSERT INTO `t_invite_info` VALUES ('96', 'ohgNjs8zYxx4utgRDuhydQvmKLAM', '2015-09-02', '15:16:00', '15:16:00', '1', '2015-09-02 15:15:14', '0');
INSERT INTO `t_invite_info` VALUES ('97', 'ohgNjs8zYxx4utgRDuhydQvmKLAM', '2015-09-02', '16:45:00', '16:45:00', '2', '2015-09-02 16:43:38', '0');
INSERT INTO `t_invite_info` VALUES ('98', 'ohgNjs8zYxx4utgRDuhydQvmKLAM', '2015-09-04', '11:55:00', '19:55:00', '1', '2015-09-04 11:57:47', '0');
INSERT INTO `t_invite_info` VALUES ('99', 'ohgNjs8zYxx4utgRDuhydQvmKLAM', '2015-09-04', '13:50:00', '14:50:00', '2', '2015-09-04 13:49:11', '0');
INSERT INTO `t_invite_info` VALUES ('100', 'ohgNjs8zYxx4utgRDuhydQvmKLAM', '2015-09-04', '22:54:00', '23:54:00', '1', '2015-09-04 22:06:02', '0');

-- ----------------------------
-- Table structure for `t_join_info`
-- ----------------------------
DROP TABLE IF EXISTS `t_join_info`;
CREATE TABLE `t_join_info` (
  `id` int(11) NOT NULL AUTO_INCREMENT,
  `open_id` varchar(100) NOT NULL,
  `invite_id` int(11) NOT NULL,
  `create_time` datetime NOT NULL,
  PRIMARY KEY (`id`)
) ENGINE=InnoDB AUTO_INCREMENT=63 DEFAULT CHARSET=utf8;

-- ----------------------------
-- Records of t_join_info
-- ----------------------------
INSERT INTO `t_join_info` VALUES ('24', 'ohgNjs8zYxx4utgRDuhydQvmKLAM', '80', '2015-07-27 17:24:18');
INSERT INTO `t_join_info` VALUES ('25', 'ohgNjswHcgpLpEl6T1fe307027Vw', '80', '2015-07-27 17:24:44');
INSERT INTO `t_join_info` VALUES ('40', 'ohgNjswHcgpLpEl6T1fe307027Vw', '86', '2015-07-28 12:05:13');
INSERT INTO `t_join_info` VALUES ('46', 'ohgNjsxgGyDQitK2cezkBXOf4pXQ', '86', '2015-07-28 14:51:49');
INSERT INTO `t_join_info` VALUES ('53', 'ohgNjs8zYxx4utgRDuhydQvmKLAM', '86', '2015-07-30 19:02:05');
INSERT INTO `t_join_info` VALUES ('54', 'ohgNjs8zYxx4utgRDuhydQvmKLAM', '89', '2015-07-31 12:18:18');
INSERT INTO `t_join_info` VALUES ('55', 'ohgNjs8zYxx4utgRDuhydQvmKLAM', '92', '2015-08-17 13:45:04');
INSERT INTO `t_join_info` VALUES ('56', 'ohgNjswHcgpLpEl6T1fe307027Vw', '92', '2015-08-17 13:45:55');
INSERT INTO `t_join_info` VALUES ('57', 'ohgNjs8zYxx4utgRDuhydQvmKLAM', '93', '2015-08-17 13:48:39');
INSERT INTO `t_join_info` VALUES ('58', 'ohgNjs_5kJFkrRIkp7VpKe4Br1GU', '94', '2015-08-17 15:13:20');
INSERT INTO `t_join_info` VALUES ('59', 'ohgNjsxgGyDQitK2cezkBXOf4pXQ', '94', '2015-08-17 15:17:13');
INSERT INTO `t_join_info` VALUES ('60', 'ohgNjs8zYxx4utgRDuhydQvmKLAM', '95', '2015-08-17 15:18:28');
INSERT INTO `t_join_info` VALUES ('61', 'ohgNjs8zYxx4utgRDuhydQvmKLAM', '96', '2015-09-02 15:15:56');
INSERT INTO `t_join_info` VALUES ('62', 'ohgNjsxgGyDQitK2cezkBXOf4pXQ', '96', '2015-09-02 15:16:57');

-- ----------------------------
-- Table structure for `t_jsapi_ticket`
-- ----------------------------
DROP TABLE IF EXISTS `t_jsapi_ticket`;
CREATE TABLE `t_jsapi_ticket` (
  `id` int(11) NOT NULL,
  `ticket` text,
  `expires_in` int(11) DEFAULT NULL,
  `ticket_expires` bigint(11) DEFAULT NULL,
  `ticket_expiresCH` datetime DEFAULT NULL,
  PRIMARY KEY (`id`)
) ENGINE=InnoDB DEFAULT CHARSET=utf8;

-- ----------------------------
-- Records of t_jsapi_ticket
-- ----------------------------
INSERT INTO `t_jsapi_ticket` VALUES ('1', 'sM4AOVdWfPE4DxkXGEs8VGzVilJlOz5y4kzyFcUZ-h8eidgf2tUgfQom6jhJX1Tt0kvMXcsBPI6O1cFp-mY7PA', '7200', '1443169133318', '2015-09-25 16:18:53');

-- ----------------------------
-- Table structure for `t_news`
-- ----------------------------
DROP TABLE IF EXISTS `t_news`;
CREATE TABLE `t_news` (
  `news_id` int(11) NOT NULL AUTO_INCREMENT,
  `news_title` varchar(100) NOT NULL,
  `news_content` longtext,
  `user_id` varchar(20) DEFAULT NULL,
  `create_time` datetime NOT NULL,
  `type_id` int(11) NOT NULL,
  `publish` int(1) NOT NULL DEFAULT '0',
  `isdelete` int(1) unsigned zerofill NOT NULL DEFAULT '0',
  `istop` int(1) unsigned zerofill NOT NULL DEFAULT '0',
  PRIMARY KEY (`news_id`),
  KEY `type_id` (`type_id`)
) ENGINE=InnoDB AUTO_INCREMENT=37 DEFAULT CHARSET=utf8;

-- ----------------------------
-- Records of t_news
-- ----------------------------
INSERT INTO `t_news` VALUES ('23', '时政新闻1', '<div align=\"center\">撒旦法士大夫阿斯顿发撒地方撒旦飞洒地方<img src=\"data:image/jpeg;base64,/9j/4AAQSkZJRgABAQEBLAEsAAD/2wBDAAYEBQYFBAYGBQYHBwYIChAKCgkJChQODwwQFxQYGBcUFhYaHSUfGhsjHBYWICwgIyYnKSopGR8tMC0oMCUoKSj/2wBDAQcHBwoIChMKChMoGhYaKCgoKCgoKCgoKCgoKCgoKCgoKCgoKCgoKCgoKCgoKCgoKCgoKCgoKCgoKCgoKCgoKCj/wgARCAFuAiYDASEAAhEBAxEB/8QAGwAAAQUBAQAAAAAAAAAAAAAAAwABAgQFBgf/xAAaAQADAQEBAQAAAAAAAAAAAAAAAQIDBAUG/9oADAMBAAIQAxAAAAEJorEfaJILPR43zQdZkml0edZVO0k09tPW56Wz3KQdrxmNQfaUg2rWVc42spAu/wAq4FtZdA3S5vMzKHaktCX1PDQ4tomkjr+cyec2squnWspkKmJTWfb2zMdFZNOh2iSUFQ6C4SHQe0kF6ebz1aSC+bN5S0ScNGxDxX0SSLliXlqknC0WTOVCYDGl0x0mcHuSVwMdMecOlbYR0xKaybu2R+qhy5kE9j9lk8fEpJ7JdnjXK1dZdmF7XGuJjtKYLPbYPgW3ScN/VzfFtok4djl5mE+gzo77jc3SbVMRHb8Rmwtonvo6nhoY20TbcMOEDW2GknXUvCl143LOVanS4VzYNVYpM6Z8K5hby5A7PkMagXZVtuC3zYMtEvSMX51HVaeWjc25OJVicPRvPoBaFGdph0HGS2VpdtD5OlSv549XdyfGj2lEDqsnF4otk1yGZx11LyR9+Ay5Vet5V1WfheM28PtSzc+hPaPt51zzaS6DpeczplpK6OHk0qTszR183zC0ScOz4zNpaJurzfMhtMmb1TGshtpWnL0+XkZaLR6TGuRr6y0Aa5NFQAU1UD389fTCqbC+xbl0xquspmkzEgdA7gkCcE4MgSB0CQJAkCQJAmQyBmY0ERGArABkEkzSzpbM5lqRWPcblMK6Trn9HHHtytehNe44PBpyecOq2kszGTScaClCQ0kJgZwSBkDoEgdAUrEhMhswooB7FIvHMnPOiu07hbpgrQVBAe5NSkFdJjP6OOBdtWa/M/dqHBr46TVEkF6mDKh0CrBikQR5GQ4yBRBkJpMSQQYbJ6GQMwK2ioNly/0Z3Ku0dbb4u7gcZY50HJBg1tFKIad1VJgrpECejli3tEaPPXrVPy+jyk/TkWack07gnBIK2KBSSRKNnRCINZAJmVkIkB7yaZgiMJODRDtqW8bNbSdUGe/Slzri/MFGhmKWgEJho3VRIhXQOvQxxbllkvPXoOH5nRycOjNWAnJBXaGmJwVUMYqHSDgTs10NZYGzSpOicx7DBGs1CppMzS7LTXZa+85dHTPp9zDogdXDjJMjnqwylLHIV+6qMwVkgFr0csg1I5Ma7DI8zo5jQ6M4DkewE5ItCQNqHQVMdokgR04QBiBEgq8mK4noRTrBueq0Z1xuMcbCSboW59F0zt8nht1l5gsxPPzaw89hKYiD3VRYoAmRf0MqIGSNm+vyvM350m+ZbKcBgWxJdu50KnSZmQo0hmuTOx3BnDNzUTYNHQTJHKqPoTvddaZ3BVnlWXnALXddBWubutqwFzMDL54z5FTBXbBclzQCQRt9+XPqyZMX0dbzd8UWudgYQtUMIOq7XGuIrTT5Fzjn2mLhdlkyRTcDMq5tFow8jXguRzut3VvdnTx4y+CrGUCNA6pX6Jz93q3mwJHCU83kS055MFa5LlIApEbPoZ4StEPjW5U8/XJhc6MEq4rViA+i6XC+FPRj19Y7zpcenN4nTPFMZyLLao0Po9Drbc68/wArC0WmS9dV27Ts1ZnP8OYzg4ldVbPevbPvBkcEgHScnpc83b40a4iW5c0yomjWO6MWNhDYPah5+2dW9PB3wZCc9Aiza1sb5OlvFbqB9qedy5ovOk8SSQqwQ9MWgdF1z/MqCtmrfcXqWvRpVGc7x0yKVYjkOfVz0aPEJ0bUbdVQ5+3nQd/hBTWlamisGUrnUl1yKswRs3sQ8/bPb2+YAAReOmnzXtWOe+Kbpz6PZnXraJd/DDiBmInkNpj3tpdGjSaqchEhSzudDWmzT1q4OVg0OP1eWN1+IW3l1VXjrqA15l1Oe97lBDXX5TRAtmaM6MhXKJ1TpVArFh6q4daj+5zc+Xy9R3NVqm6IJDyd+Tl0x6JZno2ytgry+JzTC5UzBWaNXp56NfM0VXlc5GWcxWnXZWLt8/n6wUsPR5qzvx2KeXTVjrzCNWepLn7s4Hd4d81YZUaGszRnDJVTUlamdluCNKvza1C+lgDpODqjgdEba9Lkhb+e7OHvdeWl0Ub9JKnSCq4uksNUXPVM2iqdmb7GbTrc1GdqU50bAz716qXP3CjzetVC8auZvzNHTCxo5dUc+ucdjp8jQZGXG5BYbI4ZaqaKYyB7SLt3O6UmtLXnqhz9TR2OjksWeDXn9fcr6C039NsWIq4YVc/TZ+TvQnW1pZ9o478ufmZaPO+OkVvZHn6PV5iI3OP1oZs2MO2NEeuBgKaYevyCEvnqoLmei2duThWTWWzTOEzp6kMtcZbY9FqY9dXGqMcunPtWcNn2ltz/AFGuNyvG1TlB0Ta8eoorv6vN6uXez3Lndfl1LXD7WVnd3z9XpMurRBy+xsc32+VY0+L1S0cejPffOgO8phrnyl2+Ha0IeCW1bppGOOTMAmqdYJsy+aaLOLxH1x0NLPcWRUji89YnL3ZHSa54u1vzdxVy35XlhBt3h123w+vTXD7dbR6/Ns1uzyMq5x+wXKM+c6Xp4MnoY6dzlujk073ne20MdcUW81KGvJTXX4sN6c5sq5zVuXuCxjU5xEBMuVACRPrM3H0MbpXnzg+jhPtZ7BxWiCrPXhwer0J+H2M3lvT8Sx2PV5/O50a5WzWfYi8b6p4xtCpeV3S6/MxbPL6BxPPmNzt8rkidnmy7Tk9KxuY65Dcfq0a2jxMn0PCp3teCsmjbUdWDG+a5cTpFaJAQEwGgA5q+hzub1c4W3GzbcSKw9BVM0V28vC+qeMXENzU1+jny6evPounEnP6MVNMElEvEZyjD7PPwae/DUJ08E9/n7NwnB7LQx6A0arEB6Xz/AD+pryVoEmiIGozoLUVkZ1KYgrpqppBHSKtWeb1MfH05jy6OGSENwL2fB6px+b7xFCHW1ysRWkWqSH15sw2fbbA84gm2ZSrNKYOvgz8Dq86N7p4a97LbsF5vu3M2LbOno5LqPR+f4w23K0STUHJujHmaQQLN3+fASc0Z1JyDBZnQmZSmd5kTUUHQbPlfQQbk9GUk3p3lcGmNnRSdXHllw7rCzp6oou81YbYVwuc9T5+yXo48pofoA/L+i2chkMKNMztOnzvO63V5uluC5vOcm7uaLTpcz0UVrUp15JaYUmuSsg5QEBjW2FdqIU+zP4v1EY5dESge/vyZkOfrjFiDvhXszuSUU9dKCcIrHHcl5v1/mp2dMKIEdXb8z3+ownnV5Aresk87h9fmaF28aOSImkmPSzvLvXO9rZ78wo35N+vzrgENbYx068mipqOnjv1A/I+oiyoJGFlDhETQuXDRVNauNlo9YUE80WglelZ4n1fmrd/TGoIOj2/P9u0/P0csHp5NfGl2uR34rWj1cQM7DWRyRECvZoJqzeus9fOG6OVIFJmh0sa8+G8pjZW67l7dkXl/Qxg2ErCKCDtIFQ4Nsq1lu9HDpYIool5UiCucvC9T5qxb0yeuHSa3m+9rEFxeo4nyDjouL25r+r3+dkC49SIaA0xGSSe6s9+LXRysgeYbm1nvzDaYNJh/Q+H061Xg9sYmQkyCESct4CFU7OCxX0x0ocPruAHSkRbg17q4uJr9via9XWCQl2ui5+3qjcO2TkT6U+H6OLsOJvI/Qep48R+Z2Qo1JcipexSZK7iw9Dmp9nlRYL+midyNuVJpimDV6/zfesPHRXylUyZ7JpamS0WKHd5csjTLYj5/tOFCi4eTRKfTw84fv8TVqaTIEuM5fokvN92KWmdyGmO9iXhW2fT8a2PzumaA1EKjaSUZU1zexzdbu8JFZflvlpV+fpwovNpgXWjTrIef7tYE6nllu85cXBo1Ne36XjUKU1qLh9iYUJiYTuCYe/FSXf4twdK6Bk6aN/d8z35sFfnFRb+nNzvQ9HlEFnRGE8AjJhK5VFY+vyj9/hOcOnb0+Q3Peb3Z8VCcI9JN9rQx6OY0sPQsPy+i7y5yVDZxWzfR8eF+djvyenMSSipga5alvyYZvQ8JwhoWKSzg6nvsOyfO2svM8z2cHrt+LC0dOGbGZGBRBkxCHRWPs8mu7wZnDqC+rx08byfQop5sgv8AUxp0VHLfiegx7Sy5PTnCak4MzVXlu3yegv65jlw+08ZIMREtKNLfiwY9/iIoXbVks1HovYaSPkuftpUfL9rlew6vPolOeb3zFmgSZGTEMMpY+xyq7vDWkG1PqjOBx75jVmkC7vPTfpxtwnR49kpcnqTU0zjUXIOc6/Nzey0yITj9hQlQZxE1Ec/fhxh93iowRdkrIer29Zp8zy94KXnezC9ear6cMybefYLICLIuxoBlLL1+Wbs8REZ0dDaQw59KaqWiEu2jTo6cbc9Y5fTK+HZJpp4tJmoYe/HjdZvy2X4vYkJKDPN5txzujgzRdvjwiBoA3RtEbLrJb4PbHXCdoSrbedIm3n6MYddUoOCqlUFl61SXT41YdIueBdmXhguWZk+um+pp578/b5PWT5dLTQhidNDxN+TI6/XnMuT15BUpiIlojavj5uj6HjDi0Rga2E+p5PVE3N6Q4ObREAjv5sybef1eTBQVA5qq2ddQWHp7628nIjcj51u9vJYWZcqLJ9HN9gDPfnbHJ6xpY9TgFB6iSGPC346vVVMly+nIBEmEmqZ6Wnnw4rp8yot4IgjIOg0/P94MY6YlEQJMTbebKW3BogkCqHprTLk9HWXdtQ38jHzdEIgibQZ2IxmCWsq7h8ujnp8nrJs9okGoCnFpsLbkzt/fi2D+f9ADlOry5x34K7688+4xs8MnxWf14kixWJvrI+d9EJhtNqNlIgb4rj7+XMYRdjsXUrZ9NJHTq5fV5FE7VFgCwauK0mHKyHf28ermn5fVdZ7oQnKODuWxNeXLL3eK9yNrWON43g6Bd3lV5c+j8RrOZDozL0vN6M58vqRYcipkIiVbbz9NbeXKIDZiQPFvn1n6dyh0+TGo1TZg9kNjjASCzXR6Bp59XPvyerNsuociYicycI0NMOfJ6HgpwUQSBIF6DlVhYaPztTydnoXYWvL+lHXYNNOQLMJfOP6Pz3YLPNMEYsiwOwYSj0tFb+YNBg5tyyYohGaNjGR2u1PTj1+b0LCx7RxQ6BM0+Htx5cu3xkgZBFBJAvRMqLHDR+fueXXTmfa5++8Xk9RoMHX05qWb0+bE+vP3S57dAzBJMUA4ZbR28srlNGHymksrSYIuG9gy+o6Nbw5iNLl3k9Zh57wZw9a86+V6Xg1XWbsDxCKCSB/Rc6sQwuPJ3OG3RDIE4O4OgTA50d02NkSIuCdiYOHW0ejVsqRFWfwNwzaJIIsG9hS+v2p6Cc4nin6eS7PPqiDDcAejivZmuNZY28QThFgeQWfQsqk+VLhrWUt4ZgUgTgnBMDW0d9Xyo8E3cGQOwcStorepyx186XmdqD6SyBohr5KOi3Z3LzwwLq45RorAzqRxTzExvnSYGYEgdBo9/lQwZ9djntObPWmaQEgDkBRCcAlaDohw4zQxGQYbSFzStVPRkyBza5i1mvavYCMyLNfHksdOWN50rB6+UbIqjhzuWpY2bIGaSBRB2Q7s3OyxqgTP09Ott5jDuYXQrIL6CuQNLkA1LIa1eWyCgUNcbUbYcGmcf2KenXhhzLWeOkaKMkbLlNGp3SriaDXQV9JLHfPKFhZtK1cyoY8rOkzHiDoE4dZu43WJPUXF144gpRkFmIV5hNgkICnDoB5tiMriA8GKQVk1/8QALhAAAgICAQMEAgICAwADAQAAAQIAAwQREgUQEyAhIjEUMiNBMDMGJDQVJUJQ/9oACAEBAAEFAsTqBRb8RXGteii56Hdqs9LEKN6MLM+OSi12ejFvNNvUbK7k9OFnV/iN9+jpNoqyus3rdZ6bMhKenenpAWs52Qci/wBGFjnJuz8xcaonZ7qC7U11dOTLynyH73A8R9wdw7Su65IvmusuoyKZ85858585j0W5FmVh5GM3F5xacWnFpjYzXvl4dmM/CcJwnCYmL57MzCbFt4ThOE4TDxRkXZ+CcSzhOE4TjMHEOVf1HAbEbiZxM4maaYmNZk3Z2FZiNpppppp85j0XZFmVRkYzfOfyTbzk8qW+1lyMnGjWux8hnknlnkmNmeA25XlbyrPIs5rOYEsas0r2HdLIrQGYnU/hl9O+HcHRw8+vJr6hgvit3DFTj3V5+PkUtRZ3rco9uuoYR9GNZ4rutV+XD9HRD/3/APkX7ej/AI9XuzrFvkzfR0msY2Jl3m+/uil2+HTMSxy7d8PGfKtyLaOn47NyPbQmH09rhnDEBYARewhhmoCViWbgMxMu3GbWN1MZGPZjuhUPlGgtMDqPEdQ6fwXujlGQ19Sxra2qetuL5Fi2vOmZPgv6xj8LfRgEZXS29jMnIrtrnRz/APYf8i+/R0gCjptjc3jPR+NOn0fk5PW8nXpw6VwMfJva+yXV1JTMHDfKfJza8StmLHsis7V4dWGmbnvkGPFg+oYZqEdlciK+4p96M4PXl4or9HT898U59eO4702tU+XdVlVeirKS3EPo6RljHbNZWye+BYKsvrWSl7ejKykTpno6damJi2OXfv02tFOfltk2d8HG87ZmeBXvvh4lmU7ZGP01LrnufswJCz+hDDOE0GMx8Xy4349gYiymynEOsnCaotXqH2//AI5b27FobBBe/Dfo/Mt8PdSOWVn7x07CGGEbmMOc3K3bx/lc6bNfmcVtpzl/Dqe2tw3GH2/wtaizzpPMk8yTzLPMs8yzzpPOs86zzpPyEn5CT8hJ+Qs/IWfkLPOs86xHDj/FRi7xszA8tOpxLTxWVWbE5CchOQi02NTubj0WJXHiQwQwxm5DH+ayj6XbJX73Y7fw9aOun7gacpuY9Iuh9VqbDqUIPp+j6V+vQ31SNV+rGWp2fQaYeOcm/Mdhdg0W3UP0+uzMxacNJbVVlJn9GuoNODk3KwKNObce1uTdam4DspP6jQxzuU/JJR7qo/iq+qMjVfWbeeDsrAf8dtewwKEHvW/B7W8j1vxHdrOSVni17myzv9t6Nw2KICD6OmmvEx+qNXlTpmlwrKaVzrKgV6dZYTx5QTrXTReXUo3hq/D7E9h9rB9D6MaWxK2sEq/VTqio/BH2nUDqjc4TkRAe9bcHtbm/ptr5AgowPeoVk/24r4dqxWV1L1qX0UDd3c26JcbZgSrhZXbvv0/Kpsrv97KbK8UCzEu6hQljtUAofIHJd6sAYZOJRbdb0qgDLwzSkPdIPoQxpbsWVDlLeHOojjzC1Veyo/tnv/CGlmQ1sX5ThA+oD3o8fJh7+i6sMPdG7lF8NQDMeyDbE6NgVV2O25i97W0uPTZe1fRNj/4nGAyukpx90YH27YfUFUZv/az8Hp1dDZOXVj1rn5PUXwsNcat2CgAtMivjHrFi2mhS44tAJx9lg+hGhly+NuBYeMNGBUv94/7hvbM96l9ozCA6BvJr57n1BbA4lPzayh1lq1ivuzASziYGEXRnETiJxE4iaE4iX2AQnZ1FeJYDE9h2s29uHUtVaxvpnWdYxuL0H4bhnEz/AI3bTXMnORrMTGTJnskszErNVTEltC4+SE6UWVXYzfJ+MCgR/wBVn9CHtdtXVSydrP2o3yFgmQf49z+uPxbc5alTLyv4kz/joB6n1dhiI9ytNy0eNHyIS7MKryDzWBtzzNPM0R2Yi1iTYwNlzcN7lK8otDkX4pWGtxMV+adq/wD202OZS7gX8THvpFuRSLsb8NlxyewRihM6JWvka9KUa/IzWwserEF2UlYWq62X3V0VW5wdsjLbI9D/AKrP6EPa06dCNdrP2xv2ly/HRE//ADRrTDZdNStfm+gs6E4TqX/I3L1B5uZVnzRWadNxq1rWtZlYNd7dRwDjT6gPY6I3sXH2rXlMHDa0Jiq164iqmbjIleOONvbFXeXWHWxRYlf3OIlvsr6/+Pg48Y4WU5LJVg3LZa+VVUusjJapKsSZfW6Vmb1C3KbG5LK6hi1GbheNbuCf0I0ZwDcdWJx0wI7Wftj/AHuNLpxnyADxiRGalg31OmnWV1h5deu/ydE/OzBp5NWvBd2xW5TOCmtgBFr9vHOE8cuqYiis+bHpVKbPk9jcasha/Nx439qbAq455LkDih8rBCdXTIuFSjkk17FuXYdsXLoors66BXk51uQ8pQ2NXWmMM641w2w2GEmD7EH0sb6t/e63mdbOSR46l2Lf3x/uGW/tC4ENgnk5TbBCe2H/ALeqN8GMUCYXTmup6eClqH42LdtD8Mg1sMgAWVDkXDVnlFsnTrVryuq0/wA2IeakQcTEAKZA1kdh7L06z4W2hV89hFTMRYZYORyuX46ag93FDtBi6BADWwwjcWvZxg6qOOOrnm2pqaEIEEX6WGW/vKxtnx7Wr8boD+1J03MQzXK3KRq6pwacTMbbNgVq+c1SOMfYs6mWKTU6FbyxFGrqpdpYrCKFsnVV8d9J+R94ycYGWVqrCrL8tGJ7KbAFdqwKLhxtblZEGyx2cO412rYHRQI7aDPuNM5vYUqSiagaPZyKxvoyustKwyBrLxHexu2LiXZL5mDfh9jBF+ljS39+ZnkMFsW8ifls0o7W/BRaQ+Tk+WjCrDSvgZkhdJUfycBdZ4XVVP72fJWXT1LK7LMCym7yvT9XfEPYSuG3x6q/LKxdc/FsKhdrKPk2KVoxAfJiXDR1YllGh+tUuqNUrUtSxIFo8WTRkcYmRsG8FgdLyLTwfOingLBGHEe5Jglde4vER76RHyCYP3PETE6xk465XVcnKBHxKgCD6WNLf29A+1tKyrIJaxgq8q2iohNCiqxgiovFmzm4NTlWVXU5fmlZ954ed2PjcZ1QfHD/ANNVkVw0tTcsuGOt7c7VnRSPyHyOb3I4rUW2VpRwllAcUm+uXZtgFaPZY6vW5Ymb/jsPueVlp6fqjFpVpSqotmntrcOx+pb7MQCl4EsSKg7OWMcFew7DsT/FyJM/pY0PoHvOBlSTYNeT/q1NSu3mW2VXmHz25NEOmS7UVjbGurotRuUy7DZbhp/E6EQky3IdBfebGP3XqYVgqsxMS7NsFOJSMm4WDlqYxPj/AFL+9iEm12l+PdXP6s++n1BFfZJHum2qy7eAxEZO+SsX61zq37dnu4jkWcMVZn5y9VWgRVLHjpeA7f0I3bx7hnA8U/ZYdo/MzJRxR2qVtqXWXWWEf/p6SD42C41Hll2QK4Fe18bGuSpgVbAzfCVZXRxOo/pv25TG/fEwgY12q4ZZoCixXDKY9UDayGfy2KxWX4qtLJSu8NM9hOnZC2W9TzBRj42OVY/7aauSmOOS64s/wNke0JBaXhPsuuXTMfGyLM9cSi9LqTQZ0zL/AA8pR5ntow8e2D6EbtUQ4yE229TDoORlBa8W7qNerh94+aKKmVSzewx7uETTLZXLWBcGWWnhTyGHR05mlVK1CZWMLhYjVtjZNmORdbOps22xmtpatknScfz5LuXbu31wEobg2a/8SiCcDqdRGrqdWdN4CAws1VlbB5W4TIDbH9S5dhl2lh0fFAeLIpecuLH5TG+D25SFDP6q5iUMUUQfSwwzFsKu7QrMdjTmZILS6yxgB8nflb21KjwOVZzOu2Litk3LUlad9S2pbBXi11GvIsrmYpyZh1tUtirYlFP4uHv0Hu78gPuc9Xt7TqQ3j15DrjbjKVjjli9NbeMfaV3c3/r+7Jz4zO48UPLEMq48bwN1jcqRi7uRNl2wKPyL7MLHDXdMqXHxcF8ga4xIe1Oudn673V01Q9teStOTdXLamRZ/fprQu9CCqvc3N9vqOe5gmvbM/wBsEBrCE7h9WxGMyU8lBX+Gqk+Sz9W9k6W/G9f1wQpjgxo308uJutoxPHhCAzxO0CsjWtoN7THBNyYrrjWUOs6dtqsbINcux/GMXVlFylHTQmxOc2FTGyHqZmJerMsrFuT5KzFMHpwPkO4M32K/LiQO4bS5R3fKj7b7nt79t9nOg68cN+KjHYNLF+Vkqbg6Ha1txGvNiNP6zrOCY1Q8Y+slfHk/3RuW/wAkyECsZS/A05Y8XkUzyKJ/XT7DxFNQPUqvInLUE1HHz+h7Sn5WP9mLAe57YyeOjvv2lL+O2zKWH39OzD+1cPc/fcQ/TftkjeDkamHqWvprtNNe3T7OWNx5KqrXjkbG9S1jkX5FfjwsSznR1erV2pi62Pitibb+1+yRpG+drJ4k+qn4Gm6DVi/h8Xm4xBnKKZjHRf8Af8Z4UKGCMdANuYXC5p/Z7juezfQ9hDH+6D8T3b9tzfZfqE/LOPHHvbk+MdSo8w44uu99NGjVx4vY9kb+OjqNvFOmVfLMG8bptnv1JeWPMccrLl4kv8KB8MYDVgVYijyOdROysRKskxKK7B6R7TCTneVl/vZBLfr6nSqeFJh7/wBibnKb7kmCPyU2tKP0h7N96muy9qV52dQcG1/sAqazxLj+X6PTSNL+9VlzVLiHj1mgJmUKK6rRuvFPDIy15UzCOrcgblwYjRWqlNJaJUvtZFHw7KeLU3+3pCkzpgj/AE/+ybgXySrjdYtA1YjIT2J1FhM3NQehpjsTdl1BhjAL2PY/t2JifUXjiYl526Ddl6cwJUOcf967PDOnW05F9VjcBS2s6uoz6Mv+Fm+SXrwtw/8Ad9h13Am0VZlaAxl/hZW2qOZ4rOPFog+fDtxhGoIErrK5eN48UKsvbSlvlzE5Tc6a1Yv9mCX2IOVFkelgG92gG5rXq47CuglvsmO3yHcj3+u6NsTqWV5iPaUf7ncBf3qp963+UJ96L/FkjOPDl5BqX1Kav66h7X4bcsXqNerMT9xyaAewiQqDAicGor1+Is/GIifkVw+YukDANNGVj5/jWGfiWTGqNczW+PcRNTDG3RG041GY1yvbdvubInsZr0OtRGv472ATFTUH12P3PuNK/ZYterW/ak/Mqa6sYzH1q7/bag2w4norzXibynfKzw//AJ6ks6a/xyq/JVhj+Udx2/o9veByJZ7hPqbg94o06+6KHgmY229PTl0EHtlnS2Nu1T33NQeh2KRs9YK7cqV/X9Dt/cJ9DLqH7xzqXvyiNxfkeQAEfZDz/juOLj+JUBwVFv1x1o5y7x8B9ZM4ePN7ia9T/qn12H2P9lR1XyMJ2clfS2OqzHUAV/WUNrj2cMhCCIJ7GfU33Ms+sgav6VnJVG1y7n77rP7ZtrN9hFs2QZ7rDt2/4zV48cmGZOkt5TJ/1Y/+/cyPQIR2Pob9U+u+0atSfF8uKv8AC8fx+nEO66/q6XofzU/XtsNNel5mj5ARP17CN+3c/ZmRoVmGCA7h9j5TAS8xvY9N4/itcEa/OpUPl+clo52UrTluBd+hYRCJ/XdvZV+j99q/35IKrLlET9LAuvQJgH+FPq6cR+Qp7CEQe3paZv6A6NX6Dufv021sUPuD9dt+0/uqoeK3Jux0FVmQqY9aTcY9lgjNodhKRuP7Qmb9pubmQT41+jgs5fprBXwbK6qKLHW2qypSwjliaMWtkuXx29xOmn+JPq6D3t/rsCR333aZn6D7X69X9p+rSr5LlUeFz6QYt9ihN32fXcwDcWvs8H1BOl8XmX7Xbjdte1x4rZZ/Gv12zvedPbjjZ926uPtWm5i1tcc7Fsxn9HTG9q5dFB8itNQDcI1DYJ7n0GZv1jLzuHbXYCaM1PYSp1L2Mta1qFW2tbFyaGof0f3MBNIfQpMJMZ9QBnmpqASltSxvfffL34+ZYPWQi/rGYCZlnNUsKKx5EHgPyrPBRkJgV9TzfzfT05tW0mXCe3MssFgE8s+TQIBC3b6EMzIh0acwRCrTUs9h57AfybYci0wsWiMUa21rWxm50S2pbUy8V8dvRSvN10A3o3qKrPFQJ2Fi+bU1NQrNd3QullfGXsfGv6s8tJhETiRZ/s9zPomZOF4cb0Y7cbqDLPp1/l5GbE5rPJC0AJmgk+++YPYdhEybUn5TWJ6sAaw+3EOOoY649pPZFZjj4/CobUk9wCYFAnPcCz6GMy3+gw+lvddahEKkzx6j1z6nKfZ6VQlub17IXuv7ZCeK0H3xj8T9XfG0Hc1CJw3OKrC8+++plAeMejevXjD/AK3frQ+OpSQrU+PhGUGFWE2wnJp/I0WqAR3WsZeV5Z05+GR6j232cqbNTQningWZ1Yrs9SHT9V/9Ewn3QD7ZYiwGcjNz2ntPabWchCZltyUf48b/AM0326w/w7VXPUU6gIMykz8imeeiHLoEOdSI3UBHzbWjMWMx/wDf99yBNd/69u2Z/wCnjucZxirOr1/xeoex6trlOmf6Ulo9rC1FiZKQcWhWamhNCewj3ARn3MiD/HjD/rnv1dv+x/k3Mf8A3kTev8OeNZS+Dt/Q+uopyxPXnHeJMH/Qh97JkcuO9wBtq1gHncT8ltHKaNaXnGKvEZB23qPopqNkX2E126md5f8Alxf99rB+1bsqeozqP/qdi9lNSCq9FR4w2jDXbXpyv/LMG0cFePZ7ZjFFUfALNzRjewJ3PeLy20uPzH+LFZ2L+03PKYCdZ1P8/iSeJJ4kniSJjCxloVm8C8VxdwY+yaAJ+LGoCkY2xXiOtnhcwIxgBYtVYIiu8NVuglhmmmmnjsmVWpu6fji40aavgHjovlvtAD0AQqHtyAox6a9Jd/Ja3sR95WRXdjzHbjZWByt+Notr8tgeiwtufOeQiP7wTUTcZdTRdmTiP8PSV3kE7RzzY/eF/tcPo4y8moQC+uqquytbcvE8bIjVtltyOFSWOJc4F+U+6xtn6iS2Xhe1FISvL3yiW8VJ/l4KJjkKLMlGCO8r5NLD8bAWOepN9bETDu/6wb2NpM5HjexMYnf3AWglg08WneLOn1eTI6si4deVdsqvOU3/AJFBqKuagJ8Qtpie5WKIyL+OtPjsyv8AV/h6UONRO5xPkHbKJNqXMo5Hc5NEybkDX2seR4+Ro1rs3lfh5rIzFol1iSm6w3G1zC7RXZT57Z78Z5HK+RiebcfK4lh8h//EAC4RAAEDAwMCBgICAwEBAAAAAAEAAhEDBBASITEgQQUTIjAyUTNAI0IUYXEVkf/aAAgBAwEBPwHnIPbLTGQjk57ZGRkI546B7MZ7fqjA6hlv1lv175ycDIwDgZ5y77wEcD2TgYIhDPHUDjnARwD2yd8DPbJwOkBHA+/YH7ZM4BjqCn9U7CUDKj2xyo3/AFapIGyYCFHpWk+0P1qiCpOj0qU4eyEf1agQTWwFEIiR7IR/SFNObGORCp0zqkrjL/YCPsHrGKYXCfuMg90z7OansDqGCo6ghhvCiUOERGGc4jDaZf8A89gdBwOMgQE9uSmtkoAJ4HbDOEMPw0wjuj9KFbtgBO56xh5goOnI4UpvKcYUzmFTEJoRw3hTio0xOaTHO4RGkqk3WYCuH6GbewMVOUGqY5wOMBsbohELvgHdDjD8M4TWyoTWD/HgqOyp2dR3OyawMYQnhWtI8heIegBnsDFQ+qMHhNO67YHAU74dyim8oGQgqmGcrhWdIVHbqs2Y2VC3DTqT3QF2TWazCmowQxV3ue86uqMDDmS6UwbKtsFTO6HGG/WOyPyUINTBsmuhVMBHcSvDzDioTKehmlVgdgu6os0iSrm6DRFNf99mUEwbKrBag0Sgg1D5IhN3TucUmlzoCuaflELZVqMUxUwE+joZIVkPWSmP1iRgo0xKqTEBV9nafZCdhpkJ/GKbdTtKqkaiAmHdBP2GbGyfq8168QdsAgqB/iT5Dt1ZUhUqbq4/GUyp5dN0clWrSymAUOVG8IqtWFEf7RcXGSh7DU6SMMmE47qEyKFPX3KoWz6/qXwKaVUO6CsLXV/I7F7S1iR2QKpUohyvrbWNbeVaclMvPOaabuVZUtTp7J1XSmqptuq1UM3KqVDUMlbd0074PRyUU+gKQH+0DppkHFM9lU2UoWzq+kdkymGCAvELfS7zAmuhMZ5xMIMOrSqbdLYCCc2Sq9D+ZpCJ0iUysysPSqLdNVzVwvD3bkKoP5SQN01OGyvTqdCAnbFGu2m2C2cGY6Ao3RBrMa76V0IwDBlPOoyqNPzHhqY3SIw5gcIK/wAWlo0Rsv8AFDKgcxVaIdVa5DB5T2yQU4SCrR4JgK6eadV0YsnRUT6YJ1DlMR4Vy6axTeUecnpJVlUGos+1fMLHAdHhtPfXl2wwQmuDqgwxjplxR5zb25p1HOV/+ScW5ioFUJDJCtXSE7hUx5j3P6uQjxPRrVRznH1Ho8PbFPBT4KY7UNsMaBcTk9F86asYaYMo+pkKydsW/Su36KRKtmQ1O2OCIQ4wzlEbQp9ig3SwDNW3NR8zsogQMaP5NWTk8q6M1TmkZpLw4mCSvEnbBg7o+ipp/wBKu2HnBQTSghum2jSJJ6AJzRbLwE0QMxg8rup3wcuVwZqHNvJoiFpAAY1VP5boD6VwYrtV180T6oR6GuhQOhnGbFmqr0Th5RqBhgoVAakYOah07lV3636jmyP8YTqlOh8d3KyaTUc9yvdqjSrseuUfydI5U9A+ObB+iXwmkOEhFdslXQ7qh+UHBxyV4g+G6R3Tuc21csGkcouZS55KtQdEkQvERwVdiWgqps5AIo4Z8gvIB36P658N0+XHdOpOpnXS/wDiFUVBt03NXfSFRPrGCipV+Jgo5aYMq3pNaNfcp9U03tPZeIj0KsNVEFObqchsMwmfIIcZ81qmWZpuLTsqF2H+l/KIGvE4KuHS9WzdT5wcd1f9keei0M0gq0S0FXomkVS9dGEBHS3kJvGRG6/oMs5QVs6egq89LpVlBE4Ob/4dLbxzGaGq1JqVgSq4mmQrLdkKqIeR0t5TeMyo9AzTTeVZOnZDo8QHpXhnzODm/Po6vD9qqrfEqx4KuhFTpCadssoB25KPGaabyrEeo45wVe/BeGcnBwFfn0dVjSdr1Kog0N4V63g9TeMse9uy7Zp8oK2EDJKKu/xleHfI4OOyv/j02lEVXbqmwUxAT8Xx4HS0bpvC0qMAZp8oK3+PTd/jK8NG5w7N4Jpyj0eHthpdgoq94HQG6tgoLdihxjvgZZyhyqGzRgmM3n4yvDW+knBC0oua2AVeVP6Jw6LZummMkwrwbA9FP5J25lN4628oKj8FqUdyiUSrz8as7nyXQ7hNhwkK/rupuAYUb2se61mdS1l7i44OKbdTgEBGY7lXvx6GGHLkIcdYxQ2YtSLpQ+8Xf48Uq76J9JVeuaztRy3DsWNGTqKb9Yj7XKvnbBvSE07ewFbH0KFCJnFcegz1Nw7hU3aXSUzTHp4Th3C1OUE8pxDRJVer5r9XUxzY5yegpvCtdxCbqGy/6tlqCvn6WR1Nw7jFremj6XcJt5Rd3Ru6I/sn+I0x8d1WuX1ufaPQUzhayz1tVC5ZWH+0QoCq1RSEqrWNZ09TcO94YPQU3hHhTCp39VneV/6b/pVazqplyHPU3Dv0HdLDsqnCOBgdQVtQ8z1FVBBgfoHpYiftEb5KHUFrNIMpj6TjJn9UGE4ynfeSm9QVe4Y8CBvHv//EACwRAAEDAwMEAQQCAwEAAAAAAAEAAhEDECESIDEEIjJBMBNCUWEUIwUzQHH/2gAIAQIBAT8B8HT6u8QdQvUbqCHFnCRCpiBF6bS0m+dd6k4vU4TRAs4wJVP83Z3HVY2N5HF9WYvr7tNoWru0qFC1d2lQoWZvJlZWVOYWVlEzi0o5whixzte3UmP1WqD2Ex2oWrD7kDIm1XBDrv8AMG/3XHN25NimZzYmEz82eYCHGdjmzaoNJ1hAyJFvB36sVSx2WqCWqmZbap6NmiF912opxgJlnn0gICBlO7jpQsBrMo2N3t92HY6PVnt1BUyYzZze7ULsbpm1RupqbxbOq7LVMhC3LrPMBU2wM2cdR0hAQjsKiU8QVqQKn/libhumzmzsPCI05VSC2VEiUMbpUqVKlSpUqdzBJhPbpQ+E8I5TxDU04/5emALpKrODsKIU/C5VPFN+KLRNxuocpwjCeJ7kB8Eoqr4pvxj9rPpGwsLG1Ip0lEyVKOFG79Wq+Cbztn5Bwi9NdNgYMpzxpxYBHhM3kqr4Ic7IRMFA2G9/FnnEICUBpKKCEI/pcoppjeVU8LDY4ICE0TeLBBFO4tElAwnXNuF+1rA3kqp4IXaij5IhDhclDCNm8omAjKzGb+0djML9ouVQ5Q2QuUVV8LdLRbVYZVbp3Ujlf+WPmoRTWyi1cKQgQncpxRsFC9IG+oNUynGBKpjU7KjYEFKq+Fv8cO0qt1bR2xKNIVBqprhHzsUCpR4XKhHlEXCGVK1S/FjXaETJQVZ35XT5JdtC7SpPtPd2xbohHTudag6HhdRTEEr77+lCPCaUUebG4K6h5aMKicFPfIhNbYuhdpOVTaA3C1ZjYFqQenmQgqHUhlI0yETldINVUBdczSHJ3NivSKPClB6dygVKlH8Jq6oYQMLXqdKZZ5lU6RPkpK0qdxRGVlFU3FjpCqV3uB1e05al6QKcvS0yVIAlU3akMJrpcQoUJr5MKvwnt04TUFqwh+1T4m4G4oc2OChzZ/b3FUwYkp4iwzZqr1mhuhq6ce0VUHfas7S1UsuRbqeJVc6nShdrNSGEbTtlFYmzkFKd/a/R6Cq1m0sI9wRTQjwq9XT2ttQdHKhVKmCFQqwdJVRGh9M6guqqQIQZqs3KY2cJrIwqmvT2coB30+/lOEiEPxsGEEH6yolws4JqhfVFLUfac8uMldJWkaCi2U8/T5UiJTzJmwdCpVP6zK5RY5nkE49oNuqCy5gZ9tmlUsCUcZs9mr3b3sNvBxCpXaICqP0N1JzpzZri0yF/Ifq1SjW1MIcqVSGOCN2ugEIKuMAqk0OYJt1I7VTdiDwimqn4J3CFiuNhtXbjUqDtQnZ1jvtuzm7QQwyinOEQLhPra2Bq6fxQVYS0qmMwqvMJqedLQLhG3vc0AcbOqMvuzGU5pbzYmaKPGwIKgIbNnCUzD11LYcqLZeqxkocWCPNnIKN5VQy43p1gxsRlTNmu7NKPGwIKlhgQRThFRdVl2F0ozqXLZVMy0WCcnDKKKNY7JvUdDZRsbjhBHi8WameAQtUj6hBTcS5N7KMqnmmVQ8UG9koL3YohSdh5v1LoZcqLNTWE5RHbsCaJwmCBAQtXHeUGOqc4CrOGgBqoZaQqHih/pKEKc2J3e79QzV2yiC0wUNgVAqp4Hb0wzKaiLVmDyPC0VeoMT2p7Wt7W8LpfYVDkhUcsIRxhN5TTmxWvZ7v1U65QcH4evplhRuFRp4lVB2nZCoOjCaibOAcIKquPj6CpsDmkLpvJMMVE14pslO7jNgStSkbB07yi3S6LuEjKfRjLVJ07AqLYaqxhuwcKj7TblVvMqkDBKoeaqdtRPM/CZwnmXm7uLVRsC6cy2FXnbR8kF7sV/Ha52oquAynhUz3LqPJTIG43AwneZu9FVxmdvTLqjLBto87W8Lq800zldRymeO43qdSWYA2PRVc4FuL0OV1HG2j5bupeNMJqJlUjuN6opuE+9j0VUydtHyXUcbaHOwKtULQnOLuULUhuK1onEoFOMIWdwiqnO2j5LqNtM5QMjZ1BzGylYCxMJuUbekMI5Qs7hFPypQE3o+S6g5vKAJTB7VN3rZVMuuAqZzG0YwjYCwEXPFncrTaLUfJVqesYRxhdPTDhlfQYtIiE9oa2AphNMizjAnYSqXOyFObne/lQUGwjal5WdTa/lMZoEC9Xi1I5i1d+IuSuFRHv56nNpQEWp+W6rxZnKcJCdM5QKwphASmM0sjcQbShsbxaqPaMG8FdOyXTuq2Z5Wq0NeQjRePSFJ59JvTOPKZSDPiZxsbwitIdgqpSdTQKlMaXlNp/TbG6panz8oWmALM2NRXtBsp3S0yv4gHtU6YaMJ/G6panzvO4IjFmbAighZyCfuqcpxhM+GFChRZ1hsaIRs0yFkWCfud5KJkpvzGw3NCp8woXtBVNx5TQh83/xAA7EAABAwIEBAQFAwMDBAMBAAABAAIRAyEQEjFBICIyURMwYXEEI0JSgZGhsTNichTB0UBDU/BQguHx/9oACAEBAAY/AvDrjxKXqvE+EOZv28OZhX21gi12vD4VbT1XI4FvCHD8pr2uGccQZVcJiLoxwy4wIVPKQYHFlaRIbHEaz/widtuEN0buUKND/wDnCGtEkrxKsOrfwubTtwTtxdK5LflaZnlDxaeWe62Wy1XUsjXtzeqiqfYhdS611rrKy+LlPqsr3G+hG66iuorqK6isnilqylxI2K6iuorqK6ihT8QtlBviFwI1XUV1FdRXUV4fiFu8ps1S7MuorrK6yutCmx901rqodPZdS6l1LVZKcSsjyPwtlstloFFOnmPoi0At7qXNJK6CukrpK6SiQyXd1LicNVrhdxNTtsOK+Pg/GjxKXfsvG+Dd4lLtuOCRqv8AT/GxfRykc1I6O4JC8Gt1jdFj+AObqEMv9RunCx/YplUfTwt9iqPseGpU7CE/s23C6vU1d/Cc878Aa0SSo1ru1RcdTwZWfk9l4NIB1Q6qTjos74p0fuO/sstBmm8qw8qaTvcbFcvyfif5WWq2ChnEt3CB+Ga9vcOw8H4nnpG19l43w3NRP7cAc0wQsrrVmoseIcECQHDsVmZTFMdhgAekrxWdD/54ch1jKoOAaz4dlMjcYUlQ/PCah3lyLjvgGikfG+6cGs21Psh8PT0GvD/qK/8AVOg7Iudg1za2d51bGmH20xq5eB8IPcolxk4hrAS47BeL8aQ5+zFHSzt5d8LLwvjW+Iz7tws9J4fT/fgg81L7V43wz2idWcAcw3QeSG1RwmlXPC9rzDSqjqfSTPBTe4wAVS8MgwOEUabgTEW4X1D/AFHIudqeDx63S3QKT08EvOWkNSvA+F5aY7cEMs0auOyyfDjPW3es1QycbAmNeJrmOzE6t3VrYVqpMZNL7qILT6rLUF0PF5J0J0UH9sL/APw+vBqsofy9uHwmkNb6cAzXC8GhSbSpnX14qcOz8u1iFzN8SG+xGDmtdyu1CqNqMEkWPqoaZAUOEgheIxuenu0qRHl3K1WvHut1ut1ut1ut1ut1I8s/EPaSwFeL8HAbE5ZwhokqKjHNPqMdVqjVawmmPqxFRzHBh0JHkU5yvtqyxTreJDNrFuHe+2qcRcAXwaqvtwu+bTpx9518j0/6IcZ8er4bfaUcpkbHAU2/krwXzTptEZQU/LULGO5dEKf+pZm1LYus3w7ACLErJUbKLqXzGfus1Oi4hFrhBG2GXMcvbEMqVHOaNAT5DOl3LrT1TvrhvsRhFjfRVNJjfVUoy/og11k8Bc3m+nAHQ10bOFkXQ1s7NRsDPccDW5WjLuApgGDoVmLWt9GiBwAcWqtwAwXVahGmwOiNSl/23eGSqQ2Auv8AUgl9YD+kNfdOymJ+pqNMt6bSuZWXiU7VP5Ra4QQvFPxDfF/8ceWyWt06qW6JpxUhvsRhtroVVBjTQhUevfXTXZQU6DbsrqW2XNwB0B0bFF2VrfRvHfgPiOLfYTg3I5xdvIxdnc4O2AGuA8F7n95bHB7cXMVmpyD7qHWOLKdU+G9pEOB1WV+TwIk+qqfOa4agSmfEeI+m4bOFinudZk8oHbDIzmcrrmXzWz6gwnuFV7WjuhUY9tSkTGZvlNzNyW+lEwKoDb7FfKnL6qM366Ko3MQSNNQVSt+/rg7D5kE7GIw5VzW4PnZ4/tVuKDwZs7Z+3dQ5wb6nGC4N9Somyac4M7duBx4IpCUPFqT7Lo/dE0iQVleNOAM+J5gND2TG0vmUyLQs7+Z38LM9wARp/Bs8OnvUcoBc5xuXO3V8crtCh8Hcktv/ACiO3kt5XUre6JgOAGrF8t362UHVf8YuVwhAUprIbbeLq65Sr2wgaq7Sm5c+f6p04LlStFpdaLRaLRaLRQ3H0UGOBrAg1uEmwWqNQdJV8LYVRWeA7aV4Xw5D6hXjVM1Q93tgfgKAgzqqHRo1XiVzzbNGg4K1dzi17SWt/uRPkt66Yj6rqocmaG60zEY/8YXsjjZDZXQzdO8I5Jy7ThTkbH+E0xma60Hb2WmDXuLYPqrLuVZjlDgQUL4xLR7qJC1C1wtqsoC8OneBLnLRe2LF8toPuoqgT6Ln6QnUw05m62RHdeNsHQQrYF4HKNTh4tT2apcQAsvwjMlP/wArh/CJHNUPU92pV9ToFmrfLb9u6MoN5sm+XVNoUmZKDdGx+54DxC722+tPmnJLbGmeI5VfhKjCmfdUcvcq+EYB2W60TZFgs7Oj+ODkabaqwM74Qg+YbKlsZIt7qqN36oN0VRuLFlb0jdRUqeIZmYV1ph8Uzec2Bk32EYDK6e9l4e2o9ED8Ucw2BVyIXyR4bPucszpdU3e5EM5z6L7W9kS27zYLml1V2vpwRPFq7p/7ifNLMYsWHRc0/nD/AJ8hpc2N77oy0td6YsKp+66bK2AVl0CPdaEFFriLrKdsNFotEMjST6IMeC0+qA27JhdQBb3nRQ3ZFvg//eVU94xmOZrp/CBQtKBIYPRXwPJnkRCJixtcKZTRa3pwU/lfNG6ORpLlNR34wgIZhmqnpaspPzHXcf8Abym/Nz2+sI/LBt9BQGap7PC6Qdd1/wA8eiAk/lOH3YtQwuvFzR2Tg7UYNy1bbjuubqhDxmuObsjl6VC9MIM5e0oB+ht7KlVHtjcgdl3CqR3x8InLm1lqjsrqzP1XOIwHZQDy9lddMjsFYfquapH4WVt/VBHDdRQYKf8Ae7VOcOZ+7ii52p8uCcvqrVG1B2zLmpK8gI4wEThotCi0dpVEPaC0uuFnaMsk2GyF022Jpn6Sn4WuuYx+E8Ay1DL24SeyNKp1jQ98dk4DROPrh7XwjbhAlMDXi50BlQ2T/svTD0WY74+ihpb+is1v4XOcMtFhcUPHbE+vl2eVzZXe4RwkIOWWFmIkhRUDfZQMrVbsqP8Akh7uwhEK68RkEH6VmIAnthIErRsdpTyAj6IzGillwsoifUq4gpziRG0L8K+uHSCvCZGd+mDJIOZuayqutyxg2ARyiZMq7t11BQ2Xu7Bc9iEVmQ7kzh6p69sJV10SuUBqEutuU7KZ7LLTyR6tUPyfgKSrz5fKoepK1XUCEQNFMXTghlsm1Gnmb3UODW+gxcW6SpcrbJhHZXxei6dcKhqXimSJ7qXaqmXaOEtkrL9CGXZZm2cunOFl8F8qapLTtGyLan690JlfnARd2i53ZaiioOYKGNDfZOhOy7YDCf8A3RSNVO2Gq7q/EBtCufL5goDOCYhWwgY9Kyst3KDYtupGic0aaIAK2HUpNxgZMWReW5hBsoost32Cp+O7xnsZkgaINpsDKY0aEUJ1wkpy7qYD2/czTEVTdx09FcrM3Vqlo2Xhs/JXNbNeMApTh+VB6m46rl1Rk4AmJ9AnZQJwhtyr2suocTsxiMJx7KyktMHfEnZWw5lZSRZT9CyUQLKwLnFOGeJ2UHVZanR37KWkEHA8Hi/E2pnRu7kKdMBlMaNbiXFdjhdSzQHVZyANhCsiaNnfZ/xhTcHFsA6L5jJHohEtRYHA1XWgIOq9Xbsm9oRLjlG074Qub2U/g4a4myf/AKqs2kG9zEpo+GqeKyLqvnY7p5bb4CtkzwNFDnBjajp9lUZ4rq9uVzLCeJ2iBGDabd0BTaDlN3HUov2KHZPY5uadiicsKyh45VLbhXXJh4YPKdV8sS6FNYx6BQwRhLbPUPEFfLNuyivQezlzTqEyWOaDfmCa+lf0XO0j3WZ/9KnzO/4RJ4hcwo78Id9/8o5ftV1ZMqNQcNCE3pn+5TVqFs6cvBJ9isrlN4RVoXqpCzEA+hWUUmD2xkOTi8C4gcUbHAO1CY9i8QDkcstQDLtgTwSFDenE7MGpQa0QBww8SpAuuVxjsvmGTsnB3dQ8SEGfVUdmPtt5DfS2LAZh2yKB7OQawwJx/wASh3YVmGouE01pfMxdaQMe4VtXXVS1mEHAQSCrIiVGgRECyAAusj35GjUoNo1RG91mY/mjdOIIa0blQeASgUFJ+lVKVaSzso+g9JRNiPIDRug0cOpXvxR2AGN2S/3t5F9Rpg8JrRqEJQB2wLfuChU21NFXptdLG6Spxt+FUpuu5wxmPZXBCAV02EbS9xlXaVWRpvvSdqFmbeif2XgGJ2KLXahScNVBN9UfDi/dOcRcqNR2Ky5APXyJLbNsOOQCua3AU71AP7eYE53rCET7ooKE1w2KkKd8yFcHmB1xyjUrxXbOGFRvrgMo5vVZXXvqE70wnfZNDyBZWgqtMC2BBu3cLNT5Ss46hhfC/YKVKPktbvvxNdEwV8ikGeu6k68Ina3mBU+znk/tgSvRSFI0Tf7bIj+5VmsEM11lT+quuXewRaNgmnfRCoPq1wOY7IZHTuU44SFbA6Se3C4VPxjO+JKAC2UHXglAZBI14tOE8P58qF8ODpcolH2XNsiMKo2sVVBMHVpTZJMhOZ9R19Fl3cvEOg0VT2Tmflexw0lS1qJcnkhGQrIHujGNllb1KanO7ueP2Up3Cam7uLXijdeq6T5ltyoZ0bYXGFl+U7une/8AsmZG7fS1TVe1kndN8MlweE1oTh3CYfwiMQsoaoi/CDjI47BOODsYBE7DuqdJzcpm6AovY700UPaQfXzYebbLMQiBp5Awzuk1XaYAIRrhJ2X5TSBduvqqwJeLAiyyse6G2gBZiGt9XFMdnzvb6WxI7FA9wnN9eA4yjNwrXU5HQtCgCrGOH58k/a1Op/6Z7Ad21EcrswwngL6rr7SpaQVE5m/a64VwaTvS4Uth7e7bqPJkmAslC7kcxuneVl7CLYBSNkHbjVAKftwZUpugjVT8Ofk/upmcPFp6bjA+t0z9Fn2KJVuC4XStFZWc5cld4/KzVKhd74HlB98QptdatUEyo4bugLkc7+FrKvZZgSPZZnmXOx5uL5pHsvltDG90Tt3O6Lt3ccDF0mUcHbyiPRRumj91ZSFVpnTVSOlFZXCO+DHfhOZ+UWotO3lnhCEdkOWO6PG098cjTHfg5lbhJbEqC1zj/cjUd0N8txTkZUIL1XN1rvhW5oIjZQ6/uuQAKNyZR7J/6pvrbAnZw8s8IB1Q9sHoOHDLviKXs26ZGwwKqZ91I4LcTl4Vc8uxjROi4J28p8o4yuY3/lQVrZQ0XT3OEEuxI/ODvZM98Gu7Hyzw0yT80GPwmwCTCJLYR78bT6Yw3dQcex4xgB28o9yeK+GYppGhur291Bqtn0X9OI3xByjC/lnhCGcwvlmyM6IxPEz2xc70jy59VZCeA8TiBoZ47poOu6+VUyjsg/4io4laT/0JjCQQB6rleHHsnPeW2WZjJ9UXVGWKECFLtUHGSU5vY8Ixf5f583+06K/FDXW9UAZ4r8RDi0e6dBB9uDWFykEr34IcSGEXhflZe6KuslEXAlAVSC51+GMXwVDsbqyvwhNHDqtcLotaQVL8IeFDtNjxl3fhsrnDmsPJbCvqp2hDGFlwJ/CbRaGADeLlNfTq+JUqDmAHSqZIgtnhIxd3w1srYXUDD1xCkKKn6qQQcepa/sutcxJQc3UKXlUz6YZXiQr3ZseEDZQ3Ti9F64eGbHUeRYTBU5VA0Qw1w5oRyhbIyVYlCrmnuI4W4kjVaBXbhYYdl6qeKys6fdOkDjp+2Ja6I9UMps7GGiSr9XDZc5XLhJTnR9XlEKMNFfhZ4jmhrb66ofDUjpd2ITmnAY3w0xsr8BnzKf8AiOCl+cBnEtU0gIOF1yu/VdLV/TXZXvhLzCyssz+UBs63luuJBV+ARoRxgoEfbgzCeykXC3bjqtVqtQrLsj28yl/iOCmz1nHlP4XOz9F1R+F/Uav6jV1/svqP4XKw/lWhqlxnCn/kPLqe/Cx/Y+RSeNHNw/OPL0nZXOUqxHBpjeyHmU4+0cDW9h5zP8hhfyXomoQ07Angqel/I+E75cGYuLdloFovqw0C0C1P4w5ivTyyY5RqVA4HedT/AMghDQ222Dg3R2vkORd9RMqXkkxeEAPfAjv5Hw3scMp2xAYTLijmCt+y3VlchWwv5ooNPI9wkIFaqdB64E1GG/ddK6V0rRQynmPog0MkrNktojFM2uo8MyhLNbhH5ZsocyCpFMwmHwnAzaQrMd+isFAElSWOHrC5Wl3sFem/9EOU30R9EPVdLkcwuiXZuw7Idr/smujW5umhv5Rg/kIkTLu91zasbP5UDIX9R9Uxtp3RIFsWNDSHDAToolQg15y5tHdinNqa/wAqxH4W67orRWwJwnys32jAN21KnfQId4OX32VUfFNfkJblB1JnZVHCiHfLzMbcb7hOe2jmq5Wk0r8s/wDv7qq4UwXZmiCemWyQnjwBJDchynLovD/pm8ltS5hcrB4mR0EOmTCDB4WaTzw25VGx0m2ZfEZm8/hW/wB0XElrAABmm6LZADhm7d//AMTySqVm9Ume0hfDOyhuc5hvIXitzRSPZfD5BqYJ/KzE2bJ6syLQAC+w19CqjnAkAaIgU3X/ALv/AMTL3aJVUSR6hM1iwAKgaFupH/vZF3dWJVIdgt1yyMLuKuSro3N9cDg6r2dGAnQXVKmBNQ8znKN0bptGs3mp6P3hROi5ySrN4Xl0x6IjWE3yifuwLhGNyqm+cRJUyZw1KAZUcAgXPJOiyzy6pt+nROcXXcIKDMxygzC6zrK5iTsuVxFoTZeTzZr90DmMjRC+l0S0wSusoibYEZtdUTJmIWWTC6ipfcr/xAAoEAEAAgICAgIBBQEBAQEAAAABABEhMUFREGFxgZEgobHB8NHh8TD/2gAIAQEAAT8hzYGEySZf7fIlkiUk1L8GaTycMt7RN/7ZA4oeLly5beFlXyOmKBnkpuvFy5c0IaHqNh4K7IsuXLlyoMEzpKhKwcP6adEZbMlRXTL8X4Ny1dV0xZcvyBuipcbjjwvyRcGeolVYhRXCOitrLly48JVAcy8tH5+J7ihT1i5cuaXtuaomYfCz/wC/Gbs3qEQPYuWZN8XaXBW7j4J6glObherhcAPYGf4kO1+J7X48RQdzUH0gXpRadvO6F5HF5uXjwvtn+rP9Xxf9WOTjHccVpGk/xZ/my07zCDEbC9TEK1uq/QyJ7kpILNuiISDeGvG/yJ/kSun8Q7eec6ILHUvK5feLjl14NYPXdZRptvCPWDbfhLz/AMSZ/wDGDexyNRlvPjU9n7TNHqx2kvqbGPA0TY8mM4IBlbhhORsWLf8AqDsrNG/+kbJfhwRBpJUlaJz/AMZlF9A9Pi5cIqiZEinDq6PZCopNPZ3+hFKSyBrQv5ckFNO/Fy4onAzcG1/T/iMvwMo9oftP8z1F8XBlhGg/f/yYE8H9BMdQXmOYZj4ly5cbkqgIXrAcv6j83C5fimeDK6EbAXJ2/MZaLZiUdE9CVr6Bn/HM4S1LTczwE4QMEGIJtGHPUCLZgcHbDKV6eJSs4Hh+IwqTgauHoayL/Hj5tTL/AOJlrcoy/wDiMvw3LQZidqPT/wAlxg0kEtD6GYyJ6fFwc9PphEfbXHhfl092v+oFcCNMGk5j+C+fxV7LP2Z+2/rHf6Owk/X/AMj7Irlz25Tx/EuL2W2CuKLT+IvkicCvNwjlrepcGXpH80uYB2PR/wCyroT8vbHaJtZfjG1Q5Ie4AdHz3KJeAEWPHhohrx3iPBU9ah8pWFUnMzuOoCrR1nCPnb42uPiVGGVtJ8eRlDQQOJ6efX6LlIdChf2Zs+L8b+bz3EoGkr3+gDGUWVcrWnuv0EQRQ7ccxf0UHIYzHetLf0Me97mO0w0S5cuW+zf6yHgMWG7LlyiJ6EhqZym/2PiPmp4uP0jKhqcYaRYnHwAhPEKH/ZZfvRMymEjJGelSqbeQwuDqu27uYWp/9pKCD7yI61ArCvcp/wDxxMecTEx+myY/Rj9GJjxj9Fy4pS1dS4sA2k6CZ2ehllh4uVkB61Fly4RC25Bq4XXA5ftOEdE08+hur6iBcQaB2/3m71LvyjpYEeWs2O51iVOzqFblQbSQ6qOH69jEzC+Ll2oOGT/8NEE1fUF/8T/AnsfxPa/ie1/E+f8AEGOfxPl/E/yJ/oT/AAIkf8Q/+Cf5E/yJ6fwnphOMza9//lzmVNAAGvlncSFm/wC+Za87lwQugLuDbkXVUQ2z3+B6E34I4Er3Kdk2W/QGWdxYJwmhNPFykYDdDjT8QaSlt9buO5SlnoVRgQE9iOlPUzU+VQI0xIeDMnaFH0mCljXX6hTGOSfsMy7y+PwPl8cTT5IRxX/Xi5cuXLg9RGEzSl0boqyLMXhvoIfamEU9L3KDhull+LjDoGUwh5ZJlqJuJQHV9TvsfT6i0F51/MeE6lcS4BV8pj8eLnQJtCNNyhi1OENRRwqEotq05gsgVcj/AOvxgfKsOu5YuotY/SJSsRervl5hZb9yw2ycZjshJY2Qh/8AiDYx1KX9GXeGMX7gL6itbiig+pwjK2V4fDvi4EX5eZX7kosfmOkXhBCV75hg83EG5gEEEtXL8MUpVQbj/RmpFwtLv/sdNyrDzFZE0pa8YbgU7u+yXp72Pcv2+oAKBHwFe/7RqWEjDnAwVf5lxaiT5mian6A7RGW7D0OYhjGtP/s8LEXdhxruWgFja/DEpWhgGAKSyooH9kq4hF22himvZBYPj4SxsYJl3ioP1CuJUtOGWHkAOrDtfma9GAVBrQHx5YxJuT5N4my8RyuJ0r+fB4oPS/FxYSAXDC99y24PUyrr42mOELlxhYigqXQ/Cz38EmV/yJSip+HR7/5Mf8lUwVu5RC2Er5PtmoVCfVTj5ikQ2+I4XrjKTIAQxSvmeimgQJpLhxNI50jxNpim+XP3NLWwascTvNPmQ4QG1o3pBNCkMAU2LHOY/DiU548GfcNGhoAYfUwOLrcwy6epYowD5F3Bxjd/cC2VcX+lXiVBX4uVF5tNWnvqAiPOgmC5vwRgH4CNtNPmC1+wu4G5hXgftx5bFzLXfbggIVcgnPl9xWE9GyOWrUBCafF1qFtpJlExK6C33/UGDTkvXxiUQmSF1xvj3GyWtrVLUqmQcXDY1tjUrg2hlpiqp/vmK/tVEvw2yqaxysRRTKWK3g/EoshtarHUtAL6zTQMTrr+HmuKIOJK1oeYnQicp1BF8soKNk7/AFM4s07BDW8VtS+yKL6BPwiedOE1n8ROjUbUg6Q6H4nofieh+J6H4nqfieh+I5gxtqZbcLXjBEGv3RoKBO4s5krUJeq/fwFNTsZadjuIKvlmGLPg2PZL0HWSsQ9wuHB7WVt/bKAeyBSFENC9/qChP+J5YEmG7qZ1gCiorBf4zMrrLeJm+vAbfEYeI8RlEoCowfUrfoeocnhdToqEMS5Wqy9wrZSINtQTu3KDwDbr9iFA/lYEACTlgTG7duSrqRPE60nQYV0b9xWgwzAHxM0W4cS0inzCvZDtPxPt6YEwUZ2x4WVyQq7SwVlLD0mRhUD2sU2+pEuVRUwrvDwwri03NnHcfIn6RfaKlYMCb4uV3wMeoWhLPQzX8zg8F8uPoiVBHVf2csW9ky3fmxvpzLwO+JELdRlZkDpL+6er+KiyLmqLp6lSllHJf5JqEPKXjNZrFlSBGudfHqaeYU9Y5I7p37nUdvI+wqbPqYTMtL8IpwRjCGbAb5mI43CeeblmWRROK/hNoqSZqwfcLTmsE1BiOQLNsRsygbJcVyN4tremYJZEHJGV3AHhNpgdT7iVmnZ7SNaIFL48ykKraf6mHAvuNxAy/Fv4bJi2BF2+w0qKOsr4eY01OVUqY0KMd0/1LlzqH5EuEzrnRT1EdLtZypVZWskuYS64mYVOOvwR57mLfrqM2AivPwoKW/u+DsDv1RZlDcE1PkHUcHxqUhcxB9bDJ6gQlTw9qj2AfTxm8r+DMX9Q8O9eolMNSxYHN4iYqr5GHs2wpgRNwCnI1NBlxzGyfdn8SsVYFZLiiLi7qCwMe4mzlZRKr3KMFwIu380saLhge1NLuBJ7VcwKL8JXSzCmpFVDoXcDbbSCklYrBAcsm07+sFtCm7Y1jtcwu6EXLgeyjf8AB/qB2hL2WLNDBnZ/Mod8TMZYvfWPuUfYFpOh+OYxwa1in5iVzcUb43LWqGXnMPvfcEbYDw1LgwbnU8HazEVwL+EPjMfrEVtmqOONPF/BEVerOj1ALcVmusdTaDjqfcD+MjqbLu/ym+XNfBWJzNsdu8BYKtGQRKQqloXLTDeI6IKaZtZesR09wGbM0rde4IVYWDbGYhqCuM/piJjt2OJnhSFLqu5nHyPiWCWqm0LBfmUbeyKRzStDdiYOKw2rr/XBBZlo1GlXA0XLBKIen1B7jyt37rFdZ3WpeU5whlvR1Czqi/D6jDpZeE9mBqz9tfUyXn6lbbQMlSe0GwvhaE0tz6RcO5+SDtj3K/NPRK/PlbgNSp23/kfOEtleiV6nqJS0eRpDifwTPcowjtDCdzTL8M30lLdSuvqcw8Bq4LzEViLLcxUCcXLbjTvH/wAaBS5Zei4XxFmmJNG2xSu/mCgGPUEnC8pHcFD2BD6c/wDYNDupqQqckBbgNOWIcVdB4rCoTrTUAaYAvKeonu/iIfJ2illU9L3HRUyCP7z/ADifMRc9iKXGtoQWsUiK0F8EU9V31K1DaqFulGiEbAW5WI6BHOBrefzGNpWW8QG5jo79ssfRHXpMe5RXWZfMVziMAT3A2b7i8G+JUHd0aPzMNeOg/wAeBNPAsRUR/sgPMOYIHSQegiVVx2+Gobwg7IsHnqAAyRmaGxjzdGIeWOGyZPoxTzLauMseGrj3/ITAQl7nETmRqZ8MTDi6VyRk3BWkQiOhjOCOG7ks/wB4C8C6blM6RZUZ7Jt3DvP4l5AvRGPyKJCUuyOZ3GAwGEhyizqBi9xlJZk9JnmaLUfRhiSBN850Qgha8QMyKgZcx7UFUO5WfywR0OD28AnuXMKEoje/UqXaRbaJa3mKKr4ibrjCZ/3LttToAmDLYnRHqGzO6eiE8sdNy3ETWt8MxUpeeIzsniHgU1gXyrxgJrB9wQBTyTjDHrfkgD4C5TPdlIC3NRYQ4G0j7lqyHuWspZLLVbTTmBzItyz4WqYNXt4JwXCBdlSVlYMIq8wCZxCpaIZNt5e2msQ5B6/DUvjLb9y28qnB69TCjTnid2FnufhKcwbHwXM3ANWRHWOLnehx0QSxUUXwTpW3ImFlxFTlgAbYaWWW/wDJmzyF79ylK9KiAzBt6m5BUvuKQ26llPmWlu3+0HQUMp6g3Tabd7lVoEwKHuE0ml14UGrixHmLm8lRPsYQ8GkFsVNhL9SzqUWLgmoObMcS8W8QZjvHgZQB+aRU2TILg9QwyVnxTLqV8hilKfxEGeIyOIGdfCoyBVingCplID2PqIXWJ18AE3KWMXbBZBc+cajPbZen2zGvxHT/ADPvWOJQcMygSMyR+rjIC5MQOTLAQy7Os3w9QVV4g29SiAe2o3QrFR9JyS9Q/CBbc4uXqXdSinI+ZuVX2lJTiL4if0f5iPVc4ODc24mOf2QEqPZlqulrK+y5UGKcARKAiYSjSnBGjcpWBU3fEPKo7hkYay+YA5g2nEFZSseQKrNkvcsMpOUVTD4Nx3NYJzCKBxMqpm5giyNxDtEdlBt5WXZGiz4lBFwEMHNPzEAoNjKS9/JBzWZM3CbqBM28Sgr3LMXPqbuJj/wHuN0CyPvufzNZ6KfmABRdPfiLQ8nMbsZ8omglA/eINsOE4YIPu4P+cRZPWJvMg/Z1L04C3Ub9im+Ll7JDw+5nqeT/ADuX+cP4iHpGQ/ZNT5lypoj2+JYr6/8ANjFsxAs/SIvB1KMot5ddwlBBKP3Jz7+uwb9QGUtXoeCysgZ1ubukLq7uYsfUB/aEUPwXMvcVNQQueQhkKx0xIgeToJi6gG+yuo9xei5+UlS/WtX3CiA5o1CYUG6lcnEyWdkDaA5Z10FEtIdI2CVI6cPbKCr+RlXIjZMQg57iBkOWrbyMI8nAYImi6mC4yGJnlcb/AAaoVBg+Xr7TcW/tOZeYwDIV1Z/UfmHIsEo3jNBBaBG1j94yvjAv+39P3KbgYarJGi1bGOYxn937+SO6ySMS4MGkwbrez4jn08BZzMEWV/7wmauBjs7Nq3uFJqfyY2YvcIkhp8DGoNw5xDdRswLiow01FaR9E08GnjtMi+iYVrJKW2zcNi/RHLzlvpmNRC/1N/gnXay+JV+C509dwwZoX8sINS4Mj/wnUGEqVE8E5IzR9nMxfvGSEqnK6nvHFRcV+GGZsN6Y/wCvAc+R4uo1908pujeBMQ+p3Cf4R/4RDCq/ccMEobNEoC8/yysdH6YU4/3YlgGwMCOL2TJcup1YO4gmEYwClm3Af79owSn5Lhm7KCQGWVNreWYpRrEapA5dRw8rcLQlojsbPfiVIDZusScmpWfUEeeOSKTR8jiZXHHc6NmHd9TFe4y+HjuZoW10hD85TcI6A2MGmXah41C+oQNc9pw57e4+MsS5lOQ+I91aAC61BuPhtDP1FXX+2QdxwxZ3NPwidA6CaROseEhOIWCOx18TFZzKJa1UFtDZ8y0WobgeeyuK04ali6q+47u+IyTZtDOBiBFNnjjiLJGcnCxHb18IiQSuvjEHcKgMVGnZT+UOjnuOC5ZZVS4C73DS12TqAqH6mdLQR1DgQ2LqPM3wAW9kHCkqK3llGIYUYREyPAuiUIVrabhZFbaZRKxFRXuB4YvKpk34bWDKfMWXGY/C9UK3VBNSr4jgnqO2LGDLZeNwkDZ+wINqdyzPY1NvDnE2czMuBhCz3qXFjD7U/wDkWeGuGGIo4iNGqRI9BuJvVkMtCWQs+gwxfMrZCB7HTDVnUG3L3/w4Ra6fxeYrj1A6g1CV7g7WIgiF6PH6gAZ1GbyzJdYDiEqJcg+YHP2UGww+K9nUCk7SnH4hUeHPsnoGKyHrKBb/AOERgthFXBio9nF9TaWHH6PIi18S+sUv5S4xhAaMfmCnTdXcut27Zf06iUqq2sfFxcQs6FfisRUszTHLN/F5mKly5cWCZw8X3EFdLPqkZwoVEEM5zNUXost60CzuZ5r8J7JllFjC+a3FUVIvYzFzFRS/CMUXan1D1Mv5lkOGUTVsPkeG/CsIjaGDmKzcTKG6AZiMrMK+Iy+pwoS4l/IkDDsqdQX9ouYKcewI4PuGWMzRmqjvNrFdW+5gPB+8Uz8oZY1CzXOly+4xjaYiz5vlgTUUJwt1DiixZ/eYOXeAy48pSUlzRHUuQ+GacAu7yf8AZ7gYzqxb7x1jUYx+zuVDvR+85rb0UCYjmifFd9V4JQn3fEtXSfKfkOZt8Jcdgyo4GPki1gxxEoC4bYhja5zMJj6lxVQzLA0mk4mRVRtfLXRM9OVZUrxUqJ0ZULnaUPpHeDTCYTKsKZtHYywDp+PB5jOZVtuuJhy/MPaI7mcI5mMGoDgXLEWSnGJUY3GVr7/QFuU8linnwle1BGOAKZQ3BIqvuVjmuZmdswG03FhvhZ6zFZcYfkRgrML/ALZyTTK2VQspSszhAM/M9np+0dDS2+4x2zMrqb/kqLeOOZrg7iEVG+3LIDaskVLKO4w1DUUNk7M4P0gWifEos3dR1Cuzt8YR0hczl1GBcNXuLOwUXv8AhnoWQhjKivEVGdxTmXef0Go7hsqXRvDWUhyGxryywcRZ8WtXhYjqGruPAIGBHU5Dv+Z8nRRnaYtaRh716MFC7tklkCqcJVWjNsLf8kQnURlh7lXyhvM3d2PZOCXB2Uge/JS2jCOh8MaohErqF6UPkmvwws9ZtgUAjviHAKcAwCz2KmL+qWzA7ZQO5TvwBbiEvkKvyyvOZ6/3JuEtilMvWPbtBpRmOTEA+E+x5uDTB2Nyj/RIP2Lfw9kSF2f93UdIcbYEDC6Y+Qj4op9EABpKay/cGEPSXn1UWJzOJY8srtLviEK87rxQJxSIGRa13Dfqilrge0IvaazLJvTlllORvcyyrbk6iC5fL/OO5Ptbjhq6zUL3nJ4iwdTUEvvIfslcOl+Yw6hH0zuGAW2ChJQmnmYtEagZ8M6zOJvuD9i4Ptt7TSLtBvTUzxLJuO5vjk3DqIKmV3ZK0PCTJM3MDuq7mCyUMWOUTl9+4n9yCKA5isqylYMDS6Zq5Hcw4mHllxRx2hQdrUHK/wCyohTujg3OJbSX3M/CPDq5YKPzBmtAzP3cQXThlyJoqBb5tYmDyH4lPm29IS4c8TNeHdRHgKEtYZufUowXnFSxWC36Hv3LHCXnS2hZGmkDmuPmK4ilp5VBGD28K1UukI4+yKxjwX42VTKhH3L8pCkODbuM32TA/oF43GK93YBOpjkwGa6lrZHslX6gzGZ3K7ctz4YykS9iFUPfQ/EP+FQfKGPBcXpMTgI6ogYgwUfPPBFae4bXKWukuBASljxrU6YItL6S91xKDbfkMwoRLu0HQTiiVlGYocZaeyEN1LQ5Jqmc/cPHMrGjKxElSvA/B+i1xtAls3Ho9JmjIHmBTM6f0mil9i/iCehB4aVCFtaBNCQxj8RN4n0PUq+XgPheJ/YzKyrfnE5liKOjmMITZG4FRZhvrwDLhWIObwRVRYaTR4hoUSB4ThZYXVh5EeqiYdano/z4yU9QUdzg/cRUeEpbQpr08MPsPiGIeCeYSvFQ/gjr9HqRAN+0J0aENxgvMrXaiGfj78m58BPAsMVzEMP8CZMMFMkN6CzmzxcuLNZmfURSpj0ENzibTd4WbYo7xhb/AApgkuVMd5YeGR9y9h4WKvD3MviwR4bR+7MyicD90xIFWK9xKFHAbuUSmgAAnU0ljrBpS4Z5h8yvmEglT8yiHgn80xXnL5YlX9szEO0zcuhii9wAixq/0X4XeBaMyPYR+ZbsojNobLcsRZcuXNICvSv7RLGj3Lly3wuG5nm8MIZFZeEjNP3RDPu8LnEyoxq/cVyt9Q2IWf8AmERQ6lRF1O5mSzt8ME7imtyxYXC5aKZmxiJz4Lh8vHCt9xzb/s1wgR+qoTQVsG9wRWjymQf5tHMQo0ZlCssS2XF0v6UjSW+O5QPUxKCjD5m9TYalxxvwvwsR4EGwQ0fB4S1+ZXhYz3vMGbJSnriJT/vxKnBi+OIG73OzMzs9IQ+lct8cy6Uaiy446qUEYCiC96JomPuYTWxIqAgdxtmUdELJSim0+sQTLzpNMvGprqMp9ygalVaFqoD90MgFqABqkSCfqoBIr1ff6CZ/Ris3DuItBsnA108Pj2oGyEwYOSLgxZrF+WdYXcCeBSqiufCX5YFise4vkS8RggEM1zm+4uIiV7Ju8/s8cziEcfOUS7TOvxHFlxhNPED1bYrt08viTQyq00yy3gJ457t19QShdB1McFrdwW3EoCabubrqMGG/cRhKRpXcuBsiTmeWNz1gHpFtdN835YansAmAmKAM9Wmk6mByhHFuZc4JmYJhde2XmdpfE0n80Q0ROowBp6QumemUiEzUtDOvUC4/hOUHwVEsp7YuFQzYdBoiVuzPqIyp+0wBZ/l8cRZsluNcmUuAFEUfBGuIXrtP7J4sdZZ3Kw9ICtTqm8qG4QWGUJYOrqMxOfgbKl7p8xGMgk9MQGFDxFCkjBqaYx2IllWBtL9/o4lz91MAzOXteEA2n7Ttfxcr4/bxmdv1NUUlK3MWq0IxMvc38JG0j6m+R1lEkajZ+tAvt+/i81G2BYTSFrJWDxBrwbYnUwmzcwTLHyxhFrBepbE/cqytsaRKCY6tYNZrFStQxqEHuC5Tc/mVMnLLMt2czlbMRs5/aLOUUGsseYq658A9XzDDPWx9CEcRRbv4POXzRRVU4+JQE4ZancznERqyBhg+/NL2aPUIOKaVcV4swz9Jv+gVq58D4PNR+Q9yx65y/Hj7asuEgjkJUFoXOVDo3Hab4nUJxVWDztKDBKqR7ibkD2PO/qXMTncYyy9ynqZPcIv5/EOUMjNT3VM0o8ywy/q3h8WFwjKN5kPgGepbDUEsWYUpTqdQevgyR9KRbuye4+4er8y+qd35p7z8ESuk9KNHt/XvMvzzEGz/AMI70zrTcv0xDiK/D/75AWhd9GOwx7U5p8ot/wCkSh/wimgg5e+U4yeiWYLt8JP8GYNsY9RLgFT0I/CVniX4UiJBA2VDOZEDmHU6Pz+ljHS1dOoFW5Pgubq9TXxkV+a2okKuibKPidDHuTsP2nrfiLwRGsD1tjDKj9rGtKo4Jj+lnPg8/wCsanylGYDfEu4H8/hjCWy59eLlksl+H+Z3Ldy+GRDIoYmtze5zCfEwSs8Sj+/6jepVUfiJfOPDoikpsH6jiEJHYfx4VF6vxMviYmG3JcLc2fEoER8TEX7M5FMQsx4s90H4S11/EyVH8ypooGIeblzcw8D4olfjocVQGPiVU5blYnwMP4h+i5cvxUqfUqVCpf4uKuqo9vcvvMdo4kN7moSmsxGHVTGfsD+J/wBUhcJUmGNRG7Ei6xoYbRgVET6xMmHDFGxxAXRfhhLVvH83h3Iwh4bgXbm0iQS5wsob4YAW37THZKujUqWRPh4dUJzjE2cS55upp+j4l+Tw3UQ7qmo+I1G6Es2NIi7+o8ZlJw0pCXietPWnrT15YNTdWWWAloCYGy5e5RT6WodQaGAtZ0bhbqDk5Nf1Ggmql+rLJj+OGFcnYGFhrIhbK1rOyR7VMn4LYdUmggVUPolsVXuh0lDKriB+u3DgOFsQHTWnuWNDNXqO/wB6HLsUjZ9p9RprtbN45Rz2oQVriesFi9QE4ls0S5V+6wW8+sfyTltyvBnz+0pxYExe5dQdahyv4jwdfBDaRAFLOooIfx4F/wAkRRwuJJqlXNA5QfmnuSq69ptl9CUt/wACGxX2hyV7lWK3BphblJOC2CPbH+dX/wCVpxhYFeBQKA4fBEB2AyPT+0O45dYK8+auUERWjamRvuG7DKBktq76g+8tCkmxw4j2DJjkN0/v6hRiKjClfI4s4m3ZU2Ty4C4cE9WFQWful+iEqo2craZq+onIgNFAunbW6iDM0uLjh5ZcRbYXnTVcU+paCcFWtesx4SOob5A36i0y1zglGbzePqbMgNYX0Y9whOLI3pf/AD4mWpNBHpxrcogYsenZ7mocMhdp6gODbKeW4ztKACu+M53UYM7bqwfO5c9g3Bz8YzKAcVSAc6iq6HbHxG2kGcMyUxTUws6RBGJtvLO5ipikjmriFYvdu5drySXmE9m4JQPcqZB0V8FiHSeYeUf8eiLiVTcexV1BNEKPTpHlNqrCGDgbiLo+5qO5oQW0wKBuDr1KwtINlT90FUd/qfJAoMr+Iw4qGsSZGWvMLzFtzVVmHw2FpkyOPxAai7XLe3uVa1VviA0WAGGVghekplp1FB7/AMTK+GsdZuLSbh66gGoD0YX3ysnl2xIwBS3RBgEPw3dTTvcl/KLesTqIVa1T0xk+IpEbd+XO8VLocuUhuNsEV22/cFFlZecTFxrYdSkUVVVPUR89lWf/2gAMAwEAAgADAAAAEE3YZ5B0iZ+dbRBR/F1m6feq0KdJ4kgG7mamgo2ZxCWD1NtwMxrv7PZSaWqEh45kwmcyrhk7UzsuUcIY5V+ic5KsMEzLh1McIGSSx2ohk3sTBTp8TwAyZee0HTfnN9u/1V2VexP94A8wkSdMLemDpmqubqoYm3o+LAxA6Lu380bIekT9cTl/losiTvSTIWjSWr9rjWrnIZf3KV/V9xUbO8AbVZ135+u23xeIc2BuPRMNDMNTtnmeQj3srK76WmOVRtI/1GR1fytRl3w00aqXXy8AUTP60xGEeEvQSLSX1924UxjZPL6c97ahFWKYCpnE6HT6HUKQCC5Lbd28cAC53q2sJQcEoMjY8oVLwyMfvRw/6p1uMpmIQK4JlyzMcGDh1c+YazUJe6LQyDRvIZnwnOlaPDTdA4u2Xm1cg4zVeMCVY9rUpO4O/wCOD6MSTiLr7GnuvQqSnUJ1nyjIHUAqTKwVBZt5kxHJkjYT5kUV7HnD+P0pkWuBnK8EYPc8wiO/zoTTWBjlD/8AbjcrY+uSNiWIV54OHtAYN1S7BJpoc2FJXvO/NuU9ZODn+L1Dw1ZtrdUcC9tP6HrkIUCczpia2MKGdUhOJ9ec7R7Hz2t+EE5kxmNTfkXxb3zzANbs08K1KjMcGcXhTisvaHbeAYwFIPUcEjYF2THi5DD8YIJ+9AOobkmLvvC/U6L675WdrXGzbDCMqjI9DO/0GBIA6+iWP/M8L4RInJaDpCFtgaNXzeQVVBAE5ABh02r68axt/o7Kyue9wNjuVA+dNveRBtAC7GZjRpZ0AWTbRIQR8QQHLWQu5QAYGO97Dyb/AMXYCFCWyjF5JuC2GSU+HmPHtMXswYxOdAP4arbDtgFaG4n6AJF2IYZ+lSGcvikXvzvfHcJwFVcuBICEA3ZQ/wC4h/nwG/RAz4wTOkymDNS4NbDgO1t/bxRKMMD2FgqEA2UG7Fcb81En+8BCxUBhZARMR7SMymcLuKI0tMxi+AdsxAQGskyMgH2oauFcyEUQsMdozEwBbubi5NcY/uccIL+gY5fMRgD3YqIqBcQdxs4Ugy9NfIZEgI8C5uat8XCt/8QAKBEBAAICAgIBAgcBAQAAAAAAAQARITEQQSBRYXGBMJGhscHR8OHx/9oACAEDAQE/ENa75uLTTxYjvhU3GLZyxDmjLkHFQ5jwLZ6cuFcAryqXU3nmsXzpfNbS+KxfPXOK5Dkxk5Gm4tt8YY8QxK4XUSnhXlEpp4yHka565eXBzhjgLmGOBmO/BRxRwyq3H4mnA1mZBFlVHTDT4FHXgwruG+QzFtliYZ50hvg56OKBffCphBxxgVy8Hio5jvjHLbHFdvOA4sajzRwKLRbzDLwS+CKUaiVK/Fryvi05TwQ8FmCGo0zUfCpUqVK4qVKl8XL4dkVIqr8TglzuE0R5K5YeD41zXFB7SoWA0jdji5cOCXO+NyIfgjTO74uDiuHm+cRrqK8k2mo2KNTuIkJ3wcVxvNOa8TxKrmo44HilvplQoZlHcCMzCSkaeL5Z3xvNIPKQMSoRw+Ncd8UrRPbLuOCrMQtB+8cq7l3iZWGm5cOa53ixwMuXAslMqU4qZmeLm/FisU2iLiGoxt4G3Yxw43CCy4HJLnfG8WyOeB4VJFignU0weFxGCybyo0VRW0A4cg3GTMfSFJRMOQlNcnF8bxMc6Q1BtBi2wgJbkhLmkwUu4lgeIyIaMwwVNji9ctVJhhuXIrnR/M2ckXnadRcEAQ+YTbH0guOlAi53iUy0oL3MmSHuqlxx7M24gBXHvghC6E2kUYC49FfnFvPg87R1xO5glUDFnxiW3F2QAzEpEGpUGCkwQmYcbJk3DKiAQ7uCWhbBLH3Qk9Q3cAo2++j+5gznK+LvnaDZArFQ9oqSF34zkaJmDOCARxJVomHCqvuN4Rn1I6IqPpX9n7RiGzX9yuPcevv+YlKOBGo4K2V4MYpNTaJi5VHqY/zDa+pYZnFS5nHDAqkzhhFl1ZdqLMrqXu4ZKB8Rwb7lAOpYD/YluDA9zFwZ9wRt2lyuU5GoWMyiwDLpgRBBJrF3xd0VKZtqXQDA+9jCDFRsxxvv/HGeI5aI3wCF10CxhLY67ENn4l7HX4JtjsKKhNTMWcMQ7hy6CMpZRlazuO8R6gAVHR3C/Mze4DXdQIDTPUBmECrBDsOgm8OPKIyR3iX3fSMNjAQLwRK8EqJUvMi6OKodyl5mfxRx0Pftgqj95Y3NKLMBB4Nf3/UCImz9kqZefYV8f64VVh+pMMtUSsGQ5iX9GAVq26qK25kIueLMIfSBpqDTmZN+C5JkhA/0/WBtjFziXwTCC1OkiZYXOgj0OHf1j76ik3qw91KdFMItRwDNCAd/xCVaCX13Uob0xVNQPsJbeLUF/HX8y3cBoyhPRmWKRKxEAFHMwS8eCqNBCJ8GUjPCAOFIR3DM6OE52MqX+31lHKDDCuZuCiEGU+F5QohLrP1uJWK8Yj4lCzGh3UyN3xIA9fxcra5ul9wbZRKnfJNEKnX7u4zfr+vhal9P7gxI2i4FksxCYbq51AK9nB6/th2jKzH446h4L78xT1F/lCairp+7FH3Y/WBTO74C53KzmyEQJZxcAgVT7m0Hgpr3CdJdCsmYNmsY+BszLlzUjZPUWllh6cVcAfYSGg7V9up/gtwM+0uZp8xjYMqqBcdQeCYcvgT6QEGLC+GuT3KkGCNVNI9S8xYsRZepjFh+ZqG45Juv4gu/YrtlMD4v0lejGtXHiBTcdNyohPI8FFnJMG2VJDcfiFMsu3MG8GNJGPEuXN6hLPbGagZzf3iZKzb9CL1P/qWb2Q/pmFFWoVUMEI2EKsngKvHfFQ+szqp3B7i6g5iBZBi5gH4xmsSLB9ILiJsa/aPAJ/WWwVurt/4QfKfX1zP9f4jhWkmI+Y3cNTqBUOEww+GJjwFhppTNfbcHvYxVmDAXvhYqK0IdqLMgi1C7Igpn9ncwgb49p2L18zICugyv/P8AVNwy6lX1uA3SwEEgKgwQGC7PcVZclS6HKNT9ERfc6P09P7zrh7HZ9YHUrHDLXCuF2TIIqagbCDY6v9agpgY4QB1ABOxfr6+J3QNP37lhfTKN6CNQTEJcQZ8YU+pNXKEKCcgV0wwSvbpla1mDcOjA4GlFVCFdQii21DJYF+M3ckz76RNrNj+UOhK/Ryw83Lj/ADiaOcVtwwHxyLjNiZLDMM7hg4HM7hYHMIooGIYzDg/Md8HAXDXcWi3c+4cVvoz6seBiLCaOVCkNj0c5rFAC+xZ6RrcMxcSwPzPs6hFHcG5WCPg5YkKn5wgS73LT58diYvJbW+I9DndihR+rly9oYIobbBn41izSYv18QtiCcBFZNQqEHbL4GMNxlebA6ijZ8LeFf7g5lF3MkUAwf5EuOM1Gr6+DEBoSmMXkjLI0RSy11ETcNLY4eXeDCBiCxY7ihYsqdIwbslZ6QU14fKDxnBRAWd8LwyhoE1Zly6hLLYqjw6PBZHUCFGdseBR7LElyS3uLqy9QgA53O7wqf3i8VLYq2VLlx0IGRYS4tstiryqE2iAQNVC0LGdEWULsEQHsZVQgFftIZZtiocsqyoKa4+fWEAIy6hjAYvz4ECxDBHhGG+RvjYhslgTUAdVEwIKLQzmC1xfKvjr8pU+mud+Di4C6iuWP5ljKVKGYznDO48nCpuWBIxPHTNCXgYYSpljOuokO708t+QACzv6QovVj7xbtplOKg25dpQS16dfTxuJL+7ioKfDaKxFcXMY2bIo7Sx3H2z52+W/gYAv9kDsr9cTdj7Zmlq/KOU6PRDfk87+G00Qr7CVYa9OH4olWP96l5668tuNPM81cMzF8NocJmyF9kGpo+f7lhVf1l8P6/AlzTzNy/C4wcwfEywRIalhYcGofI4WKUFDFGFfVuD3AXR+BcuXLl8G4ReC3FKBIqSyhhr8B0gGNpfv/AMl17fgVw+BLjCHDLly1c0i2Gopp5G6CWHFQ3rHr6x15nhXP/8QAJhEBAQEAAwACAQQDAQEBAAAAAQARECExQVEgYXGB8JGx0aHxwf/aAAgBAgEBPxBHJ65cPb5hE3jvD0moXgGUm7h7iB8jjOz450Qc6WFgHGtB1r5mUDW1u84YHcckExkk13zk++7ssG1nD5XD990r91+63psfux+56Fn2s+1uNmwHqHDM4ZMwMLS32Inh6bFp6RDH041PmIdLboB6RkLb9kQ6W2wltt3vntx2XdwsNb3fGfYrv34Ci/rRPGTSPqX/ACMdB53B++4AmMlq+LHdtYs7jJpHZIMW3xz2dtdZaDDDeOqZRMNSfWgBhKBrdz8Lx+L4E9+2/uP/AC26GRn2cIDkZD442AugHhMU85KDvAQCGGWwLr4ca7dh6eH/AMtEcJARPBx34jzLWIe7E8D8t42046urq0uuczh+TktJ82zMd6Inh6psif2kkPlF6R3H4YsWLFmxYs2fwyIDu7ryVtto3W5MTx+p8xB33v8Af82haos4H4422eG3g5PbbbZcOrb6SWkD/wCz8h3Y4zJNdnh4dz+f7l4/v92bu9cbD+SbOjInQfqTvbb1bxjycIubP2Tx8rfOQ77yTwYMfv8AuX2/v8/rB3ercm2Pu3jZOO/m3kUEDs8NhrOQHs41OvSa6l13xPwLs2Qmn4PC9f6Sqa+/32HaEdtyYYW22x2WWXzmT0aXblkmHDDTfTeVt7lyzyen/Up8WBrdphMZMcv2vnnRMf8AHzIZ3/Pz/N6/3/F1m8Z8SrpG1ti+xaWlpb9WffB3IAT9CbBg7YsjCzmTfFjMtkutmHDxvWH3/Mvnf+/yRz+8gxlkM9nBK/ckbtaF6SOCMO7QxgyA2HxJ3uXW3LzL1hCDudO09l94eHjNMPv+bT9f9/ze7/8AJd8eM+y9OceEciOjOCSGTvpM2Eo4adMsO9x2cPdje2668tOrzHr/AKl0XvDCjph3/uw/r/4lhb/f5j2NPd0hp9yPq48Y3dS+dMdE/bi1S0Fibsus3eAM4ZheTnCjv5hHLaUhPy/1w+Oo4XV2Ou/9zo77/wB2N9/9j20pROH/AJPPg9PqRWN2MSXq6sbSy9WA0jtDSWiEiHDx4H1K1XkuOr1MYdyGs8hTF1/63eOSbxPodN09NLbu/v72Y3a3ff8AqXfZs0BfxkYjhSwd3TOFDqSXQw6S4HO7Sxfpsm2fR7bOx27Ads1bIECxyN4hFh5ajestd2+N2JSvlst+hdCwyHvg3Rvpj3AgS9XRs6bObIyPOrQtiAnQpmK3xKsJnV1PSHkZfbfkTHnI2x6WifccXEgZawOwMyWbdNsY+0lWEl4WdfmSIUZxnU+G2l7eZItXu3C8Wd2YcJs7giYeV1HOzbfIu8YgfAsf0bABdkld3xDVlD6/LdzPGS9oDDHZ+iaLLgdHcKDyWZdhp8R1M8+IAAm6Eodsa84Yh+o1eYAMssLAzqxlvF+pYHygGkOro2Pacbdvv/L5hYeH/cr26D431Q/+XbBPmwX6EgzetkN6M9npljPuTqg6rJZH475LHT7557+sjj5knT8BgODJnw3jQYWLttkvd94TIE1Ytzs8/a2aQg+HzbfRI64TzPj8P/2N6HzPgg237SDbrG7F1jV/nyTOiyCOv2liD8yITEGdRnbPw9W/Vp9z5LV4TTLoImXxI1et5GPQjAe0rLVm/od9cm/UCWIzrPv/AJfUiLfco/4kcfI7DCtrxeO7NchhAobOt59QSJHpEo57us/lZP1EdZHTb1ZAzc4LA59y9ZDLqPK7PZ7iGWSgdvl/3N3rzru95wWmkfXBcDmHyFFGxbI67gR2A6Zy2r+nGWj9GQz1fEpC+MJnHTCHlm/aOywJaD9y7k+e7KL9tJ6GTsZaTQSl4k7r+AO4M6/BtP14SR9nwfq0lYLtL74HyyyHEfwLxC0v3sAfAu8vgvf9dsomd5ejJMJDTG0RHA4OHDwzJ9Jd8DCX4gyXiMffARAyE3s+i8ScUaSd/wDXqOn2hw3tMjgzvWdXuHdv3O3Vllk4T5befMRecy7WQF7iUHU5uLctbtM8exfCcW2S7fqfwRVtPv8AaMyHMt/QlgLtB1tJ8s/BKXvU2PT6+7EGMN6k1uiYd2Wjdwg7uvmDWMDItPwuxYPDnxx3OswfHyZF0ShZQanzJepLOxspLpy0Rw7uQdoth3DqOP4n5P8ApOg+fcsh3lgX88Rl5HcJ7kCPm8Fs5Pkg8mV1fgD9pEenZPMW2fe25S1XzZnkRj7ygz7dwbHbkyr45DCM/QgGb1PXcmdlu8MDvbQPuSzj4J9i8EmOT5CIB9wAHxPBeidBxkWWT7wS7TwtF+v4HxEdBw9ftfPD9kWWD5PAaxPMXRJfXL5J/SYnSzL+sMDGh+kcHPrkUr9S8PvnqF4lPokjrpsglikIX3Zk6iIe+CGW6CGkcNhGXcXn4jvggzc4R268+SHUWEl9HgLzLuCZ9gg7jvAty/W3AtV+sPmb1IqSXzZHHrjYAHcEdOcjovE/4Jt0ggmgh0k4CJB+MSyQ3gb2eB7/AA9WDqAH2geyWLTebxKtkEF4T6Pw+LCZD+GomR1bt647IgGtgaXqyzSRxnF44M8WU/cxJnxBHrbE42xAKHRPm/Lu1+Gi8PlpEISwd8IJ3MM9WbYGSEC3k7HyKu3uy50RiD5j0u09EFakydg3cvBOoh4EJCQ7HGtN12LNvhI714Hh0QjbPsGXc6jzuJMeHy+LDhlvm+RLeiTJ4OCMMfMeHCkbGY+3T2cfAWeJVfrwdfgncMd8/vwOlkc3bLeiwcLoF8fj4cecqB7dj53wNn2sdCR4d36s+bPwIL5L3xem8t4Sd2CQ9x1ZnljxfsT8vBZHpwXwGT4M9Bl5fv3Pn4ER5LnD/B5Xq0PkyHfZ98GvuxB3Di9+fy8kkfzvl7Z+HicTdnqfT+Hi9R0GT3d7mftPzl07dc/l8bIfm8QWfh4iASXz/DzDuxvcRC/aXwexfJ/ktBF0PY/P5tliBYgReJI48bxgzg76RiE/JObdZeHLz3j2kM6/N5OS7kEMs4+Idn1tOpdjIHuZ3jiRw8jXKLvl7/N842ODj//EACYQAQACAgICAgIDAQEBAAAAAAEAESExQVFhcYGRobEQwdHw4fH/2gAIAQEAAT8QaHPUUPnZ4YlFlW34zl9OfcUCRSJSMGAMuL3+IekhPm036f2cS4g6ayPk8S4YQHEKMJ6TOn/gzM8BUV4MuH8ComTf2ICO4w5T/P8AZ0QjcHb/AAENyxzSMuh+IbeIByDuDmWzMXMzP42jZ/kMADKzKn+RHMWA4bJcWBKUKCa2lX+Yq5hBAy8y6RZ4u3+owSxC8BLvL/C5cf5wmf8AT1P7s609xQ6LVyrMowyZjB1qYxTcC6XPk7P/ACGVa7Me3zFO3+DQiCFSjwvr+JYIlmIhTczZidfaFIYRar/MHOygsT7jdI2jHyMX4gdaxApfEBf4wA2x4IdXCx8AdsF4Ni+G9nUORwDgi7cVn+UMm4Bv1U4abGvHnxKd/dBP9Jf/ANY//VLcOWh7KgAazYD/AOMrBSDb+yUgdkhadjipjcQm10lfX3LjFeJ4Psh/70euP1AVZ3C9SgY0Ty9/xZwxp19EP/Jle2qPAFq/9zH01NxS6zco5/UJ2XAjz8OYM4KA5XiUY6CtUR5/iVcKIhvrzEf9YqIEr0HcUq8kBsxm4/s7Sysr3HvD4nlMALhNxThFCrHiOCLQqvSHKz2pbprzB9Qqxy1b99TX2Klc6jljlRhgwM3K6iL1KnQ9wApuKCwjYnEPlD+UXh3v3FVQ9MPHQ637gRGxO4RcTGlopHuWUoMGLi38kvStgM/ovnT+IsF/Bhr2FIyt4l83B/cTbfQa4g9S6ly4sUJCAWKC5p+3/IjAgaR2MX+RDKvPV0/i4IMRpOun8wqYQuJRK0f/AEH9Rp/25jJB/kanGHlW/gfcqlgnxb/KxbZcuLiHeMF2Do+XP1ExcleuB/BhUG44bKsQwUTyjwPB/wCxzSFX+DaXClf8yRf6mKHTivfQ6JmeNtAH1G2w+o8/1S52fEA7nSeoP7YhGnsgO1dvrEMtDjEOYZsYFZTT4hjxwxSvSUwtPUIFS4hXI9h/e4tswte7+/Zn3PehQPa5Jc2ZYB0PEXHcPI8WtfuCkx3TwrhxTe/yJdUNdaLz58uOZY3CLjUCsI8Q233/AGKN/YR+zxLIan6ll1Wos2e/EFj0CLo4H+ofzYNOb739xf5DmVthd4Qy/TD0tgeEl6QA3TzAM8V6RWqrPzcF7maO0p/9XMqLlw3KRizPAo/H5RrLe3ytzCNHS5j6Wr8S0pq18EN/evmDFFV0xqLGXFitDKs83E839vP13G0iUPBHvNpOCAfL+ptGd7Nlw9HfhE5SrYvJOX/vEegdotWPCXFZJSWrwSqhLZb/ALvGvcSKHgrOBrjwSxzuVmcFIbeaYtQ/CMs5lLFjZh8RYMu0KKhkVVgaR7IaJgIX0Pn2Z9yy+bQKXhOfcNMtgzKZuZeXPT1zHGTKCHaOPX1He4Ms1E/P+E6fErcI5Cdv0xS5cuCMmILWo61TR5IgARBqzmWQylw4RAugMfr9RfLX05P5uDf8YuXSB6gIky9mm6Vh+IuYuMzmbynITLULmXGe4uGNQWBo+8x8CyLFvNy5dsycZ0a9L4P3FgmHjjOcaE5F6TLX5H8QsqZYX23yvcZlVXa/zM6gWqLz2+Cciogjznh4fMYz3Lg8BxLI5VMwUxEPb1MmFQTExHnCPUO2+SxC3DpvMb+Kl0EF/qKIh0IwgVXmy2cmungBoQWhdI8nkl6tAAAHSJG2tUJkuh4fMaA6saw9xpdJWQHHCJbIniZqV/BUsuWSx4g9J6QrqFT0mHEvLEw8TBx+Zh4/MKOPzKDTEXD9zHUw8fmUdT0ZjpmPMx5mHcy7mHlj5MU7Zg1FO4juPlMuqwBaiIJyzXr2y1WKObvqJvNRKZwQ9y0BqSqtPtiLa28xhkKJDeB1fEU1zLMbuN1MGjwruLUDioRFCsVsLV3Wx5nt0eobPD9MuElh3z8wfCmSo2NOk735zChnAqpoHgpveS8ZhVR+Wge+ZRUIVNjfaxdAyfncaDqw3TxFbYR8yw38PJEEsiRIk5mf4URdEBKBxdmZYb8oNy+0/wDtP4QnEneXFgGsef8Aiyr+AEClCEAhVzGHUPDASAT/AAgCp9JjEtWFRJXmfM43E8kfZHMfc+SBk0XjxMJcUSWWc1xit+IjkE3suavBXIr4gFCgc3uLm7SyXQEqZ5OadlmYrRDANmeNMP8AZF3mhGY3mW8fuW/7SiWDalqnUepC3G+J+6a38WVQjqa7mFSKeVp85hpA5GxP0c+GK2tvnmaBCbsJTq+IETQgB6d14gpRL09ksU8BCOglNMYtIPljPMHzAKBihmvak/8AsW+BLVj6ly5dkuXFwCiFIyt/8IY3iHucbZg7hDKVyHufEfU21PiJdMRtTsK+o3LYnEWIwp3Xky5tGHz/AIsKVuVW+qNQodUSy7DXF/wZJDO0e3+vbAszowFaGLIZ9wjcdFo5RwqxR3cru6MHs01V1btqWG4GkUFVpvqD5yDRtyPDCnrsU4vPL4+pv/uwL6sX8RzNhaUcJKRYQm0u7+EXmGUAzIIpBRRqHuibNX/EUaI8JUiMK89xBQQZg/aVH96cU14c+Ki2tZ88wDd6m+/LJw9eobihCNNb7njkitIKFOx6HXWYSCYVwfTHyBSJ7IopUcX7IaEnTHFBgwl0y5dS/wCKOCjP9iWkqoUCmFphlu4nIV1MTlbjd9At6uOEai5HV7DpikWZcPoCHpGZ+Ub7xdKhyRzeAph8GLmmbxYiw+GEE4CpcWMGigGMWjzK0z2NxtqLFLWW/wCgW1hSxefiVESArqAROBpbz7I7iEIN2b+c3Fvn0AGfgB4u6vw3jdUtrRgbNOSuJWIuvhHKvLFAr9EDlBjU4nmCivHl5irCosjLUpUdMurdDuMURcDqJMFEDNpWOvZHk8xKcw8peiKvlHYctFKBSDScxSI4gKbAvTnvEVvOW9m4CtCmEu3l49RxUq2q0Z43o6iXYkCC9lyd9N9wobiOYRs6tLN8QIUN9zOHw6fZzGdF6v8AyEiIjyfwDN25fx8nMFE1/ARbA6lYnMH+GmiOzryTKpfyECwcRfMPcJlbFJ6IiiNXjxX5hQSa1PkLf0R9sfcGkhIZ1Q/BjTMFWZmlqiXUUriNwN7hdbl+ckCxr/CRamLXnqa2poVYvrqIhlNTd0XTCh7KyeIBuHBeL+IywnE1zS31VJ3huJfBVZCleAJa915nkihA12IKo6PLDaLwIEMFW8nMOpdnRvZuzL6NZjQATL5XKsogb1MHtcRx1YdIdDcbX7gh7MNeRlNbadx3gDd78bihYCyl595r1DN2vmVosp1C2qAuLC5cGLOFT+CyZBsKxaHHuXzRqrdvklZ7xL7JoaINyY3Nonrhb88fUJ8qACjnhgAKuxzRZy4pOcMxK05m2cFfsjEQsfg+kAXYgLdZZcuMXTg1G5/Hj8RyatXwwARIMC8NR9W3cI8qZIDkL2VxcSVDcJvAbQ48kaBs4eyAgnUp1KeqU0mdqwx3FcjAl+gWAEADVmmVMe9kl9lCyqjc2NdHMCzdnC9NlfVwKwV3FsZjQmNDakuLzClcKl6lzOuXj2Mqd4ac+H7goYqrb+o4Faq2PXcuyNnkRmpoEiy6tUyoS1ZURoNVjTAC6gqNgWuLBy1VJCippybmjzfLC7Pi3K9ByyovUdQ+HNOP1NXNS3y9B4IjODGWUIoyp2ExQalh0tbwy2gqQLKD2VfpHEUoWtGxpjCnuUVRK1fRyxYSgVM+2YyZty5Kxa1t+Dz7lyO94Nt8nGccRSLaLiz5ajkLFJdyhVVozloR1fpNe5yXZEpdhh1uHmp6h3tFANQLak1dwlJ1sg6MvzMAPzEtVoH1QBPlNPpn/sIQArQMIVCssLOyLD0wANcxv7lMSuZYcyn8ZbHVmN5w9wgbJ5KX1FRZyCciQlM7X84lMORinp4gz4iWVTENFzZlL2/JUqpK2modABatERUwxIzSHtxD6gFtZ7LLAIJipVCd0B+ZpwMdYRJYg4fMEOoUrqUdMUVS+4o25QpQljmuQvm9/ENuLWFhaLwcZeI4m0O+ix5RcR0E9AVMY4BWfXB2tBywXxy6/Kv5NdHMbOFnBjK+oZsFZtld/wAQqc1dBWFcXiY4F9NIAaojUFvbPx4tdTB6mVMCNt9xZYCaCjfLDghkHfPs5sz59Rb5FmCy/MoKzKG9NEcO6XXuM9ICOuCY17imAuH1kZhJ1ZGyEMLA5MjmXoHC0JkjKd8owrzV4uGMpwo181i5U5IlXYBZdo8VLEuQrg4rWpVlzhibNOB4lMI7bh7BsfcGnCtIyCarP1BnLKjmgTYkhKDNmH5msXpq4sgOm6LaYPMKJDSgA+Zm/VUiPpligpWCYoVggrRwt66lwZaPCMykue2PAeL+5zLReolvrT2cRfMXTKuTTl0EfDQBKCuWDA1oUX3Mar9JDhAJUKV72Q/AbWtuJbcEhkmVfOFQ70Hcv3EnSAcJ0TAC0uY6wFAqWP0WHzCi8uzQkYoHFA8mV51Hw3Cs+V0eDEIEcA7fQGVhWeZvmeZg9Fyy9NgZLM1pAl5IceB+cxKjxQENpu1/copRUcXzMvRHQQpRHlHiQC/cddGh3SOPJwwpXRAWsMhdu5YWg0mxF8iWSxg2GDiP7dvccECdJc1IXthmDCjdnMwOpdRdVwgfliW7CMhMXKTX+RIsR2Z3M/P1KjwBU84aMuBe8TS3rithlzuRMeYPg7PMF1BotXuEavJUcbF5ETB6jRF0Ry9PiDPTMGku3qJoLbVr3rB9wazlBsr1WKmlOUJVxxX/AL3K3Bq2W80/cRI1xkRwvez6iTeqbG6OlXiFOlQclvuMuikHy1/BZY5iV81/9lD805awGEiJRFA/ACCqqQYDAsxy2Spda1HZwB0S5+V6xGBUfqLHe28fmOKXh44gdxFt6Zlv3KjMMNdghkyMAcFHFf3BAqGCZ6onc6sod7X8Rs1WDeU4DwRcsQhsv3GA9b2vtjHtYBwua0GlNmfjmAtNLHZBBcPlxB0OFRUEsGY8XKwqYFNtQirBEeinnx1DIZt8tNc21fqNx3mkGVrD8Rq1WMjg5j03flzA1bMj5lFIEp+5SW8HJEkEMmUDa/PQ54h6pFuZBZ2SoJLWjt3uMtKJbVvEelHwxteh+yCOHKFCY+opmKx/FvbEVzxFHK5UAEIbw9lwGcGg5m/QaKEKg7hR+yPwmKw4cEznk89MtSk6SHkiBAUpp3ECoDhSV5JDVhwEo5Og9kYMNTGLd/uKrBoAugpVvj7lq+h6lsunXixdgHDhzG/qrjujcrEpMPix0Mbvl/KCilsuIlaEatpQXjIZgMKAyI1hDVe6YQEKmfPMfhpqXIi+qC+RTZv7gbVBdQvpTD+YivJr+yupj6UUsbu0Fr5YG1nj+BqsraqJVVXrvJHi4RHFBT5OYzowDoDqBXCRUCXjMAbwX77j0d+Llrks2DrwB975huS8YIngCM2z7Y+PkmCX0itRKoql1pBDftzfDH9wp7uOS8+YnFijrnUIxYCsrVa66N/cwOsOsx7i11VmprklCxHaHo/ccfqPJicE11TlaYYAYt9A6gi9ATAhnSgFQW12qQNeg/qJxBcPxEIOFg9JtB8779zQrbGfDrMor591/wCSiFmYb1E+KranALDE/ITbxCNVFSzWrjUMrNt7So1YlPMt57fUrCLPmEBbezGsOk/ER+a9AYX5x8zBDmMW10PpP04jkNGKmqFDcdHmBUm0N1Mb4DbvYz6qcUrfwTEagpIG5x1dXsy4JXxVcG9YgFs1oKykbparJeN1dpPzHPcGotr3VP1AjXLZo6aVavhidRo+J9y67Fg48S/C6ZEqCa/vS/Jcby7kKrwPJCzWP81DdLoNjNRt05lYuvm5ZeBSrw9G/jBEM/U34jp4JsMQY/8AiTTj9R/8qAsEniPBFCpy6TrzFHk47uAtu8TQ1Zr6lXEgJOa7OY5agEsCVdnUKSg9h9yqcBWM15hFJHziOyCeJxqFXNBlHszApVeOYYZCr1LAoebQMDQhVhF+Bgvkh2PT4lMgRdJVrJ5bYk3Lb8INES2DX4llBFYpowwAVwveMfmV69ps7axf4mV8tLYFAcsv3NEILWXQ/MIFL2ZM7PsYD4K4HT/7F6ZC+nUaiIxOAnQxFWkjYwR+EGpcWF8IJbhV3dv5ihV4LjpYOjzBlpbq14X/AFE16MBrGK8cROzh9wUSFCwAO644+ZlWF5KPB4jXMwxAx04tvMIGr1EahdFcxAs5M6hJfVboPguvUUYLCASqxQHheqlKps1LdcZfHiLtotdo+xiorWAJ1tqHjv5z9eYEuXEmSPcDRPaWrylgMccf3DK0V7P2xe/Xk0B9Qs4ic4K4AHaoJWRLXv63s1vmJ9ywqJh05aiY2WXjtvsgNj8S3lHYxzeYSqupXlchU1f/AMjzeSA4H2S7vhDpBz9VwxLC3jEYVjN8wYfaUl1eYY6IaF/U1BLdsA4/uGlwlvwxc8/1mZanmNDsCh8zkAF8MBOZcdysAQNqzl4fUaquzKMeYIMvXTGyU+B0KfIA/MfEsRSJxKscEfMo4KAs5s1XMMDcQKWuRmusQ0KGgC+LcXGdg7BE6MZUXv41UJ7lA9iJKXkAwjKeTGzhjQyWvXiZ+s0QGFZWWAjSO4OiHqWrMNhnEy0/jdqGBzbezUBCgC281BFVVgM0Q1d0QWkV4qCrt8cTHgK2f1iBp17p7/8AWVwuNu6DTkhaqr2Upb80SmUrkFt9Qlgbb+j6jS7n8xnGhQDUqBWoelYnUUIVKfXhFpcXXcZBUcXBWg8hROGR4ZPmXr6Rto7fNRqV7bAy3E6PQH8lQ0tRgH8mXDzC0u3xMUhFAB/F1hN/UTPqZ/FxEoCohDocw1Aj0uGtJRipjO6qDRcXur9EZMpkbEugXim6g5oGhkf+ZhMMUyLrILFqzF04LguN748nJmJSFNJZF1a9ahStmeYGTmLQQdlspCPPATLasD6ZvoJ+IgIhhItofKPCXwahxHbx3DEXWriK0iNiDoLIaEK/D9wbO91KhlyJJVOxdnt5lb1iDKOe9Xn3AwSqxyeX5gtaS7w+UXLhwVPiGkeIV3OE+YK4b75hfLa+Pu/0gYaV5fAdECKlUFclWX83HTpTYX5giUmWjgDzHpQkqy+pzXffqOVz0yo3jDhgZB2Db3W4/DUmsALXVXMVMJaWVSNU7GpSkbX9f+QdqpGoDR+/8ICADA28ifk+IYhhyncErfhVwAzxpGpqoa/vSlXygwKb5jSt0SZ0dnpKXHyV2xjsEMs1mJvUW45JVilWOqleT8R758wUKGIIbxqZiwsrZAMC8cYe9SsSg2lExcoCObmOQIWXWK+oTtKrOfUQEmBWlQBQJScdQUdwlq2ppgAEBW6Ym0tZhOvMqMkPqffmFUnCysTuCDho6awq/cPVipAQMyxbNphJIBmyJlBoH91KgqqQwcTOwFO4MeOc+Jaa+lB2WOYiqqW05v6eNvUsOvRaldPOWb+I7R7EB2cH6hcWyvg2v1FA0i0eFzUbqLxGdslfUrolAM1/8ZrkXfLt9fC+iX/3dgObFW/CHi45qlazEStOHnM4LOVh/b+tSwcCW6rrwQ+lHILbc/B/bE7azYsY3FG/XO8H/vHcoda7QDTbtsxxKUfHxn/yY+3+WKobWen/ANlCNAnZ/hFDNpeU/wAdxRfbggq1J6jQt6/5zA6odwRZtouZnbMYMfTEqkimQPIcwQkSzKZNR0qAsEALWUJazbpvuLuxyAW5rDWazBFnmUgq5DOdUFj9XHKL34jsYbC5lKYYlfOXWIJaWQg13TLFroukpgu9RVs4dSmsQoGrDMeGFQ4am7Ycbl5Vt0UwpEty5IwUXSQS6KFMKcX3MSjicLIf7HbIYOL/ALfLEo1W0t9vRH8BcR+h8RVDoDIww63Az8PJ+T8QHoWughiIVvEW2lgHtmLayr3FVXFadsMOgZPv+1vjuECihU+eS7WW5XL5ioBsiYKMXF21U2fwNf5YOqd8wukzHqDsNJwQyl7DQCufZc+qmCIbGQ6RwnhjtcjYvyMj5L4dEuwVTDrMRpSvMgBaw5HEpiq2l+Gz6qYMglVeB6S4zzVwvZGXTjyxOw2LZY/4sZ6CvbY/TEGJaIYXXbcefw/cN9SmGY+AKPaKYsXKGdKfuMfUYl2ailJeNlgu4tB48wUDZVYiqstvCOq9cpWwVx65hBguYZRVgvBfzAbGOsky5xMHEAkztkpV3Lehp7268Ay9SH5K7unqKiWbSwY7JkRyra1XBs0wLZ3DFLhRDda3rWVfiAKmF0cK2OVB8x3NOQ+uNVAKoGxDMX13XFI+iVqJwmjoPWY0MKVRCtOWVfdQXL9BqWeeUcBLGRvHfmAKCd+IdYh3Hj9Et4Igednx/UrybN1vt0fmBO+Ky+V2sdF69TFJMcD0/wCwgK759PMsl64/0+HyUxrTQ0sFgoYWnDmytwyV52eOr4ghGhrI2HfcPWq0W2+4xS9UqYs7VHq4uWXRgHAHAE3P4Yru4hsGIX3NlNeQe4Yi4kk9yl14ldGV/r5mAcYzUxOLwQSIwW4cFsVF6rcxWMSaB/Y+RRW9YGHAcHm8wiDdrgiIt1UDQpzUIM2oOA6+h/MQG/lMITeAktWo4stLJe71eBwNasDm92ZjBRuwj8zdkvwo4uDxIPZx8P7ijVbyU79xVR8Jy6+kmMFLogDnBa2P/sa/SFHEppuKajm0u+w1moN/LBZfljSvQ1mNrW5itFTvSB1MPnxDd5cjMjcJAyhKcxl7jC03IsvhiqRnEMYeSK+MMoZxGBDNbkcIQssam8mz/v6jxkMjNlFWABZQalqYpB0aIPK4YhZ1MTBZL0pyHHg9wPwy8hefX+wRtPiYUIQJrK/w8/qVGkBa/uA1i/3Dpj1GTMqtkCrVZezydQZRdPY9XqFnkj+B18QUI2/qaDxKdqzVY42QTw28D2PDK80VbWR9VftDM9y7CLl/jAnYkvFkGENTM43vv/KjrPnUMVamdkHMmvEUBQp0f1WOdxtH8Wv6lObTHADAuqiN3tr1/sYwh6ohCIbStW8TUIL7A3/UHcqf3H7fqZvnLC6yH6lNEaqbL0Y9Eqgwh4A98+5mEAnW8yp0uwIxtqsc4K82sVXc2tN6HrAwIzy3MzuuG/UseB0VcW1Z3kwaX5WoR9Kq5XPEfYih2sOYjSaYovFyl1aGT3uj4gwUNWl2tNMQ/J02ceDtiyJHFheRNkCa6CUDHbiFgtQVqlMN+GLULi3/ANl0nOf1BeVNbM4fq4FTzHIVxjgzMeecA78JLahEeOJSrq8yqO2eUz8wXKpQqoVdxVxnxESD4QhXL6huhTRlcsOKu+ZmCMNxZGCmPxGtWKkLFc+GCRKbNjcwZTZ9Shar8RFA/wAYhkNMOsX+2ab3cuLIFjF4JxYyvyR3JcsEB/3cFWdD/wCShwp1uciYiLYYTMVI9NyhhtmHgu7l6KYxs3HWFXwdWxMvMj2JUfKwUcrZLaC8LW6dZhm1e+wxgGht5yznN6+GT9J8zkkq3qZvFGEuAVnNl+ozAt9YQ5Os2S0XIMwXxUCxg3NY5jfL/wBuJxIWQOg9P7gmANbEiKpYk279YOfiAUO6VH/V3ephejk5iNU8HVMD1SJZXWfuInti4StPwhcGJcIJDgvbNmfe5H+v3MEROcuTz2RtlwP7lUbMCALFBxGFksVMqLOQjHy3f1H2uADTUQ0XOVfHqMX0rIldevEZQsaxpviPDUdo7mVQGrll8ylqleooJMyF21VVp8Y+51xfP3EjuEbSt0WxeCABSq4JYl+wxb3vfxzLUroRp5AePMsjrmUMWuALCWJp+dPxABEiabS/zL34Yj9wKIwl8kVFckyyLuY6bl3ATtZZVOIdWzEi0AHmpd8Vd8kjIW4D+wQGapSN4vqWcG8Oq3GAQAW8oLNIC+rEgsSdjqGEE6gDjkrJ3WYDkZTm+3sS5npvR64lCvU8Qn1yf6hOUYvE3/J9QqOeJxgUHQ5Pwy4bqK5mdA3gL+YCDAmhP/MxvVZBzdx3nuX84CvT2nMRVJUcaz+ZkOPCXOAQoU2OcSmOZYgylXl0Qawcl/x6hcHEH/FS7p42S4FAzLMqNXLuc6xgBOVoDg8zH5Ycd+YnqlpfdEuICFoKCYIdRptdbISAme4K7YNYuUS8+5mDaO9nhlaKKHll/wA+JRUYuI1L6iWO5WGTypSGB34TrPaf0Pyi0UtFrFmNZ4gG6cQvSELgJd4A/Ar4gVMNkRZRVn4IMag4P4VTIuLhBrdksoeJbSEBS6J7hDaUCcYS0uaqKDS1ndUSqVBQPHiYFfbAv5xEMOwv9P8AsRgLbIetfhPqAoJCNGReeN7iWxRaS3YuXOOMRgcjN1kL+2ZlARtcAHMeRR9hR/sp0QbrbS37zM3B/KY/VPzDFx+oq/JX0wFj2QUg2aPOoqqE2/p9RmKqqMZrFBbiiAoBcFNCsnTyQKELlSbgSzmAiVp6YSR4g0sOFOJUFQ6mDOZB0wtjFWHTuI2uC0xqjamfASsCr2uWgaSD4JPDBPFEc6zNH+rHdAt2NxjjUaritUx3CRXuiqOMKv6mYOBMH+q8QWyoDuUNpdpSgNEJWF8ks3ADcW3MVrG+aV7qCAq7tr+IrGbKES/hluvCP1Mqi1HSV/BHujVC7i4ru0Ymz1G3ppPHX5h68NLLJh+leIzF1YeuIA1N094i1xdV8orX1afUUbwt9OP3Mj9dP/rzCzgKnFn/AIhC7loIKTpszxUvlqOq+iFrQbtUFfKlvwQGdaXQ396+4pwp+Rt+D9xAGxfTP9SpjCH6n9kK2WDx5r9MBKy026rX9wPdBgAFeJQyYqVBwBouV5tKWD1icobhlUgF6iVzGr3cvlouXjGbaJj6U6b3XPqBTVlVfQaDwTMsQJjzM4Lj2Zk4izcX1GxsVL3omCU8juHSFBXxCJn4Zkr8w12QvKF1AzjqJX1DykVcyF/tv8QJniJS5nz/AAsUwNKhRn12lBtCFMI1jmBHmYjAZ7fRHtxULazFNRwo+5nSq0e5VK4ftzBsIqr+Af6/Uq4lOoAOoIOQ17jgTxBmb+oX6AuB/TlSoIK+0fiogY3F8UmnkjXyzCZsqHQlTk6bxR+5QZxAV4JWhcQmrL8XUDs34Uf0wPBYWOMYBf5iFWJFzznJ+5mnCEVaQxrTjuUjIFu+T9w9/wDk0TGxmnWH9zLfRTsG2OblcBKhbbqB8tPLqJ2Cx5wUhCYPzcY3BKtzAXNu6lShsLqCNZZiUhKxtiwVy8k46PEt1TPiWTE1GwJiy0BkpD6S9Qlq5XfcUNZ/uZIaVFhxcYeer3qVMwIgBtp0gOoPAeEQMBR+Fj/sYD8dzH3NIOBAuVPsfblg2AHq4roT8QW1bhqEGkSpYTqMXpVrAe41kpyCn3UtAJAWI/8AH8SyBxLVpWN+pfcMIcjqc4Kf3F5hlhUYS6Ho5Q3iKFl2TptLCLEQdCd3GJcEIliZILUaDgKxX4IbcQpviqgUxmhet358ykBDFsTEviOA11ma0UarqPyDfkS//ZQiTKAAKaa8HLDM9XiNAYg1iQ+HEIFIHxS4R2lbcOT8M0Ad0L1WeJShKJnsjG1dZwaiWDQGgvcdjnEuNoBVryjndgDKl1qy1fuUXxvN4RjC0jM6lgayMJMkzWoIWNPERZydxKrL1FRGyhR4oa+ocAgKFhsUYfio6G5ChwncytWJymK5wQMUYp9SiEsNlRtCLPexLxZ8w4p6BaUa8pk+HXxUuLX2K/8ADbDqLdIHgZ+QQyxGP1o+8/H8F74DzDwr8TFQOpp/BauUoNs3laiqClwDy0RbeBaNg9eZQzj6Ny/4XFi4stDjTEZL+YvkSIbxVRBpHbuotjKDQ3EKZb7msjAYunAX+v7hHvHnMqkLtznm2Eghp7ja/uZWuK6s6rcEmpzoYtMxwCkCrvWOTH0zPLCrCwW3hUx1KdOcpTGwTLNNZmV/1su6T4ZYGO/AYHPD+SXU2tfJP0EQ+02cAP8AP1GZ0/cQw8qIqK7XmD20Flly7pN0lwTzFgVL1D2BNtB8MB4vxHDg2WFfmHEC28n5R5RBhQC0nkpMxbtEIbH7lNpstBbd7E5uK38lf6jKFgMFxHWXEYHGGdFwtaQBWjqZwAN2VKeAY9pMhZ6H9wLwOp9j/IsZ+Wn3qGQhRkT6irQz2dYPgjadkNqXBL1HWT9yrjH1LLxAxdxYNzNMWBtKIbBwl+Nr/wBcsyA5croS93Ah4M1Hsu+iKFyit8IgMcwUox2guoH/AJSvNFqDw1X6mHzLxQLXu+p4/wD8SlC8tWh/4lgpRdPJ9zJ0OLYULD8RAI1RHhM6wNAWiYZCtBgfEbsaMK9yhlmd4GxP1K5zQH4RFXeBFr1M2XFeLrr2LiWaxrDCUN3ocn6ZVy/FOH9H3FEFi28DUCVOBZUaplTWPEvBzKLmHTTLW5YuEZ+pYEoFS1PcCFoHQMvAKl4Kmf1m1sU8ZiBkD0yu2TW0PN5pC6ajUQ3lvUApAlJKYaVfjUY+ZfmARucKYrscJCkwy9WB+oYXqMyL4IIeBE2OkP8Aszq0zCNc0qdq4TZMLHAT9w4oPUSwSIE5VBC6O0Nyeo5AlrBfXH3cYrMdD4OsZZnrQMXdxUnef4OG5WsnWSVuj8w6tz6hDmO2Ub3zMmZeTeang65lqXcVUYY+5SA4PqMCtOO/EpwFpBguisVsOfn/AOQFVJpO5dRiKGUULexfd8SsHKSl/VR4oPI99/MYksgNAVvvP4jgOUJu/P8A3ErgYQfDf6uCrYKHsx+QhHzFEqgPwUj54hXE12gXuN4JRyg5hP0iY4qF8iP9f0fxzO9trqCJWvJfmC2jofEcy6vKWzLieHqpeiiI3EueGBnxKuAGzP8ABQfaQAs0VvBmDw1CK5LPcMltF1aI/wCSg7OMdx5PUUGz1MOuxS1lR1xLu8Ms2wcv8BFS8EB1ff8AzBxEs4Y8ImC+SomDhKgVSeKjyHUKZmUVfB+o1i5QtYYqZeIKVa0RaRMFUlDTjX9RKrKl28wgWMZjOVuPeIU0aSGo3imPZ7qIhclq/Xx3G6AGrlVSGln/AL/Y2Djq1lflhVUrtN47hHNHIeYyBb0cNpq/d1MU+oNskwcjhiwZmoJgbjsV2ajth/cVNL6YxMXcAuXIQYJWaZVx9wHuVgqJgtby/U3BHDTHuESmTtF04VVWa9VGV0KCO4GkLgLmMVdFdrBYiymiCRYv0y6vqK8AIVxatXxFTo3CWZlGYbwcv4WDoHFJl5DTEDaTC4OxxA7IAdswnh/Bk45X2y/S/wCyqmWPohPoqZwoQ4dZOD9EuYJnBUrVcATKjzLxAQVwKu/r8w+xiEeZVXAZW4AZv4OIqEp1ZFVE3yXGkrOZYfFxh+rY8UlP9RztKNXha/N3/kSb9RULXL1f1N7WCJBZp5PERP1tTl5yHv8AEqSsOs2ROtWIqmPAZ8y6a2KplGBpomCOIYfmBVdnxCq8p7i3YxxZuH8dRRErdH3HoJF+oC3tDQ6ZWIagRm0n5heEKADPhqW3FUbX5nBIuydS7lDBiucxxLs4inMcJnbLk8A+ovx1FYMW/boK/wBfmCkuGpaqW+mOjceF3wwYhvlHfEfKYEymUO51D5X+Q/oGjUNoKZWLmFsTEPEd6lXVesf1HxNJYbYXYFik7TxKlBjjgBr/ALiAhYOxhQXCtsG8hR33Aq2obhzo4mM2VjxYVof8SoYFlF3jb1zAqPYUPoS8twALUKFFOKMaqMFBKcvzH+GEbuyDhXEVjh5hsPgiwxOwxMhVzWLozLKNRuCf6SrXN+pjirJZ4ephhF+JxnfjGQ9r+4IAIrbXOonOuaUrw/8AyEPdWjKiGgxtJk4pT9RMVEAhsYNcx+U8Lv3FgARNVgK/URsWqIPonWKB64/ExG+Y6nghH6U/MbrvqVKc1Co0/wBzrXuCikpEpQuYDLyYW0Spt1G3gimcSmPfr/hikbWo4eACJjE2jzUsdbX7lDLKtumMCmgLcRjJgVt/MUgKRTalHDKYsRVfyo8XMBXQBqWjTByTWGolJCtSkoUMPiXxWXu/O4Rd7mANtRI6BRLY4ywlLGXcS5hKtlkGq3ZUJZYlQy66Riu7l7PjdC/Us9AGhIACL9xHVDe5yCyUHi1WL+hh2CrUGw+QgYq/2x8v17ja1EeKqCMqnYR12WhslNKG6+FmIQrszpTGfHMvAAy1giPupyvUSYRGgFFqGMpGdjS4GwmQzic/w7muZdf/APWUNZSotEY0VVZrmNYZOmFeNQ7BSuSZC6uWM5D3Ecj/AFDLxLklazJMRHi0tyqW+QzBCzUWIbzLovMIAC8x6EexlKByVRLK4IrpMOfk+oAV67fBMB7NuyLtQGjJyPHH1HouYej/AL2RcYg4QbH1GGFmxxDRrM3rVLw/9v6mBf4WVbuO4l7ik3dEoC5cAWsOPJ2x/gQN4daIGd/USy/iCywK8sRdm8wtzLXFvUpHEQRALPslt60oKZz5VBd517nFcRbFHqKsDruDZYd0WaDZTq5elDtLKbmppXH3BTx8hRyi4GqKxCRUuAC7tKq/j1KciR4CE58MfMqL+K2Wgn6/+yyh8RLKbIuqE6dlESI5bsxAcPE3k8RrkeBE3nVALbSYRo7iajfAS3oA6irB8x5dxYHnFgtYqkiT9VVj7OIDWObIEYCKiOA1zEAYVXRP1B6Pm/wlmPpX6EavYmf3LSSsh0yCgUHgmcZvPkKfyMzfSFOLvK7HhlqROAx66MHJHAil1BwOybxY8ZCOAQHBKCoos2i2jTMmLc+fUSwWtrKwzvUuTaUOLce4gjVcZnLRJvAZrUF2u9jKCMidwN5MV9wNqzDuK3EES66xFbSFExRuBMRYazmsT8DiUBOOFjaoOBtLirfbB8DCp/cbMqBgQdVLznMAMYmC79R8FfJL3K1KMN1bNJWo6/h3CELaG75l8xz+I2kAVOkzMA505f5+ZmsL4P6Smljw0lUpH8Eb/Eh9eYdz81G4M7eDqd3bNWOvNCvz/N5UEqZUgzhr+cxPS73vGHUoNQzFr4jwxYNsBEtQ+Un7maN561B8FGIZZ6JaI7KhF4tVfJE1HMtTAs0oqBcJwL7fXRcZSXP3McziN3jMpCLKPH8CCdfVzBMlD7WMQCtXAEG1KYNAl4zbC9uD8wUoA3ApTzKFy+SCsahqaeGeMg4Zl/kvFR6YcocU7IpYrVVrDHlEdQ/3rhxBrYWFwWQCYaiJm9svUVtbNqjcx12yWHFjlusdDCUdyDW35t+I2NS4ACWIK7zG+5PsyfiZfCCfEylgCRuHOO46IDGdLcx4dH+pcdY8REwH3EsPUJnGrghRfqFo29SyaxEoxn1HQ+4r16F98TO/8al4hwVAplzZPc0pnMNzxF5uB/uLnPxBw1m3JVwuXK5TmoPXGH/dRV1cszsw0fiY13g/vnEoFBjiJgiGUnAQ/DDq86Eh3PuriHh6TEE2/RxBIqCIfN7L4DmMYi5vD7ePEdKoo85V94+YC0uq0cxWXtvcKsqxvEo7cLpjBWytuZfRFBu4crV0XFALPbf3CLKceMy4XW2YXoAGQzENlS9HHzLwVitamYmPFM2SjM4MjPY0ziUXNRzvLMFj3xOKDnwykAuL9p/BKbQj7Mf1MHUEkwALw4f9he6u1fMtPxtj8zPo7xhms/Ff6jd3vKojqKo/tlRhfCZaS+Rg7ocV5X0EBitI/sfr9zXEf4X+HBDJBLbHCMXJDSWhSywPTqcfpq5ZwNdEGtNoW1qZSCwrpX9o37JYlRIIWJ+wjPyBfhh5bem/ogHHzUmXfib/AFOAvs/1P00p+2Fwh2J+rgyWnmftj9f2qxMUbIiDkyfCCVhgWmGu76WZ1FTEBsTuHQ3sbKiQt10AQwHH+zZq79RIEs4Yw0F9l5JqrC+4YUKW7ZSv13A58G6cVFhRa40QBALv0L/ZOJR/INxXxCXABtp8Q1AMUVi7/v8Ai3WvoKP7uO6QFCCai2OQZbckTmBahSVBI5yjmPsjHL6jxvzJfODd/gqIA8Ufr0fMKq7ANLr/AMKIZuT4ffmFGYMuXmXMJeUXqKz+DcCpHZesIDFUEykQVi15iMKXuITp/aV/FQcSk0zk7ipwxsg+rgruCvEBXH8TKnDMMkI9L+hLBmVqsyk0cCS/zgWoqrwK4i+YNRrCjHbbFRTvoLjVNnWpgrFvXMtRCnOYYGRCfIYEVhDiuEG119y8gkOMQVChlzj+41trmi8b6jGoTedOfxcY/wA8Nw5QZuWffwhT+v4osAsvlhAHUoN4EdEh4IPeGzmJeR8NIWhGBFUfEXKuN37gLjbs/wAjj5OyLKtPv/ZZGF0QL+6+YgMsvDcMQJKbfwg8cw9RCY1FzLxHKWMkumswWuDiURYJgG1YNLvtpDzDwRKJyK/ZMw6vHQTBoJq8u4oFF4vFZmRWIUfT+CviW9R8YhlncPI/hSwylohXaN+iXHDMr8sV6RAoBWBHThjWwNe2ChFSA/V6lQBa9iZJSng3k1EVsb0lVLArNy1SfJzHlQa8yqc45xK2Bhf8IEjLVdrf3NVyJXRfPxD4US3GdH0EtkolFufRHXCmPIif7CdEU5HMREUNiZhTStTZp6YzTKroLxNzI9TaPJr2fIT8fxcQDB6lshXiNAF1UItuMsoMY8r+ICgSkymdfDCoIdn6lzSfbDUNTJ/rKQa2rg4FTy6WEh8BErp4wzBqpyub9yiWoC/iIAcy7ZcU5j2viWrGJnVzPcobqXB0/Sq7H0W1CYm+fh/9/cdVAW8HzKAGHIHr08zkItYrMpZ9UIoYlH+jP/oM/wDoM/8ApMNXOB0AtaPEqRVbKrwRNlEi7SAU3uk+5RCqmENv5lkzSrUKvQCx+l6WMzY7LR8Mq0ZOntHszH6CC2iCWfiZrVQgLYUd5Q+YJ/Ye9AuIDbjsJ91BL8g1i6D4Mx40UG19cxeKbUwHl6jidm2EvutahrSo4A7ahnR0eRMfJHDDM2VRYW/KRAU93ODWPkSIiQADVFAftCAJcRyHBExz2cNBqvTcGxwBCqZVm0NzIgCi9NC34IAek3y96zpiFBCn2lU1yoHpm9bBt0t9W0u6gbWWIgKhdWw4W6fUHsDNVjQtvInh9zEtZDEplI6LRNYj5oAWg8Xo5qcho1iEyBFXPiYSpl0aqh5HH1GIUia9GOdkU5IiMgPF9Ri94Sc2F2cJMhd6CwcgTY3hiAWO038mZUWg2qf0Ryh7rw8F5POamg0L0P8AUEqrerzDMZ0qBnYyOWIAZLZebY/8fiMVg3uJFjkGb/gYlMXVa0uD+5iCL/scKwGH8EMXjQ48qlJBCrReZPp8w9SQxrFlpqdl8QaPlrpzQA6NIY7l0IYoaJ04rjbiG4Tu4VQVHZxUB8da+Q5xegYLWcyn74Nqt2tgsHOUuVFKRpYldBToMovcZIYQTqJVA0KZc1MuqNiqLCqWuxvRKMVMYMJWkGAYvAw4oYd0Ytar2FblO0AqBbaC70LZazEalgEwgGQvi/mNWMyojhAAFXY6YEa2iUGuLNthMuSNre4pSwADV1rhtl+3qslX0X+DyxQCJGSyoVfbK6oPWC42wwDmBFKNoCMq1l7xGMSrCss8LrSNG49GwEVDXa4UZX3vMRUxQMuRSFm01g1Lwy3O1FRYo3kvjwR+9cIC3YrnJq9tdRsVFAipLSeRH5jgSKEBQsiWTRtIqrvas0lpk3kL0Z8S9zQVMGjoqKKlgK8Gj4j64r2Ver94IU4XkOGr9RdkiAVzgo/FQVnOwhv33LFChuiJd2izGKGJ7gI/3URuBVRvyBA/KQBsAO3IszX+eYgGK20b+4zTlrW8xWyja4nRCtO7cxdiRbFl2Yl1GoONpqw4j21GiuD4ipQHgcHH5mxseGByt8S5iDYu4wNu0gcoKX9xpim3pCCesJcPRAL91Hcf4tjlmBX8iK+2yNYwr8sqoClhevxCIUQh6IFai69a19wgGMY+YloAWTWOJfqBhAKq92YicdlC/MsG8jbO2AKGcL+HrxDqngQDxEAHhdKD5FIsi6YiAX6H1M2uhcEAgVVOV33MKQEC8TAKCgwdQoVRTZ3l6+NwGTeW4qycopcfVTRmjQeCIjAAqrpU6tfuAOiNKmsuYxDSnR8Qinu61sRX7CFNpTpRR/qbUk0bEWe8AZlaIU4ql0/Fsw6Jqo8iJMkxQ7VgxfEtYg3ZpVW+CJOTP+F46gBuugqyn0qx/btBtMfqf//Z\" height=\"96\" width=\"145\"></div>\n							    ', null, '2015-05-13 13:37:42', '1', '1', '1', '1');
INSERT INTO `t_news` VALUES ('24', '工作动态1', '阿斯顿法师打发<img src=\"data:image/jpeg;base64,/9j/4AAQSkZJRgABAQEBLAEsAAD/2wBDAAYEBQYFBAYGBQYHBwYIChAKCgkJChQODwwQFxQYGBcUFhYaHSUfGhsjHBYWICwgIyYnKSopGR8tMC0oMCUoKSj/2wBDAQcHBwoIChMKChMoGhYaKCgoKCgoKCgoKCgoKCgoKCgoKCgoKCgoKCgoKCgoKCgoKCgoKCgoKCgoKCgoKCgoKCj/wgARCAFuAiYDASEAAhEBAxEB/8QAGwAAAQUBAQAAAAAAAAAAAAAAAwABAgQFBgf/xAAaAQADAQEBAQAAAAAAAAAAAAAAAQIDBAUG/9oADAMBAAIQAxAAAAEJorEfaJILPR43zQdZkml0edZVO0k09tPW56Wz3KQdrxmNQfaUg2rWVc42spAu/wAq4FtZdA3S5vMzKHaktCX1PDQ4tomkjr+cyec2squnWspkKmJTWfb2zMdFZNOh2iSUFQ6C4SHQe0kF6ebz1aSC+bN5S0ScNGxDxX0SSLliXlqknC0WTOVCYDGl0x0mcHuSVwMdMecOlbYR0xKaybu2R+qhy5kE9j9lk8fEpJ7JdnjXK1dZdmF7XGuJjtKYLPbYPgW3ScN/VzfFtok4djl5mE+gzo77jc3SbVMRHb8Rmwtonvo6nhoY20TbcMOEDW2GknXUvCl143LOVanS4VzYNVYpM6Z8K5hby5A7PkMagXZVtuC3zYMtEvSMX51HVaeWjc25OJVicPRvPoBaFGdph0HGS2VpdtD5OlSv549XdyfGj2lEDqsnF4otk1yGZx11LyR9+Ay5Vet5V1WfheM28PtSzc+hPaPt51zzaS6DpeczplpK6OHk0qTszR183zC0ScOz4zNpaJurzfMhtMmb1TGshtpWnL0+XkZaLR6TGuRr6y0Aa5NFQAU1UD389fTCqbC+xbl0xquspmkzEgdA7gkCcE4MgSB0CQJAkCQJAmQyBmY0ERGArABkEkzSzpbM5lqRWPcblMK6Trn9HHHtytehNe44PBpyecOq2kszGTScaClCQ0kJgZwSBkDoEgdAUrEhMhswooB7FIvHMnPOiu07hbpgrQVBAe5NSkFdJjP6OOBdtWa/M/dqHBr46TVEkF6mDKh0CrBikQR5GQ4yBRBkJpMSQQYbJ6GQMwK2ioNly/0Z3Ku0dbb4u7gcZY50HJBg1tFKIad1VJgrpECejli3tEaPPXrVPy+jyk/TkWack07gnBIK2KBSSRKNnRCINZAJmVkIkB7yaZgiMJODRDtqW8bNbSdUGe/Slzri/MFGhmKWgEJho3VRIhXQOvQxxbllkvPXoOH5nRycOjNWAnJBXaGmJwVUMYqHSDgTs10NZYGzSpOicx7DBGs1CppMzS7LTXZa+85dHTPp9zDogdXDjJMjnqwylLHIV+6qMwVkgFr0csg1I5Ma7DI8zo5jQ6M4DkewE5ItCQNqHQVMdokgR04QBiBEgq8mK4noRTrBueq0Z1xuMcbCSboW59F0zt8nht1l5gsxPPzaw89hKYiD3VRYoAmRf0MqIGSNm+vyvM350m+ZbKcBgWxJdu50KnSZmQo0hmuTOx3BnDNzUTYNHQTJHKqPoTvddaZ3BVnlWXnALXddBWubutqwFzMDL54z5FTBXbBclzQCQRt9+XPqyZMX0dbzd8UWudgYQtUMIOq7XGuIrTT5Fzjn2mLhdlkyRTcDMq5tFow8jXguRzut3VvdnTx4y+CrGUCNA6pX6Jz93q3mwJHCU83kS055MFa5LlIApEbPoZ4StEPjW5U8/XJhc6MEq4rViA+i6XC+FPRj19Y7zpcenN4nTPFMZyLLao0Po9Drbc68/wArC0WmS9dV27Ts1ZnP8OYzg4ldVbPevbPvBkcEgHScnpc83b40a4iW5c0yomjWO6MWNhDYPah5+2dW9PB3wZCc9Aiza1sb5OlvFbqB9qedy5ovOk8SSQqwQ9MWgdF1z/MqCtmrfcXqWvRpVGc7x0yKVYjkOfVz0aPEJ0bUbdVQ5+3nQd/hBTWlamisGUrnUl1yKswRs3sQ8/bPb2+YAAReOmnzXtWOe+Kbpz6PZnXraJd/DDiBmInkNpj3tpdGjSaqchEhSzudDWmzT1q4OVg0OP1eWN1+IW3l1VXjrqA15l1Oe97lBDXX5TRAtmaM6MhXKJ1TpVArFh6q4daj+5zc+Xy9R3NVqm6IJDyd+Tl0x6JZno2ytgry+JzTC5UzBWaNXp56NfM0VXlc5GWcxWnXZWLt8/n6wUsPR5qzvx2KeXTVjrzCNWepLn7s4Hd4d81YZUaGszRnDJVTUlamdluCNKvza1C+lgDpODqjgdEba9Lkhb+e7OHvdeWl0Ub9JKnSCq4uksNUXPVM2iqdmb7GbTrc1GdqU50bAz716qXP3CjzetVC8auZvzNHTCxo5dUc+ucdjp8jQZGXG5BYbI4ZaqaKYyB7SLt3O6UmtLXnqhz9TR2OjksWeDXn9fcr6C039NsWIq4YVc/TZ+TvQnW1pZ9o478ufmZaPO+OkVvZHn6PV5iI3OP1oZs2MO2NEeuBgKaYevyCEvnqoLmei2duThWTWWzTOEzp6kMtcZbY9FqY9dXGqMcunPtWcNn2ltz/AFGuNyvG1TlB0Ta8eoorv6vN6uXez3Lndfl1LXD7WVnd3z9XpMurRBy+xsc32+VY0+L1S0cejPffOgO8phrnyl2+Ha0IeCW1bppGOOTMAmqdYJsy+aaLOLxH1x0NLPcWRUji89YnL3ZHSa54u1vzdxVy35XlhBt3h123w+vTXD7dbR6/Ns1uzyMq5x+wXKM+c6Xp4MnoY6dzlujk073ne20MdcUW81KGvJTXX4sN6c5sq5zVuXuCxjU5xEBMuVACRPrM3H0MbpXnzg+jhPtZ7BxWiCrPXhwer0J+H2M3lvT8Sx2PV5/O50a5WzWfYi8b6p4xtCpeV3S6/MxbPL6BxPPmNzt8rkidnmy7Tk9KxuY65Dcfq0a2jxMn0PCp3teCsmjbUdWDG+a5cTpFaJAQEwGgA5q+hzub1c4W3GzbcSKw9BVM0V28vC+qeMXENzU1+jny6evPounEnP6MVNMElEvEZyjD7PPwae/DUJ08E9/n7NwnB7LQx6A0arEB6Xz/AD+pryVoEmiIGozoLUVkZ1KYgrpqppBHSKtWeb1MfH05jy6OGSENwL2fB6px+b7xFCHW1ysRWkWqSH15sw2fbbA84gm2ZSrNKYOvgz8Dq86N7p4a97LbsF5vu3M2LbOno5LqPR+f4w23K0STUHJujHmaQQLN3+fASc0Z1JyDBZnQmZSmd5kTUUHQbPlfQQbk9GUk3p3lcGmNnRSdXHllw7rCzp6oou81YbYVwuc9T5+yXo48pofoA/L+i2chkMKNMztOnzvO63V5uluC5vOcm7uaLTpcz0UVrUp15JaYUmuSsg5QEBjW2FdqIU+zP4v1EY5dESge/vyZkOfrjFiDvhXszuSUU9dKCcIrHHcl5v1/mp2dMKIEdXb8z3+ownnV5Aresk87h9fmaF28aOSImkmPSzvLvXO9rZ78wo35N+vzrgENbYx068mipqOnjv1A/I+oiyoJGFlDhETQuXDRVNauNlo9YUE80WglelZ4n1fmrd/TGoIOj2/P9u0/P0csHp5NfGl2uR34rWj1cQM7DWRyRECvZoJqzeus9fOG6OVIFJmh0sa8+G8pjZW67l7dkXl/Qxg2ErCKCDtIFQ4Nsq1lu9HDpYIool5UiCucvC9T5qxb0yeuHSa3m+9rEFxeo4nyDjouL25r+r3+dkC49SIaA0xGSSe6s9+LXRysgeYbm1nvzDaYNJh/Q+H061Xg9sYmQkyCESct4CFU7OCxX0x0ocPruAHSkRbg17q4uJr9via9XWCQl2ui5+3qjcO2TkT6U+H6OLsOJvI/Qep48R+Z2Qo1JcipexSZK7iw9Dmp9nlRYL+midyNuVJpimDV6/zfesPHRXylUyZ7JpamS0WKHd5csjTLYj5/tOFCi4eTRKfTw84fv8TVqaTIEuM5fokvN92KWmdyGmO9iXhW2fT8a2PzumaA1EKjaSUZU1zexzdbu8JFZflvlpV+fpwovNpgXWjTrIef7tYE6nllu85cXBo1Ne36XjUKU1qLh9iYUJiYTuCYe/FSXf4twdK6Bk6aN/d8z35sFfnFRb+nNzvQ9HlEFnRGE8AjJhK5VFY+vyj9/hOcOnb0+Q3Peb3Z8VCcI9JN9rQx6OY0sPQsPy+i7y5yVDZxWzfR8eF+djvyenMSSipga5alvyYZvQ8JwhoWKSzg6nvsOyfO2svM8z2cHrt+LC0dOGbGZGBRBkxCHRWPs8mu7wZnDqC+rx08byfQop5sgv8AUxp0VHLfiegx7Sy5PTnCak4MzVXlu3yegv65jlw+08ZIMREtKNLfiwY9/iIoXbVks1HovYaSPkuftpUfL9rlew6vPolOeb3zFmgSZGTEMMpY+xyq7vDWkG1PqjOBx75jVmkC7vPTfpxtwnR49kpcnqTU0zjUXIOc6/Nzey0yITj9hQlQZxE1Ec/fhxh93iowRdkrIer29Zp8zy94KXnezC9ear6cMybefYLICLIuxoBlLL1+Wbs8REZ0dDaQw59KaqWiEu2jTo6cbc9Y5fTK+HZJpp4tJmoYe/HjdZvy2X4vYkJKDPN5txzujgzRdvjwiBoA3RtEbLrJb4PbHXCdoSrbedIm3n6MYddUoOCqlUFl61SXT41YdIueBdmXhguWZk+um+pp578/b5PWT5dLTQhidNDxN+TI6/XnMuT15BUpiIlojavj5uj6HjDi0Rga2E+p5PVE3N6Q4ObREAjv5sybef1eTBQVA5qq2ddQWHp7628nIjcj51u9vJYWZcqLJ9HN9gDPfnbHJ6xpY9TgFB6iSGPC346vVVMly+nIBEmEmqZ6Wnnw4rp8yot4IgjIOg0/P94MY6YlEQJMTbebKW3BogkCqHprTLk9HWXdtQ38jHzdEIgibQZ2IxmCWsq7h8ujnp8nrJs9okGoCnFpsLbkzt/fi2D+f9ADlOry5x34K7688+4xs8MnxWf14kixWJvrI+d9EJhtNqNlIgb4rj7+XMYRdjsXUrZ9NJHTq5fV5FE7VFgCwauK0mHKyHf28ermn5fVdZ7oQnKODuWxNeXLL3eK9yNrWON43g6Bd3lV5c+j8RrOZDozL0vN6M58vqRYcipkIiVbbz9NbeXKIDZiQPFvn1n6dyh0+TGo1TZg9kNjjASCzXR6Bp59XPvyerNsuociYicycI0NMOfJ6HgpwUQSBIF6DlVhYaPztTydnoXYWvL+lHXYNNOQLMJfOP6Pz3YLPNMEYsiwOwYSj0tFb+YNBg5tyyYohGaNjGR2u1PTj1+b0LCx7RxQ6BM0+Htx5cu3xkgZBFBJAvRMqLHDR+fueXXTmfa5++8Xk9RoMHX05qWb0+bE+vP3S57dAzBJMUA4ZbR28srlNGHymksrSYIuG9gy+o6Nbw5iNLl3k9Zh57wZw9a86+V6Xg1XWbsDxCKCSB/Rc6sQwuPJ3OG3RDIE4O4OgTA50d02NkSIuCdiYOHW0ejVsqRFWfwNwzaJIIsG9hS+v2p6Cc4nin6eS7PPqiDDcAejivZmuNZY28QThFgeQWfQsqk+VLhrWUt4ZgUgTgnBMDW0d9Xyo8E3cGQOwcStorepyx186XmdqD6SyBohr5KOi3Z3LzwwLq45RorAzqRxTzExvnSYGYEgdBo9/lQwZ9djntObPWmaQEgDkBRCcAlaDohw4zQxGQYbSFzStVPRkyBza5i1mvavYCMyLNfHksdOWN50rB6+UbIqjhzuWpY2bIGaSBRB2Q7s3OyxqgTP09Ott5jDuYXQrIL6CuQNLkA1LIa1eWyCgUNcbUbYcGmcf2KenXhhzLWeOkaKMkbLlNGp3SriaDXQV9JLHfPKFhZtK1cyoY8rOkzHiDoE4dZu43WJPUXF144gpRkFmIV5hNgkICnDoB5tiMriA8GKQVk1/8QALhAAAgICAQMEAgICAwADAQAAAQIAAwQREgUQEyAhIjEUMiNBMDMGJDQVJUJQ/9oACAEBAAEFAsTqBRb8RXGteii56Hdqs9LEKN6MLM+OSi12ejFvNNvUbK7k9OFnV/iN9+jpNoqyus3rdZ6bMhKenenpAWs52Qci/wBGFjnJuz8xcaonZ7qC7U11dOTLynyH73A8R9wdw7Su65IvmusuoyKZ85858585j0W5FmVh5GM3F5xacWnFpjYzXvl4dmM/CcJwnCYmL57MzCbFt4ThOE4TDxRkXZ+CcSzhOE4TjMHEOVf1HAbEbiZxM4maaYmNZk3Z2FZiNpppppp85j0XZFmVRkYzfOfyTbzk8qW+1lyMnGjWux8hnknlnkmNmeA25XlbyrPIs5rOYEsas0r2HdLIrQGYnU/hl9O+HcHRw8+vJr6hgvit3DFTj3V5+PkUtRZ3rco9uuoYR9GNZ4rutV+XD9HRD/3/APkX7ej/AI9XuzrFvkzfR0msY2Jl3m+/uil2+HTMSxy7d8PGfKtyLaOn47NyPbQmH09rhnDEBYARewhhmoCViWbgMxMu3GbWN1MZGPZjuhUPlGgtMDqPEdQ6fwXujlGQ19Sxra2qetuL5Fi2vOmZPgv6xj8LfRgEZXS29jMnIrtrnRz/APYf8i+/R0gCjptjc3jPR+NOn0fk5PW8nXpw6VwMfJva+yXV1JTMHDfKfJza8StmLHsis7V4dWGmbnvkGPFg+oYZqEdlciK+4p96M4PXl4or9HT898U59eO4702tU+XdVlVeirKS3EPo6RljHbNZWye+BYKsvrWSl7ejKykTpno6damJi2OXfv02tFOfltk2d8HG87ZmeBXvvh4lmU7ZGP01LrnufswJCz+hDDOE0GMx8Xy4349gYiymynEOsnCaotXqH2//AI5b27FobBBe/Dfo/Mt8PdSOWVn7x07CGGEbmMOc3K3bx/lc6bNfmcVtpzl/Dqe2tw3GH2/wtaizzpPMk8yTzLPMs8yzzpPOs86zzpPyEn5CT8hJ+Qs/IWfkLPOs86xHDj/FRi7xszA8tOpxLTxWVWbE5CchOQi02NTubj0WJXHiQwQwxm5DH+ayj6XbJX73Y7fw9aOun7gacpuY9Iuh9VqbDqUIPp+j6V+vQ31SNV+rGWp2fQaYeOcm/Mdhdg0W3UP0+uzMxacNJbVVlJn9GuoNODk3KwKNObce1uTdam4DspP6jQxzuU/JJR7qo/iq+qMjVfWbeeDsrAf8dtewwKEHvW/B7W8j1vxHdrOSVni17myzv9t6Nw2KICD6OmmvEx+qNXlTpmlwrKaVzrKgV6dZYTx5QTrXTReXUo3hq/D7E9h9rB9D6MaWxK2sEq/VTqio/BH2nUDqjc4TkRAe9bcHtbm/ptr5AgowPeoVk/24r4dqxWV1L1qX0UDd3c26JcbZgSrhZXbvv0/Kpsrv97KbK8UCzEu6hQljtUAofIHJd6sAYZOJRbdb0qgDLwzSkPdIPoQxpbsWVDlLeHOojjzC1Veyo/tnv/CGlmQ1sX5ThA+oD3o8fJh7+i6sMPdG7lF8NQDMeyDbE6NgVV2O25i97W0uPTZe1fRNj/4nGAyukpx90YH27YfUFUZv/az8Hp1dDZOXVj1rn5PUXwsNcat2CgAtMivjHrFi2mhS44tAJx9lg+hGhly+NuBYeMNGBUv94/7hvbM96l9ozCA6BvJr57n1BbA4lPzayh1lq1ivuzASziYGEXRnETiJxE4iaE4iX2AQnZ1FeJYDE9h2s29uHUtVaxvpnWdYxuL0H4bhnEz/AI3bTXMnORrMTGTJnskszErNVTEltC4+SE6UWVXYzfJ+MCgR/wBVn9CHtdtXVSydrP2o3yFgmQf49z+uPxbc5alTLyv4kz/joB6n1dhiI9ytNy0eNHyIS7MKryDzWBtzzNPM0R2Yi1iTYwNlzcN7lK8otDkX4pWGtxMV+adq/wD202OZS7gX8THvpFuRSLsb8NlxyewRihM6JWvka9KUa/IzWwserEF2UlYWq62X3V0VW5wdsjLbI9D/AKrP6EPa06dCNdrP2xv2ly/HRE//ADRrTDZdNStfm+gs6E4TqX/I3L1B5uZVnzRWadNxq1rWtZlYNd7dRwDjT6gPY6I3sXH2rXlMHDa0Jiq164iqmbjIleOONvbFXeXWHWxRYlf3OIlvsr6/+Pg48Y4WU5LJVg3LZa+VVUusjJapKsSZfW6Vmb1C3KbG5LK6hi1GbheNbuCf0I0ZwDcdWJx0wI7Wftj/AHuNLpxnyADxiRGalg31OmnWV1h5deu/ydE/OzBp5NWvBd2xW5TOCmtgBFr9vHOE8cuqYiis+bHpVKbPk9jcasha/Nx439qbAq455LkDih8rBCdXTIuFSjkk17FuXYdsXLoors66BXk51uQ8pQ2NXWmMM641w2w2GEmD7EH0sb6t/e63mdbOSR46l2Lf3x/uGW/tC4ENgnk5TbBCe2H/ALeqN8GMUCYXTmup6eClqH42LdtD8Mg1sMgAWVDkXDVnlFsnTrVryuq0/wA2IeakQcTEAKZA1kdh7L06z4W2hV89hFTMRYZYORyuX46ag93FDtBi6BADWwwjcWvZxg6qOOOrnm2pqaEIEEX6WGW/vKxtnx7Wr8boD+1J03MQzXK3KRq6pwacTMbbNgVq+c1SOMfYs6mWKTU6FbyxFGrqpdpYrCKFsnVV8d9J+R94ycYGWVqrCrL8tGJ7KbAFdqwKLhxtblZEGyx2cO412rYHRQI7aDPuNM5vYUqSiagaPZyKxvoyustKwyBrLxHexu2LiXZL5mDfh9jBF+ljS39+ZnkMFsW8ifls0o7W/BRaQ+Tk+WjCrDSvgZkhdJUfycBdZ4XVVP72fJWXT1LK7LMCym7yvT9XfEPYSuG3x6q/LKxdc/FsKhdrKPk2KVoxAfJiXDR1YllGh+tUuqNUrUtSxIFo8WTRkcYmRsG8FgdLyLTwfOingLBGHEe5Jglde4vER76RHyCYP3PETE6xk465XVcnKBHxKgCD6WNLf29A+1tKyrIJaxgq8q2iohNCiqxgiovFmzm4NTlWVXU5fmlZ954ed2PjcZ1QfHD/ANNVkVw0tTcsuGOt7c7VnRSPyHyOb3I4rUW2VpRwllAcUm+uXZtgFaPZY6vW5Ymb/jsPueVlp6fqjFpVpSqotmntrcOx+pb7MQCl4EsSKg7OWMcFew7DsT/FyJM/pY0PoHvOBlSTYNeT/q1NSu3mW2VXmHz25NEOmS7UVjbGurotRuUy7DZbhp/E6EQky3IdBfebGP3XqYVgqsxMS7NsFOJSMm4WDlqYxPj/AFL+9iEm12l+PdXP6s++n1BFfZJHum2qy7eAxEZO+SsX61zq37dnu4jkWcMVZn5y9VWgRVLHjpeA7f0I3bx7hnA8U/ZYdo/MzJRxR2qVtqXWXWWEf/p6SD42C41Hll2QK4Fe18bGuSpgVbAzfCVZXRxOo/pv25TG/fEwgY12q4ZZoCixXDKY9UDayGfy2KxWX4qtLJSu8NM9hOnZC2W9TzBRj42OVY/7aauSmOOS64s/wNke0JBaXhPsuuXTMfGyLM9cSi9LqTQZ0zL/AA8pR5ntow8e2D6EbtUQ4yE229TDoORlBa8W7qNerh94+aKKmVSzewx7uETTLZXLWBcGWWnhTyGHR05mlVK1CZWMLhYjVtjZNmORdbOps22xmtpatknScfz5LuXbu31wEobg2a/8SiCcDqdRGrqdWdN4CAws1VlbB5W4TIDbH9S5dhl2lh0fFAeLIpecuLH5TG+D25SFDP6q5iUMUUQfSwwzFsKu7QrMdjTmZILS6yxgB8nflb21KjwOVZzOu2Litk3LUlad9S2pbBXi11GvIsrmYpyZh1tUtirYlFP4uHv0Hu78gPuc9Xt7TqQ3j15DrjbjKVjjli9NbeMfaV3c3/r+7Jz4zO48UPLEMq48bwN1jcqRi7uRNl2wKPyL7MLHDXdMqXHxcF8ga4xIe1Oudn673V01Q9teStOTdXLamRZ/fprQu9CCqvc3N9vqOe5gmvbM/wBsEBrCE7h9WxGMyU8lBX+Gqk+Sz9W9k6W/G9f1wQpjgxo308uJutoxPHhCAzxO0CsjWtoN7THBNyYrrjWUOs6dtqsbINcux/GMXVlFylHTQmxOc2FTGyHqZmJerMsrFuT5KzFMHpwPkO4M32K/LiQO4bS5R3fKj7b7nt79t9nOg68cN+KjHYNLF+Vkqbg6Ha1txGvNiNP6zrOCY1Q8Y+slfHk/3RuW/wAkyECsZS/A05Y8XkUzyKJ/XT7DxFNQPUqvInLUE1HHz+h7Sn5WP9mLAe57YyeOjvv2lL+O2zKWH39OzD+1cPc/fcQ/TftkjeDkamHqWvprtNNe3T7OWNx5KqrXjkbG9S1jkX5FfjwsSznR1erV2pi62Pitibb+1+yRpG+drJ4k+qn4Gm6DVi/h8Xm4xBnKKZjHRf8Af8Z4UKGCMdANuYXC5p/Z7juezfQ9hDH+6D8T3b9tzfZfqE/LOPHHvbk+MdSo8w44uu99NGjVx4vY9kb+OjqNvFOmVfLMG8bptnv1JeWPMccrLl4kv8KB8MYDVgVYijyOdROysRKskxKK7B6R7TCTneVl/vZBLfr6nSqeFJh7/wBibnKb7kmCPyU2tKP0h7N96muy9qV52dQcG1/sAqazxLj+X6PTSNL+9VlzVLiHj1mgJmUKK6rRuvFPDIy15UzCOrcgblwYjRWqlNJaJUvtZFHw7KeLU3+3pCkzpgj/AE/+ybgXySrjdYtA1YjIT2J1FhM3NQehpjsTdl1BhjAL2PY/t2JifUXjiYl526Ddl6cwJUOcf967PDOnW05F9VjcBS2s6uoz6Mv+Fm+SXrwtw/8Ad9h13Am0VZlaAxl/hZW2qOZ4rOPFog+fDtxhGoIErrK5eN48UKsvbSlvlzE5Tc6a1Yv9mCX2IOVFkelgG92gG5rXq47CuglvsmO3yHcj3+u6NsTqWV5iPaUf7ncBf3qp963+UJ96L/FkjOPDl5BqX1Kav66h7X4bcsXqNerMT9xyaAewiQqDAicGor1+Is/GIifkVw+YukDANNGVj5/jWGfiWTGqNczW+PcRNTDG3RG041GY1yvbdvubInsZr0OtRGv472ATFTUH12P3PuNK/ZYterW/ak/Mqa6sYzH1q7/bag2w4norzXibynfKzw//AJ6ks6a/xyq/JVhj+Udx2/o9veByJZ7hPqbg94o06+6KHgmY229PTl0EHtlnS2Nu1T33NQeh2KRs9YK7cqV/X9Dt/cJ9DLqH7xzqXvyiNxfkeQAEfZDz/juOLj+JUBwVFv1x1o5y7x8B9ZM4ePN7ia9T/qn12H2P9lR1XyMJ2clfS2OqzHUAV/WUNrj2cMhCCIJ7GfU33Ms+sgav6VnJVG1y7n77rP7ZtrN9hFs2QZ7rDt2/4zV48cmGZOkt5TJ/1Y/+/cyPQIR2Pob9U+u+0atSfF8uKv8AC8fx+nEO66/q6XofzU/XtsNNel5mj5ARP17CN+3c/ZmRoVmGCA7h9j5TAS8xvY9N4/itcEa/OpUPl+clo52UrTluBd+hYRCJ/XdvZV+j99q/35IKrLlET9LAuvQJgH+FPq6cR+Qp7CEQe3paZv6A6NX6Dufv021sUPuD9dt+0/uqoeK3Jux0FVmQqY9aTcY9lgjNodhKRuP7Qmb9pubmQT41+jgs5fprBXwbK6qKLHW2qypSwjliaMWtkuXx29xOmn+JPq6D3t/rsCR333aZn6D7X69X9p+rSr5LlUeFz6QYt9ihN32fXcwDcWvs8H1BOl8XmX7Xbjdte1x4rZZ/Gv12zvedPbjjZ926uPtWm5i1tcc7Fsxn9HTG9q5dFB8itNQDcI1DYJ7n0GZv1jLzuHbXYCaM1PYSp1L2Mta1qFW2tbFyaGof0f3MBNIfQpMJMZ9QBnmpqASltSxvfffL34+ZYPWQi/rGYCZlnNUsKKx5EHgPyrPBRkJgV9TzfzfT05tW0mXCe3MssFgE8s+TQIBC3b6EMzIh0acwRCrTUs9h57AfybYci0wsWiMUa21rWxm50S2pbUy8V8dvRSvN10A3o3qKrPFQJ2Fi+bU1NQrNd3QullfGXsfGv6s8tJhETiRZ/s9zPomZOF4cb0Y7cbqDLPp1/l5GbE5rPJC0AJmgk+++YPYdhEybUn5TWJ6sAaw+3EOOoY649pPZFZjj4/CobUk9wCYFAnPcCz6GMy3+gw+lvddahEKkzx6j1z6nKfZ6VQlub17IXuv7ZCeK0H3xj8T9XfG0Hc1CJw3OKrC8+++plAeMejevXjD/AK3frQ+OpSQrU+PhGUGFWE2wnJp/I0WqAR3WsZeV5Z05+GR6j232cqbNTQningWZ1Yrs9SHT9V/9Ewn3QD7ZYiwGcjNz2ntPabWchCZltyUf48b/AM0326w/w7VXPUU6gIMykz8imeeiHLoEOdSI3UBHzbWjMWMx/wDf99yBNd/69u2Z/wCnjucZxirOr1/xeoex6trlOmf6Ulo9rC1FiZKQcWhWamhNCewj3ARn3MiD/HjD/rnv1dv+x/k3Mf8A3kTev8OeNZS+Dt/Q+uopyxPXnHeJMH/Qh97JkcuO9wBtq1gHncT8ltHKaNaXnGKvEZB23qPopqNkX2E126md5f8Alxf99rB+1bsqeozqP/qdi9lNSCq9FR4w2jDXbXpyv/LMG0cFePZ7ZjFFUfALNzRjewJ3PeLy20uPzH+LFZ2L+03PKYCdZ1P8/iSeJJ4kniSJjCxloVm8C8VxdwY+yaAJ+LGoCkY2xXiOtnhcwIxgBYtVYIiu8NVuglhmmmmnjsmVWpu6fji40aavgHjovlvtAD0AQqHtyAox6a9Jd/Ja3sR95WRXdjzHbjZWByt+Notr8tgeiwtufOeQiP7wTUTcZdTRdmTiP8PSV3kE7RzzY/eF/tcPo4y8moQC+uqquytbcvE8bIjVtltyOFSWOJc4F+U+6xtn6iS2Xhe1FISvL3yiW8VJ/l4KJjkKLMlGCO8r5NLD8bAWOepN9bETDu/6wb2NpM5HjexMYnf3AWglg08WneLOn1eTI6si4deVdsqvOU3/AJFBqKuagJ8Qtpie5WKIyL+OtPjsyv8AV/h6UONRO5xPkHbKJNqXMo5Hc5NEybkDX2seR4+Ro1rs3lfh5rIzFol1iSm6w3G1zC7RXZT57Z78Z5HK+RiebcfK4lh8h//EAC4RAAEDAwMCBgICAwEBAAAAAAEAAhEDBBASITEgQQUTIjAyUTNAI0IUYXEVkf/aAAgBAwEBPwHnIPbLTGQjk57ZGRkI546B7MZ7fqjA6hlv1lv175ycDIwDgZ5y77wEcD2TgYIhDPHUDjnARwD2yd8DPbJwOkBHA+/YH7ZM4BjqCn9U7CUDKj2xyo3/AFapIGyYCFHpWk+0P1qiCpOj0qU4eyEf1agQTWwFEIiR7IR/SFNObGORCp0zqkrjL/YCPsHrGKYXCfuMg90z7OansDqGCo6ghhvCiUOERGGc4jDaZf8A89gdBwOMgQE9uSmtkoAJ4HbDOEMPw0wjuj9KFbtgBO56xh5goOnI4UpvKcYUzmFTEJoRw3hTio0xOaTHO4RGkqk3WYCuH6GbewMVOUGqY5wOMBsbohELvgHdDjD8M4TWyoTWD/HgqOyp2dR3OyawMYQnhWtI8heIegBnsDFQ+qMHhNO67YHAU74dyim8oGQgqmGcrhWdIVHbqs2Y2VC3DTqT3QF2TWazCmowQxV3ue86uqMDDmS6UwbKtsFTO6HGG/WOyPyUINTBsmuhVMBHcSvDzDioTKehmlVgdgu6os0iSrm6DRFNf99mUEwbKrBag0Sgg1D5IhN3TucUmlzoCuaflELZVqMUxUwE+joZIVkPWSmP1iRgo0xKqTEBV9nafZCdhpkJ/GKbdTtKqkaiAmHdBP2GbGyfq8168QdsAgqB/iT5Dt1ZUhUqbq4/GUyp5dN0clWrSymAUOVG8IqtWFEf7RcXGSh7DU6SMMmE47qEyKFPX3KoWz6/qXwKaVUO6CsLXV/I7F7S1iR2QKpUohyvrbWNbeVaclMvPOaabuVZUtTp7J1XSmqptuq1UM3KqVDUMlbd0074PRyUU+gKQH+0DppkHFM9lU2UoWzq+kdkymGCAvELfS7zAmuhMZ5xMIMOrSqbdLYCCc2Sq9D+ZpCJ0iUysysPSqLdNVzVwvD3bkKoP5SQN01OGyvTqdCAnbFGu2m2C2cGY6Ao3RBrMa76V0IwDBlPOoyqNPzHhqY3SIw5gcIK/wAWlo0Rsv8AFDKgcxVaIdVa5DB5T2yQU4SCrR4JgK6eadV0YsnRUT6YJ1DlMR4Vy6axTeUecnpJVlUGos+1fMLHAdHhtPfXl2wwQmuDqgwxjplxR5zb25p1HOV/+ScW5ioFUJDJCtXSE7hUx5j3P6uQjxPRrVRznH1Ho8PbFPBT4KY7UNsMaBcTk9F86asYaYMo+pkKydsW/Su36KRKtmQ1O2OCIQ4wzlEbQp9ig3SwDNW3NR8zsogQMaP5NWTk8q6M1TmkZpLw4mCSvEnbBg7o+ipp/wBKu2HnBQTSghum2jSJJ6AJzRbLwE0QMxg8rup3wcuVwZqHNvJoiFpAAY1VP5boD6VwYrtV180T6oR6GuhQOhnGbFmqr0Th5RqBhgoVAakYOah07lV3636jmyP8YTqlOh8d3KyaTUc9yvdqjSrseuUfydI5U9A+ObB+iXwmkOEhFdslXQ7qh+UHBxyV4g+G6R3Tuc21csGkcouZS55KtQdEkQvERwVdiWgqps5AIo4Z8gvIB36P658N0+XHdOpOpnXS/wDiFUVBt03NXfSFRPrGCipV+Jgo5aYMq3pNaNfcp9U03tPZeIj0KsNVEFObqchsMwmfIIcZ81qmWZpuLTsqF2H+l/KIGvE4KuHS9WzdT5wcd1f9keei0M0gq0S0FXomkVS9dGEBHS3kJvGRG6/oMs5QVs6egq89LpVlBE4Ob/4dLbxzGaGq1JqVgSq4mmQrLdkKqIeR0t5TeMyo9AzTTeVZOnZDo8QHpXhnzODm/Po6vD9qqrfEqx4KuhFTpCadssoB25KPGaabyrEeo45wVe/BeGcnBwFfn0dVjSdr1Kog0N4V63g9TeMse9uy7Zp8oK2EDJKKu/xleHfI4OOyv/j02lEVXbqmwUxAT8Xx4HS0bpvC0qMAZp8oK3+PTd/jK8NG5w7N4Jpyj0eHthpdgoq94HQG6tgoLdihxjvgZZyhyqGzRgmM3n4yvDW+knBC0oua2AVeVP6Jw6LZummMkwrwbA9FP5J25lN4628oKj8FqUdyiUSrz8as7nyXQ7hNhwkK/rupuAYUb2se61mdS1l7i44OKbdTgEBGY7lXvx6GGHLkIcdYxQ2YtSLpQ+8Xf48Uq76J9JVeuaztRy3DsWNGTqKb9Yj7XKvnbBvSE07ewFbH0KFCJnFcegz1Nw7hU3aXSUzTHp4Th3C1OUE8pxDRJVer5r9XUxzY5yegpvCtdxCbqGy/6tlqCvn6WR1Nw7jFremj6XcJt5Rd3Ru6I/sn+I0x8d1WuX1ufaPQUzhayz1tVC5ZWH+0QoCq1RSEqrWNZ09TcO94YPQU3hHhTCp39VneV/6b/pVazqplyHPU3Dv0HdLDsqnCOBgdQVtQ8z1FVBBgfoHpYiftEb5KHUFrNIMpj6TjJn9UGE4ynfeSm9QVe4Y8CBvHv//EACwRAAEDAwMEAQQCAwEAAAAAAAEAAhEDECESIDEEIjJBMBNCUWEUIwUzQHH/2gAIAQIBAT8B8HT6u8QdQvUbqCHFnCRCpiBF6bS0m+dd6k4vU4TRAs4wJVP83Z3HVY2N5HF9WYvr7tNoWru0qFC1d2lQoWZvJlZWVOYWVlEzi0o5whixzte3UmP1WqD2Ex2oWrD7kDIm1XBDrv8AMG/3XHN25NimZzYmEz82eYCHGdjmzaoNJ1hAyJFvB36sVSx2WqCWqmZbap6NmiF912opxgJlnn0gICBlO7jpQsBrMo2N3t92HY6PVnt1BUyYzZze7ULsbpm1RupqbxbOq7LVMhC3LrPMBU2wM2cdR0hAQjsKiU8QVqQKn/libhumzmzsPCI05VSC2VEiUMbpUqVKlSpUqdzBJhPbpQ+E8I5TxDU04/5emALpKrODsKIU/C5VPFN+KLRNxuocpwjCeJ7kB8Eoqr4pvxj9rPpGwsLG1Ip0lEyVKOFG79Wq+Cbztn5Bwi9NdNgYMpzxpxYBHhM3kqr4Ic7IRMFA2G9/FnnEICUBpKKCEI/pcoppjeVU8LDY4ICE0TeLBBFO4tElAwnXNuF+1rA3kqp4IXaij5IhDhclDCNm8omAjKzGb+0djML9ouVQ5Q2QuUVV8LdLRbVYZVbp3Ujlf+WPmoRTWyi1cKQgQncpxRsFC9IG+oNUynGBKpjU7KjYEFKq+Fv8cO0qt1bR2xKNIVBqprhHzsUCpR4XKhHlEXCGVK1S/FjXaETJQVZ35XT5JdtC7SpPtPd2xbohHTudag6HhdRTEEr77+lCPCaUUebG4K6h5aMKicFPfIhNbYuhdpOVTaA3C1ZjYFqQenmQgqHUhlI0yETldINVUBdczSHJ3NivSKPClB6dygVKlH8Jq6oYQMLXqdKZZ5lU6RPkpK0qdxRGVlFU3FjpCqV3uB1e05al6QKcvS0yVIAlU3akMJrpcQoUJr5MKvwnt04TUFqwh+1T4m4G4oc2OChzZ/b3FUwYkp4iwzZqr1mhuhq6ce0VUHfas7S1UsuRbqeJVc6nShdrNSGEbTtlFYmzkFKd/a/R6Cq1m0sI9wRTQjwq9XT2ttQdHKhVKmCFQqwdJVRGh9M6guqqQIQZqs3KY2cJrIwqmvT2coB30+/lOEiEPxsGEEH6yolws4JqhfVFLUfac8uMldJWkaCi2U8/T5UiJTzJmwdCpVP6zK5RY5nkE49oNuqCy5gZ9tmlUsCUcZs9mr3b3sNvBxCpXaICqP0N1JzpzZri0yF/Ifq1SjW1MIcqVSGOCN2ugEIKuMAqk0OYJt1I7VTdiDwimqn4J3CFiuNhtXbjUqDtQnZ1jvtuzm7QQwyinOEQLhPra2Bq6fxQVYS0qmMwqvMJqedLQLhG3vc0AcbOqMvuzGU5pbzYmaKPGwIKgIbNnCUzD11LYcqLZeqxkocWCPNnIKN5VQy43p1gxsRlTNmu7NKPGwIKlhgQRThFRdVl2F0ozqXLZVMy0WCcnDKKKNY7JvUdDZRsbjhBHi8WameAQtUj6hBTcS5N7KMqnmmVQ8UG9koL3YohSdh5v1LoZcqLNTWE5RHbsCaJwmCBAQtXHeUGOqc4CrOGgBqoZaQqHih/pKEKc2J3e79QzV2yiC0wUNgVAqp4Hb0wzKaiLVmDyPC0VeoMT2p7Wt7W8LpfYVDkhUcsIRxhN5TTmxWvZ7v1U65QcH4evplhRuFRp4lVB2nZCoOjCaibOAcIKquPj6CpsDmkLpvJMMVE14pslO7jNgStSkbB07yi3S6LuEjKfRjLVJ07AqLYaqxhuwcKj7TblVvMqkDBKoeaqdtRPM/CZwnmXm7uLVRsC6cy2FXnbR8kF7sV/Ha52oquAynhUz3LqPJTIG43AwneZu9FVxmdvTLqjLBto87W8Lq800zldRymeO43qdSWYA2PRVc4FuL0OV1HG2j5bupeNMJqJlUjuN6opuE+9j0VUydtHyXUcbaHOwKtULQnOLuULUhuK1onEoFOMIWdwiqnO2j5LqNtM5QMjZ1BzGylYCxMJuUbekMI5Qs7hFPypQE3o+S6g5vKAJTB7VN3rZVMuuAqZzG0YwjYCwEXPFncrTaLUfJVqesYRxhdPTDhlfQYtIiE9oa2AphNMizjAnYSqXOyFObne/lQUGwjal5WdTa/lMZoEC9Xi1I5i1d+IuSuFRHv56nNpQEWp+W6rxZnKcJCdM5QKwphASmM0sjcQbShsbxaqPaMG8FdOyXTuq2Z5Wq0NeQjRePSFJ59JvTOPKZSDPiZxsbwitIdgqpSdTQKlMaXlNp/TbG6panz8oWmALM2NRXtBsp3S0yv4gHtU6YaMJ/G6panzvO4IjFmbAighZyCfuqcpxhM+GFChRZ1hsaIRs0yFkWCfud5KJkpvzGw3NCp8woXtBVNx5TQh83/xAA7EAABAwIEBAQFAwMDBAMBAAABAAIRAyEQEjFBICIyURMwYXEEI0JSgZGhsTNichTB0UBDU/BQguHx/9oACAEBAAY/AvDrjxKXqvE+EOZv28OZhX21gi12vD4VbT1XI4FvCHD8pr2uGccQZVcJiLoxwy4wIVPKQYHFlaRIbHEaz/widtuEN0buUKND/wDnCGtEkrxKsOrfwubTtwTtxdK5LflaZnlDxaeWe62Wy1XUsjXtzeqiqfYhdS611rrKy+LlPqsr3G+hG66iuorqK6isnilqylxI2K6iuorqK6ihT8QtlBviFwI1XUV1FdRXUV4fiFu8ps1S7MuorrK6yutCmx901rqodPZdS6l1LVZKcSsjyPwtlstloFFOnmPoi0At7qXNJK6CukrpK6SiQyXd1LicNVrhdxNTtsOK+Pg/GjxKXfsvG+Dd4lLtuOCRqv8AT/GxfRykc1I6O4JC8Gt1jdFj+AObqEMv9RunCx/YplUfTwt9iqPseGpU7CE/s23C6vU1d/Cc878Aa0SSo1ru1RcdTwZWfk9l4NIB1Q6qTjos74p0fuO/sstBmm8qw8qaTvcbFcvyfif5WWq2ChnEt3CB+Ga9vcOw8H4nnpG19l43w3NRP7cAc0wQsrrVmoseIcECQHDsVmZTFMdhgAekrxWdD/54ch1jKoOAaz4dlMjcYUlQ/PCah3lyLjvgGikfG+6cGs21Psh8PT0GvD/qK/8AVOg7Iudg1za2d51bGmH20xq5eB8IPcolxk4hrAS47BeL8aQ5+zFHSzt5d8LLwvjW+Iz7tws9J4fT/fgg81L7V43wz2idWcAcw3QeSG1RwmlXPC9rzDSqjqfSTPBTe4wAVS8MgwOEUabgTEW4X1D/AFHIudqeDx63S3QKT08EvOWkNSvA+F5aY7cEMs0auOyyfDjPW3es1QycbAmNeJrmOzE6t3VrYVqpMZNL7qILT6rLUF0PF5J0J0UH9sL/APw+vBqsofy9uHwmkNb6cAzXC8GhSbSpnX14qcOz8u1iFzN8SG+xGDmtdyu1CqNqMEkWPqoaZAUOEgheIxuenu0qRHl3K1WvHut1ut1ut1ut1ut1I8s/EPaSwFeL8HAbE5ZwhokqKjHNPqMdVqjVawmmPqxFRzHBh0JHkU5yvtqyxTreJDNrFuHe+2qcRcAXwaqvtwu+bTpx9518j0/6IcZ8er4bfaUcpkbHAU2/krwXzTptEZQU/LULGO5dEKf+pZm1LYus3w7ACLErJUbKLqXzGfus1Oi4hFrhBG2GXMcvbEMqVHOaNAT5DOl3LrT1TvrhvsRhFjfRVNJjfVUoy/og11k8Bc3m+nAHQ10bOFkXQ1s7NRsDPccDW5WjLuApgGDoVmLWt9GiBwAcWqtwAwXVahGmwOiNSl/23eGSqQ2Auv8AUgl9YD+kNfdOymJ+pqNMt6bSuZWXiU7VP5Ra4QQvFPxDfF/8ceWyWt06qW6JpxUhvsRhtroVVBjTQhUevfXTXZQU6DbsrqW2XNwB0B0bFF2VrfRvHfgPiOLfYTg3I5xdvIxdnc4O2AGuA8F7n95bHB7cXMVmpyD7qHWOLKdU+G9pEOB1WV+TwIk+qqfOa4agSmfEeI+m4bOFinudZk8oHbDIzmcrrmXzWz6gwnuFV7WjuhUY9tSkTGZvlNzNyW+lEwKoDb7FfKnL6qM366Ko3MQSNNQVSt+/rg7D5kE7GIw5VzW4PnZ4/tVuKDwZs7Z+3dQ5wb6nGC4N9Somyac4M7duBx4IpCUPFqT7Lo/dE0iQVleNOAM+J5gND2TG0vmUyLQs7+Z38LM9wARp/Bs8OnvUcoBc5xuXO3V8crtCh8Hcktv/ACiO3kt5XUre6JgOAGrF8t362UHVf8YuVwhAUprIbbeLq65Sr2wgaq7Sm5c+f6p04LlStFpdaLRaLRaLRQ3H0UGOBrAg1uEmwWqNQdJV8LYVRWeA7aV4Xw5D6hXjVM1Q93tgfgKAgzqqHRo1XiVzzbNGg4K1dzi17SWt/uRPkt66Yj6rqocmaG60zEY/8YXsjjZDZXQzdO8I5Jy7ThTkbH+E0xma60Hb2WmDXuLYPqrLuVZjlDgQUL4xLR7qJC1C1wtqsoC8OneBLnLRe2LF8toPuoqgT6Ln6QnUw05m62RHdeNsHQQrYF4HKNTh4tT2apcQAsvwjMlP/wArh/CJHNUPU92pV9ToFmrfLb9u6MoN5sm+XVNoUmZKDdGx+54DxC722+tPmnJLbGmeI5VfhKjCmfdUcvcq+EYB2W60TZFgs7Oj+ODkabaqwM74Qg+YbKlsZIt7qqN36oN0VRuLFlb0jdRUqeIZmYV1ph8Uzec2Bk32EYDK6e9l4e2o9ED8Ucw2BVyIXyR4bPucszpdU3e5EM5z6L7W9kS27zYLml1V2vpwRPFq7p/7ifNLMYsWHRc0/nD/AJ8hpc2N77oy0td6YsKp+66bK2AVl0CPdaEFFriLrKdsNFotEMjST6IMeC0+qA27JhdQBb3nRQ3ZFvg//eVU94xmOZrp/CBQtKBIYPRXwPJnkRCJixtcKZTRa3pwU/lfNG6ORpLlNR34wgIZhmqnpaspPzHXcf8Abym/Nz2+sI/LBt9BQGap7PC6Qdd1/wA8eiAk/lOH3YtQwuvFzR2Tg7UYNy1bbjuubqhDxmuObsjl6VC9MIM5e0oB+ht7KlVHtjcgdl3CqR3x8InLm1lqjsrqzP1XOIwHZQDy9lddMjsFYfquapH4WVt/VBHDdRQYKf8Ae7VOcOZ+7ii52p8uCcvqrVG1B2zLmpK8gI4wEThotCi0dpVEPaC0uuFnaMsk2GyF022Jpn6Sn4WuuYx+E8Ay1DL24SeyNKp1jQ98dk4DROPrh7XwjbhAlMDXi50BlQ2T/svTD0WY74+ihpb+is1v4XOcMtFhcUPHbE+vl2eVzZXe4RwkIOWWFmIkhRUDfZQMrVbsqP8Akh7uwhEK68RkEH6VmIAnthIErRsdpTyAj6IzGillwsoifUq4gpziRG0L8K+uHSCvCZGd+mDJIOZuayqutyxg2ARyiZMq7t11BQ2Xu7Bc9iEVmQ7kzh6p69sJV10SuUBqEutuU7KZ7LLTyR6tUPyfgKSrz5fKoepK1XUCEQNFMXTghlsm1Gnmb3UODW+gxcW6SpcrbJhHZXxei6dcKhqXimSJ7qXaqmXaOEtkrL9CGXZZm2cunOFl8F8qapLTtGyLan690JlfnARd2i53ZaiioOYKGNDfZOhOy7YDCf8A3RSNVO2Gq7q/EBtCufL5goDOCYhWwgY9Kyst3KDYtupGic0aaIAK2HUpNxgZMWReW5hBsoost32Cp+O7xnsZkgaINpsDKY0aEUJ1wkpy7qYD2/czTEVTdx09FcrM3Vqlo2Xhs/JXNbNeMApTh+VB6m46rl1Rk4AmJ9AnZQJwhtyr2suocTsxiMJx7KyktMHfEnZWw5lZSRZT9CyUQLKwLnFOGeJ2UHVZanR37KWkEHA8Hi/E2pnRu7kKdMBlMaNbiXFdjhdSzQHVZyANhCsiaNnfZ/xhTcHFsA6L5jJHohEtRYHA1XWgIOq9Xbsm9oRLjlG074Qub2U/g4a4myf/AKqs2kG9zEpo+GqeKyLqvnY7p5bb4CtkzwNFDnBjajp9lUZ4rq9uVzLCeJ2iBGDabd0BTaDlN3HUov2KHZPY5uadiicsKyh45VLbhXXJh4YPKdV8sS6FNYx6BQwRhLbPUPEFfLNuyivQezlzTqEyWOaDfmCa+lf0XO0j3WZ/9KnzO/4RJ4hcwo78Id9/8o5ftV1ZMqNQcNCE3pn+5TVqFs6cvBJ9isrlN4RVoXqpCzEA+hWUUmD2xkOTi8C4gcUbHAO1CY9i8QDkcstQDLtgTwSFDenE7MGpQa0QBww8SpAuuVxjsvmGTsnB3dQ8SEGfVUdmPtt5DfS2LAZh2yKB7OQawwJx/wASh3YVmGouE01pfMxdaQMe4VtXXVS1mEHAQSCrIiVGgRECyAAusj35GjUoNo1RG91mY/mjdOIIa0blQeASgUFJ+lVKVaSzso+g9JRNiPIDRug0cOpXvxR2AGN2S/3t5F9Rpg8JrRqEJQB2wLfuChU21NFXptdLG6Spxt+FUpuu5wxmPZXBCAV02EbS9xlXaVWRpvvSdqFmbeif2XgGJ2KLXahScNVBN9UfDi/dOcRcqNR2Ky5APXyJLbNsOOQCua3AU71AP7eYE53rCET7ooKE1w2KkKd8yFcHmB1xyjUrxXbOGFRvrgMo5vVZXXvqE70wnfZNDyBZWgqtMC2BBu3cLNT5Ss46hhfC/YKVKPktbvvxNdEwV8ikGeu6k68Ina3mBU+znk/tgSvRSFI0Tf7bIj+5VmsEM11lT+quuXewRaNgmnfRCoPq1wOY7IZHTuU44SFbA6Se3C4VPxjO+JKAC2UHXglAZBI14tOE8P58qF8ODpcolH2XNsiMKo2sVVBMHVpTZJMhOZ9R19Fl3cvEOg0VT2Tmflexw0lS1qJcnkhGQrIHujGNllb1KanO7ueP2Up3Cam7uLXijdeq6T5ltyoZ0bYXGFl+U7une/8AsmZG7fS1TVe1kndN8MlweE1oTh3CYfwiMQsoaoi/CDjI47BOODsYBE7DuqdJzcpm6AovY700UPaQfXzYebbLMQiBp5Awzuk1XaYAIRrhJ2X5TSBduvqqwJeLAiyyse6G2gBZiGt9XFMdnzvb6WxI7FA9wnN9eA4yjNwrXU5HQtCgCrGOH58k/a1Op/6Z7Ad21EcrswwngL6rr7SpaQVE5m/a64VwaTvS4Uth7e7bqPJkmAslC7kcxuneVl7CLYBSNkHbjVAKftwZUpugjVT8Ofk/upmcPFp6bjA+t0z9Fn2KJVuC4XStFZWc5cld4/KzVKhd74HlB98QptdatUEyo4bugLkc7+FrKvZZgSPZZnmXOx5uL5pHsvltDG90Tt3O6Lt3ccDF0mUcHbyiPRRumj91ZSFVpnTVSOlFZXCO+DHfhOZ+UWotO3lnhCEdkOWO6PG098cjTHfg5lbhJbEqC1zj/cjUd0N8txTkZUIL1XN1rvhW5oIjZQ6/uuQAKNyZR7J/6pvrbAnZw8s8IB1Q9sHoOHDLviKXs26ZGwwKqZ91I4LcTl4Vc8uxjROi4J28p8o4yuY3/lQVrZQ0XT3OEEuxI/ODvZM98Gu7Hyzw0yT80GPwmwCTCJLYR78bT6Yw3dQcex4xgB28o9yeK+GYppGhur291Bqtn0X9OI3xByjC/lnhCGcwvlmyM6IxPEz2xc70jy59VZCeA8TiBoZ47poOu6+VUyjsg/4io4laT/0JjCQQB6rleHHsnPeW2WZjJ9UXVGWKECFLtUHGSU5vY8Ixf5f583+06K/FDXW9UAZ4r8RDi0e6dBB9uDWFykEr34IcSGEXhflZe6KuslEXAlAVSC51+GMXwVDsbqyvwhNHDqtcLotaQVL8IeFDtNjxl3fhsrnDmsPJbCvqp2hDGFlwJ/CbRaGADeLlNfTq+JUqDmAHSqZIgtnhIxd3w1srYXUDD1xCkKKn6qQQcepa/sutcxJQc3UKXlUz6YZXiQr3ZseEDZQ3Ti9F64eGbHUeRYTBU5VA0Qw1w5oRyhbIyVYlCrmnuI4W4kjVaBXbhYYdl6qeKys6fdOkDjp+2Ja6I9UMps7GGiSr9XDZc5XLhJTnR9XlEKMNFfhZ4jmhrb66ofDUjpd2ITmnAY3w0xsr8BnzKf8AiOCl+cBnEtU0gIOF1yu/VdLV/TXZXvhLzCyssz+UBs63luuJBV+ARoRxgoEfbgzCeykXC3bjqtVqtQrLsj28yl/iOCmz1nHlP4XOz9F1R+F/Uav6jV1/svqP4XKw/lWhqlxnCn/kPLqe/Cx/Y+RSeNHNw/OPL0nZXOUqxHBpjeyHmU4+0cDW9h5zP8hhfyXomoQ07Angqel/I+E75cGYuLdloFovqw0C0C1P4w5ivTyyY5RqVA4HedT/AMghDQ222Dg3R2vkORd9RMqXkkxeEAPfAjv5Hw3scMp2xAYTLijmCt+y3VlchWwv5ooNPI9wkIFaqdB64E1GG/ddK6V0rRQynmPog0MkrNktojFM2uo8MyhLNbhH5ZsocyCpFMwmHwnAzaQrMd+isFAElSWOHrC5Wl3sFem/9EOU30R9EPVdLkcwuiXZuw7Idr/smujW5umhv5Rg/kIkTLu91zasbP5UDIX9R9Uxtp3RIFsWNDSHDAToolQg15y5tHdinNqa/wAqxH4W67orRWwJwnys32jAN21KnfQId4OX32VUfFNfkJblB1JnZVHCiHfLzMbcb7hOe2jmq5Wk0r8s/wDv7qq4UwXZmiCemWyQnjwBJDchynLovD/pm8ltS5hcrB4mR0EOmTCDB4WaTzw25VGx0m2ZfEZm8/hW/wB0XElrAABmm6LZADhm7d//AMTySqVm9Ume0hfDOyhuc5hvIXitzRSPZfD5BqYJ/KzE2bJ6syLQAC+w19CqjnAkAaIgU3X/ALv/AMTL3aJVUSR6hM1iwAKgaFupH/vZF3dWJVIdgt1yyMLuKuSro3N9cDg6r2dGAnQXVKmBNQ8znKN0bptGs3mp6P3hROi5ySrN4Xl0x6IjWE3yifuwLhGNyqm+cRJUyZw1KAZUcAgXPJOiyzy6pt+nROcXXcIKDMxygzC6zrK5iTsuVxFoTZeTzZr90DmMjRC+l0S0wSusoibYEZtdUTJmIWWTC6ipfcr/xAAoEAEAAgICAgIBBQEBAQEAAAABABEhMUFREGFxgZEgobHB8NHh8TD/2gAIAQEAAT8hzYGEySZf7fIlkiUk1L8GaTycMt7RN/7ZA4oeLly5beFlXyOmKBnkpuvFy5c0IaHqNh4K7IsuXLlyoMEzpKhKwcP6adEZbMlRXTL8X4Ny1dV0xZcvyBuipcbjjwvyRcGeolVYhRXCOitrLly48JVAcy8tH5+J7ihT1i5cuaXtuaomYfCz/wC/Gbs3qEQPYuWZN8XaXBW7j4J6glObherhcAPYGf4kO1+J7X48RQdzUH0gXpRadvO6F5HF5uXjwvtn+rP9Xxf9WOTjHccVpGk/xZ/my07zCDEbC9TEK1uq/QyJ7kpILNuiISDeGvG/yJ/kSun8Q7eec6ILHUvK5feLjl14NYPXdZRptvCPWDbfhLz/AMSZ/wDGDexyNRlvPjU9n7TNHqx2kvqbGPA0TY8mM4IBlbhhORsWLf8AqDsrNG/+kbJfhwRBpJUlaJz/AMZlF9A9Pi5cIqiZEinDq6PZCopNPZ3+hFKSyBrQv5ckFNO/Fy4onAzcG1/T/iMvwMo9oftP8z1F8XBlhGg/f/yYE8H9BMdQXmOYZj4ly5cbkqgIXrAcv6j83C5fimeDK6EbAXJ2/MZaLZiUdE9CVr6Bn/HM4S1LTczwE4QMEGIJtGHPUCLZgcHbDKV6eJSs4Hh+IwqTgauHoayL/Hj5tTL/AOJlrcoy/wDiMvw3LQZidqPT/wAlxg0kEtD6GYyJ6fFwc9PphEfbXHhfl092v+oFcCNMGk5j+C+fxV7LP2Z+2/rHf6Owk/X/AMj7Irlz25Tx/EuL2W2CuKLT+IvkicCvNwjlrepcGXpH80uYB2PR/wCyroT8vbHaJtZfjG1Q5Ie4AdHz3KJeAEWPHhohrx3iPBU9ah8pWFUnMzuOoCrR1nCPnb42uPiVGGVtJ8eRlDQQOJ6efX6LlIdChf2Zs+L8b+bz3EoGkr3+gDGUWVcrWnuv0EQRQ7ccxf0UHIYzHetLf0Me97mO0w0S5cuW+zf6yHgMWG7LlyiJ6EhqZym/2PiPmp4uP0jKhqcYaRYnHwAhPEKH/ZZfvRMymEjJGelSqbeQwuDqu27uYWp/9pKCD7yI61ArCvcp/wDxxMecTEx+myY/Rj9GJjxj9Fy4pS1dS4sA2k6CZ2ehllh4uVkB61Fly4RC25Bq4XXA5ftOEdE08+hur6iBcQaB2/3m71LvyjpYEeWs2O51iVOzqFblQbSQ6qOH69jEzC+Ll2oOGT/8NEE1fUF/8T/AnsfxPa/ie1/E+f8AEGOfxPl/E/yJ/oT/AAIkf8Q/+Cf5E/yJ6fwnphOMza9//lzmVNAAGvlncSFm/wC+Za87lwQugLuDbkXVUQ2z3+B6E34I4Er3Kdk2W/QGWdxYJwmhNPFykYDdDjT8QaSlt9buO5SlnoVRgQE9iOlPUzU+VQI0xIeDMnaFH0mCljXX6hTGOSfsMy7y+PwPl8cTT5IRxX/Xi5cuXLg9RGEzSl0boqyLMXhvoIfamEU9L3KDhull+LjDoGUwh5ZJlqJuJQHV9TvsfT6i0F51/MeE6lcS4BV8pj8eLnQJtCNNyhi1OENRRwqEotq05gsgVcj/AOvxgfKsOu5YuotY/SJSsRervl5hZb9yw2ycZjshJY2Qh/8AiDYx1KX9GXeGMX7gL6itbiig+pwjK2V4fDvi4EX5eZX7kosfmOkXhBCV75hg83EG5gEEEtXL8MUpVQbj/RmpFwtLv/sdNyrDzFZE0pa8YbgU7u+yXp72Pcv2+oAKBHwFe/7RqWEjDnAwVf5lxaiT5mian6A7RGW7D0OYhjGtP/s8LEXdhxruWgFja/DEpWhgGAKSyooH9kq4hF22himvZBYPj4SxsYJl3ioP1CuJUtOGWHkAOrDtfma9GAVBrQHx5YxJuT5N4my8RyuJ0r+fB4oPS/FxYSAXDC99y24PUyrr42mOELlxhYigqXQ/Cz38EmV/yJSip+HR7/5Mf8lUwVu5RC2Er5PtmoVCfVTj5ikQ2+I4XrjKTIAQxSvmeimgQJpLhxNI50jxNpim+XP3NLWwascTvNPmQ4QG1o3pBNCkMAU2LHOY/DiU548GfcNGhoAYfUwOLrcwy6epYowD5F3Bxjd/cC2VcX+lXiVBX4uVF5tNWnvqAiPOgmC5vwRgH4CNtNPmC1+wu4G5hXgftx5bFzLXfbggIVcgnPl9xWE9GyOWrUBCafF1qFtpJlExK6C33/UGDTkvXxiUQmSF1xvj3GyWtrVLUqmQcXDY1tjUrg2hlpiqp/vmK/tVEvw2yqaxysRRTKWK3g/EoshtarHUtAL6zTQMTrr+HmuKIOJK1oeYnQicp1BF8soKNk7/AFM4s07BDW8VtS+yKL6BPwiedOE1n8ROjUbUg6Q6H4nofieh+J6H4nqfieh+I5gxtqZbcLXjBEGv3RoKBO4s5krUJeq/fwFNTsZadjuIKvlmGLPg2PZL0HWSsQ9wuHB7WVt/bKAeyBSFENC9/qChP+J5YEmG7qZ1gCiorBf4zMrrLeJm+vAbfEYeI8RlEoCowfUrfoeocnhdToqEMS5Wqy9wrZSINtQTu3KDwDbr9iFA/lYEACTlgTG7duSrqRPE60nQYV0b9xWgwzAHxM0W4cS0inzCvZDtPxPt6YEwUZ2x4WVyQq7SwVlLD0mRhUD2sU2+pEuVRUwrvDwwri03NnHcfIn6RfaKlYMCb4uV3wMeoWhLPQzX8zg8F8uPoiVBHVf2csW9ky3fmxvpzLwO+JELdRlZkDpL+6er+KiyLmqLp6lSllHJf5JqEPKXjNZrFlSBGudfHqaeYU9Y5I7p37nUdvI+wqbPqYTMtL8IpwRjCGbAb5mI43CeeblmWRROK/hNoqSZqwfcLTmsE1BiOQLNsRsygbJcVyN4tremYJZEHJGV3AHhNpgdT7iVmnZ7SNaIFL48ykKraf6mHAvuNxAy/Fv4bJi2BF2+w0qKOsr4eY01OVUqY0KMd0/1LlzqH5EuEzrnRT1EdLtZypVZWskuYS64mYVOOvwR57mLfrqM2AivPwoKW/u+DsDv1RZlDcE1PkHUcHxqUhcxB9bDJ6gQlTw9qj2AfTxm8r+DMX9Q8O9eolMNSxYHN4iYqr5GHs2wpgRNwCnI1NBlxzGyfdn8SsVYFZLiiLi7qCwMe4mzlZRKr3KMFwIu380saLhge1NLuBJ7VcwKL8JXSzCmpFVDoXcDbbSCklYrBAcsm07+sFtCm7Y1jtcwu6EXLgeyjf8AB/qB2hL2WLNDBnZ/Mod8TMZYvfWPuUfYFpOh+OYxwa1in5iVzcUb43LWqGXnMPvfcEbYDw1LgwbnU8HazEVwL+EPjMfrEVtmqOONPF/BEVerOj1ALcVmusdTaDjqfcD+MjqbLu/ym+XNfBWJzNsdu8BYKtGQRKQqloXLTDeI6IKaZtZesR09wGbM0rde4IVYWDbGYhqCuM/piJjt2OJnhSFLqu5nHyPiWCWqm0LBfmUbeyKRzStDdiYOKw2rr/XBBZlo1GlXA0XLBKIen1B7jyt37rFdZ3WpeU5whlvR1Czqi/D6jDpZeE9mBqz9tfUyXn6lbbQMlSe0GwvhaE0tz6RcO5+SDtj3K/NPRK/PlbgNSp23/kfOEtleiV6nqJS0eRpDifwTPcowjtDCdzTL8M30lLdSuvqcw8Bq4LzEViLLcxUCcXLbjTvH/wAaBS5Zei4XxFmmJNG2xSu/mCgGPUEnC8pHcFD2BD6c/wDYNDupqQqckBbgNOWIcVdB4rCoTrTUAaYAvKeonu/iIfJ2illU9L3HRUyCP7z/ADifMRc9iKXGtoQWsUiK0F8EU9V31K1DaqFulGiEbAW5WI6BHOBrefzGNpWW8QG5jo79ssfRHXpMe5RXWZfMVziMAT3A2b7i8G+JUHd0aPzMNeOg/wAeBNPAsRUR/sgPMOYIHSQegiVVx2+Gobwg7IsHnqAAyRmaGxjzdGIeWOGyZPoxTzLauMseGrj3/ITAQl7nETmRqZ8MTDi6VyRk3BWkQiOhjOCOG7ks/wB4C8C6blM6RZUZ7Jt3DvP4l5AvRGPyKJCUuyOZ3GAwGEhyizqBi9xlJZk9JnmaLUfRhiSBN850Qgha8QMyKgZcx7UFUO5WfywR0OD28AnuXMKEoje/UqXaRbaJa3mKKr4ibrjCZ/3LttToAmDLYnRHqGzO6eiE8sdNy3ETWt8MxUpeeIzsniHgU1gXyrxgJrB9wQBTyTjDHrfkgD4C5TPdlIC3NRYQ4G0j7lqyHuWspZLLVbTTmBzItyz4WqYNXt4JwXCBdlSVlYMIq8wCZxCpaIZNt5e2msQ5B6/DUvjLb9y28qnB69TCjTnid2FnufhKcwbHwXM3ANWRHWOLnehx0QSxUUXwTpW3ImFlxFTlgAbYaWWW/wDJmzyF79ylK9KiAzBt6m5BUvuKQ26llPmWlu3+0HQUMp6g3Tabd7lVoEwKHuE0ml14UGrixHmLm8lRPsYQ8GkFsVNhL9SzqUWLgmoObMcS8W8QZjvHgZQB+aRU2TILg9QwyVnxTLqV8hilKfxEGeIyOIGdfCoyBVingCplID2PqIXWJ18AE3KWMXbBZBc+cajPbZen2zGvxHT/ADPvWOJQcMygSMyR+rjIC5MQOTLAQy7Os3w9QVV4g29SiAe2o3QrFR9JyS9Q/CBbc4uXqXdSinI+ZuVX2lJTiL4if0f5iPVc4ODc24mOf2QEqPZlqulrK+y5UGKcARKAiYSjSnBGjcpWBU3fEPKo7hkYay+YA5g2nEFZSseQKrNkvcsMpOUVTD4Nx3NYJzCKBxMqpm5giyNxDtEdlBt5WXZGiz4lBFwEMHNPzEAoNjKS9/JBzWZM3CbqBM28Sgr3LMXPqbuJj/wHuN0CyPvufzNZ6KfmABRdPfiLQ8nMbsZ8omglA/eINsOE4YIPu4P+cRZPWJvMg/Z1L04C3Ub9im+Ll7JDw+5nqeT/ADuX+cP4iHpGQ/ZNT5lypoj2+JYr6/8ANjFsxAs/SIvB1KMot5ddwlBBKP3Jz7+uwb9QGUtXoeCysgZ1ubukLq7uYsfUB/aEUPwXMvcVNQQueQhkKx0xIgeToJi6gG+yuo9xei5+UlS/WtX3CiA5o1CYUG6lcnEyWdkDaA5Z10FEtIdI2CVI6cPbKCr+RlXIjZMQg57iBkOWrbyMI8nAYImi6mC4yGJnlcb/AAaoVBg+Xr7TcW/tOZeYwDIV1Z/UfmHIsEo3jNBBaBG1j94yvjAv+39P3KbgYarJGi1bGOYxn937+SO6ySMS4MGkwbrez4jn08BZzMEWV/7wmauBjs7Nq3uFJqfyY2YvcIkhp8DGoNw5xDdRswLiow01FaR9E08GnjtMi+iYVrJKW2zcNi/RHLzlvpmNRC/1N/gnXay+JV+C509dwwZoX8sINS4Mj/wnUGEqVE8E5IzR9nMxfvGSEqnK6nvHFRcV+GGZsN6Y/wCvAc+R4uo1908pujeBMQ+p3Cf4R/4RDCq/ccMEobNEoC8/yysdH6YU4/3YlgGwMCOL2TJcup1YO4gmEYwClm3Af79owSn5Lhm7KCQGWVNreWYpRrEapA5dRw8rcLQlojsbPfiVIDZusScmpWfUEeeOSKTR8jiZXHHc6NmHd9TFe4y+HjuZoW10hD85TcI6A2MGmXah41C+oQNc9pw57e4+MsS5lOQ+I91aAC61BuPhtDP1FXX+2QdxwxZ3NPwidA6CaROseEhOIWCOx18TFZzKJa1UFtDZ8y0WobgeeyuK04ali6q+47u+IyTZtDOBiBFNnjjiLJGcnCxHb18IiQSuvjEHcKgMVGnZT+UOjnuOC5ZZVS4C73DS12TqAqH6mdLQR1DgQ2LqPM3wAW9kHCkqK3llGIYUYREyPAuiUIVrabhZFbaZRKxFRXuB4YvKpk34bWDKfMWXGY/C9UK3VBNSr4jgnqO2LGDLZeNwkDZ+wINqdyzPY1NvDnE2czMuBhCz3qXFjD7U/wDkWeGuGGIo4iNGqRI9BuJvVkMtCWQs+gwxfMrZCB7HTDVnUG3L3/w4Ra6fxeYrj1A6g1CV7g7WIgiF6PH6gAZ1GbyzJdYDiEqJcg+YHP2UGww+K9nUCk7SnH4hUeHPsnoGKyHrKBb/AOERgthFXBio9nF9TaWHH6PIi18S+sUv5S4xhAaMfmCnTdXcut27Zf06iUqq2sfFxcQs6FfisRUszTHLN/F5mKly5cWCZw8X3EFdLPqkZwoVEEM5zNUXost60CzuZ5r8J7JllFjC+a3FUVIvYzFzFRS/CMUXan1D1Mv5lkOGUTVsPkeG/CsIjaGDmKzcTKG6AZiMrMK+Iy+pwoS4l/IkDDsqdQX9ouYKcewI4PuGWMzRmqjvNrFdW+5gPB+8Uz8oZY1CzXOly+4xjaYiz5vlgTUUJwt1DiixZ/eYOXeAy48pSUlzRHUuQ+GacAu7yf8AZ7gYzqxb7x1jUYx+zuVDvR+85rb0UCYjmifFd9V4JQn3fEtXSfKfkOZt8Jcdgyo4GPki1gxxEoC4bYhja5zMJj6lxVQzLA0mk4mRVRtfLXRM9OVZUrxUqJ0ZULnaUPpHeDTCYTKsKZtHYywDp+PB5jOZVtuuJhy/MPaI7mcI5mMGoDgXLEWSnGJUY3GVr7/QFuU8linnwle1BGOAKZQ3BIqvuVjmuZmdswG03FhvhZ6zFZcYfkRgrML/ALZyTTK2VQspSszhAM/M9np+0dDS2+4x2zMrqb/kqLeOOZrg7iEVG+3LIDaskVLKO4w1DUUNk7M4P0gWifEos3dR1Cuzt8YR0hczl1GBcNXuLOwUXv8AhnoWQhjKivEVGdxTmXef0Go7hsqXRvDWUhyGxryywcRZ8WtXhYjqGruPAIGBHU5Dv+Z8nRRnaYtaRh716MFC7tklkCqcJVWjNsLf8kQnURlh7lXyhvM3d2PZOCXB2Uge/JS2jCOh8MaohErqF6UPkmvwws9ZtgUAjviHAKcAwCz2KmL+qWzA7ZQO5TvwBbiEvkKvyyvOZ6/3JuEtilMvWPbtBpRmOTEA+E+x5uDTB2Nyj/RIP2Lfw9kSF2f93UdIcbYEDC6Y+Qj4op9EABpKay/cGEPSXn1UWJzOJY8srtLviEK87rxQJxSIGRa13Dfqilrge0IvaazLJvTlllORvcyyrbk6iC5fL/OO5Ptbjhq6zUL3nJ4iwdTUEvvIfslcOl+Yw6hH0zuGAW2ChJQmnmYtEagZ8M6zOJvuD9i4Ptt7TSLtBvTUzxLJuO5vjk3DqIKmV3ZK0PCTJM3MDuq7mCyUMWOUTl9+4n9yCKA5isqylYMDS6Zq5Hcw4mHllxRx2hQdrUHK/wCyohTujg3OJbSX3M/CPDq5YKPzBmtAzP3cQXThlyJoqBb5tYmDyH4lPm29IS4c8TNeHdRHgKEtYZufUowXnFSxWC36Hv3LHCXnS2hZGmkDmuPmK4ilp5VBGD28K1UukI4+yKxjwX42VTKhH3L8pCkODbuM32TA/oF43GK93YBOpjkwGa6lrZHslX6gzGZ3K7ctz4YykS9iFUPfQ/EP+FQfKGPBcXpMTgI6ogYgwUfPPBFae4bXKWukuBASljxrU6YItL6S91xKDbfkMwoRLu0HQTiiVlGYocZaeyEN1LQ5Jqmc/cPHMrGjKxElSvA/B+i1xtAls3Ho9JmjIHmBTM6f0mil9i/iCehB4aVCFtaBNCQxj8RN4n0PUq+XgPheJ/YzKyrfnE5liKOjmMITZG4FRZhvrwDLhWIObwRVRYaTR4hoUSB4ThZYXVh5EeqiYdano/z4yU9QUdzg/cRUeEpbQpr08MPsPiGIeCeYSvFQ/gjr9HqRAN+0J0aENxgvMrXaiGfj78m58BPAsMVzEMP8CZMMFMkN6CzmzxcuLNZmfURSpj0ENzibTd4WbYo7xhb/AApgkuVMd5YeGR9y9h4WKvD3MviwR4bR+7MyicD90xIFWK9xKFHAbuUSmgAAnU0ljrBpS4Z5h8yvmEglT8yiHgn80xXnL5YlX9szEO0zcuhii9wAixq/0X4XeBaMyPYR+ZbsojNobLcsRZcuXNICvSv7RLGj3Lly3wuG5nm8MIZFZeEjNP3RDPu8LnEyoxq/cVyt9Q2IWf8AmERQ6lRF1O5mSzt8ME7imtyxYXC5aKZmxiJz4Lh8vHCt9xzb/s1wgR+qoTQVsG9wRWjymQf5tHMQo0ZlCssS2XF0v6UjSW+O5QPUxKCjD5m9TYalxxvwvwsR4EGwQ0fB4S1+ZXhYz3vMGbJSnriJT/vxKnBi+OIG73OzMzs9IQ+lct8cy6Uaiy446qUEYCiC96JomPuYTWxIqAgdxtmUdELJSim0+sQTLzpNMvGprqMp9ygalVaFqoD90MgFqABqkSCfqoBIr1ff6CZ/Ris3DuItBsnA108Pj2oGyEwYOSLgxZrF+WdYXcCeBSqiufCX5YFise4vkS8RggEM1zm+4uIiV7Ju8/s8cziEcfOUS7TOvxHFlxhNPED1bYrt08viTQyq00yy3gJ457t19QShdB1McFrdwW3EoCabubrqMGG/cRhKRpXcuBsiTmeWNz1gHpFtdN835YansAmAmKAM9Wmk6mByhHFuZc4JmYJhde2XmdpfE0n80Q0ROowBp6QumemUiEzUtDOvUC4/hOUHwVEsp7YuFQzYdBoiVuzPqIyp+0wBZ/l8cRZsluNcmUuAFEUfBGuIXrtP7J4sdZZ3Kw9ICtTqm8qG4QWGUJYOrqMxOfgbKl7p8xGMgk9MQGFDxFCkjBqaYx2IllWBtL9/o4lz91MAzOXteEA2n7Ttfxcr4/bxmdv1NUUlK3MWq0IxMvc38JG0j6m+R1lEkajZ+tAvt+/i81G2BYTSFrJWDxBrwbYnUwmzcwTLHyxhFrBepbE/cqytsaRKCY6tYNZrFStQxqEHuC5Tc/mVMnLLMt2czlbMRs5/aLOUUGsseYq658A9XzDDPWx9CEcRRbv4POXzRRVU4+JQE4ZancznERqyBhg+/NL2aPUIOKaVcV4swz9Jv+gVq58D4PNR+Q9yx65y/Hj7asuEgjkJUFoXOVDo3Hab4nUJxVWDztKDBKqR7ibkD2PO/qXMTncYyy9ynqZPcIv5/EOUMjNT3VM0o8ywy/q3h8WFwjKN5kPgGepbDUEsWYUpTqdQevgyR9KRbuye4+4er8y+qd35p7z8ESuk9KNHt/XvMvzzEGz/AMI70zrTcv0xDiK/D/75AWhd9GOwx7U5p8ot/wCkSh/wimgg5e+U4yeiWYLt8JP8GYNsY9RLgFT0I/CVniX4UiJBA2VDOZEDmHU6Pz+ljHS1dOoFW5Pgubq9TXxkV+a2okKuibKPidDHuTsP2nrfiLwRGsD1tjDKj9rGtKo4Jj+lnPg8/wCsanylGYDfEu4H8/hjCWy59eLlksl+H+Z3Ldy+GRDIoYmtze5zCfEwSs8Sj+/6jepVUfiJfOPDoikpsH6jiEJHYfx4VF6vxMviYmG3JcLc2fEoER8TEX7M5FMQsx4s90H4S11/EyVH8ypooGIeblzcw8D4olfjocVQGPiVU5blYnwMP4h+i5cvxUqfUqVCpf4uKuqo9vcvvMdo4kN7moSmsxGHVTGfsD+J/wBUhcJUmGNRG7Ei6xoYbRgVET6xMmHDFGxxAXRfhhLVvH83h3Iwh4bgXbm0iQS5wsob4YAW37THZKujUqWRPh4dUJzjE2cS55upp+j4l+Tw3UQ7qmo+I1G6Es2NIi7+o8ZlJw0pCXietPWnrT15YNTdWWWAloCYGy5e5RT6WodQaGAtZ0bhbqDk5Nf1Ggmql+rLJj+OGFcnYGFhrIhbK1rOyR7VMn4LYdUmggVUPolsVXuh0lDKriB+u3DgOFsQHTWnuWNDNXqO/wB6HLsUjZ9p9RprtbN45Rz2oQVriesFi9QE4ls0S5V+6wW8+sfyTltyvBnz+0pxYExe5dQdahyv4jwdfBDaRAFLOooIfx4F/wAkRRwuJJqlXNA5QfmnuSq69ptl9CUt/wACGxX2hyV7lWK3BphblJOC2CPbH+dX/wCVpxhYFeBQKA4fBEB2AyPT+0O45dYK8+auUERWjamRvuG7DKBktq76g+8tCkmxw4j2DJjkN0/v6hRiKjClfI4s4m3ZU2Ty4C4cE9WFQWful+iEqo2craZq+onIgNFAunbW6iDM0uLjh5ZcRbYXnTVcU+paCcFWtesx4SOob5A36i0y1zglGbzePqbMgNYX0Y9whOLI3pf/AD4mWpNBHpxrcogYsenZ7mocMhdp6gODbKeW4ztKACu+M53UYM7bqwfO5c9g3Bz8YzKAcVSAc6iq6HbHxG2kGcMyUxTUws6RBGJtvLO5ipikjmriFYvdu5drySXmE9m4JQPcqZB0V8FiHSeYeUf8eiLiVTcexV1BNEKPTpHlNqrCGDgbiLo+5qO5oQW0wKBuDr1KwtINlT90FUd/qfJAoMr+Iw4qGsSZGWvMLzFtzVVmHw2FpkyOPxAai7XLe3uVa1VviA0WAGGVghekplp1FB7/AMTK+GsdZuLSbh66gGoD0YX3ysnl2xIwBS3RBgEPw3dTTvcl/KLesTqIVa1T0xk+IpEbd+XO8VLocuUhuNsEV22/cFFlZecTFxrYdSkUVVVPUR89lWf/2gAMAwEAAgADAAAAEE3YZ5B0iZ+dbRBR/F1m6feq0KdJ4kgG7mamgo2ZxCWD1NtwMxrv7PZSaWqEh45kwmcyrhk7UzsuUcIY5V+ic5KsMEzLh1McIGSSx2ohk3sTBTp8TwAyZee0HTfnN9u/1V2VexP94A8wkSdMLemDpmqubqoYm3o+LAxA6Lu380bIekT9cTl/losiTvSTIWjSWr9rjWrnIZf3KV/V9xUbO8AbVZ135+u23xeIc2BuPRMNDMNTtnmeQj3srK76WmOVRtI/1GR1fytRl3w00aqXXy8AUTP60xGEeEvQSLSX1924UxjZPL6c97ahFWKYCpnE6HT6HUKQCC5Lbd28cAC53q2sJQcEoMjY8oVLwyMfvRw/6p1uMpmIQK4JlyzMcGDh1c+YazUJe6LQyDRvIZnwnOlaPDTdA4u2Xm1cg4zVeMCVY9rUpO4O/wCOD6MSTiLr7GnuvQqSnUJ1nyjIHUAqTKwVBZt5kxHJkjYT5kUV7HnD+P0pkWuBnK8EYPc8wiO/zoTTWBjlD/8AbjcrY+uSNiWIV54OHtAYN1S7BJpoc2FJXvO/NuU9ZODn+L1Dw1ZtrdUcC9tP6HrkIUCczpia2MKGdUhOJ9ec7R7Hz2t+EE5kxmNTfkXxb3zzANbs08K1KjMcGcXhTisvaHbeAYwFIPUcEjYF2THi5DD8YIJ+9AOobkmLvvC/U6L675WdrXGzbDCMqjI9DO/0GBIA6+iWP/M8L4RInJaDpCFtgaNXzeQVVBAE5ABh02r68axt/o7Kyue9wNjuVA+dNveRBtAC7GZjRpZ0AWTbRIQR8QQHLWQu5QAYGO97Dyb/AMXYCFCWyjF5JuC2GSU+HmPHtMXswYxOdAP4arbDtgFaG4n6AJF2IYZ+lSGcvikXvzvfHcJwFVcuBICEA3ZQ/wC4h/nwG/RAz4wTOkymDNS4NbDgO1t/bxRKMMD2FgqEA2UG7Fcb81En+8BCxUBhZARMR7SMymcLuKI0tMxi+AdsxAQGskyMgH2oauFcyEUQsMdozEwBbubi5NcY/uccIL+gY5fMRgD3YqIqBcQdxs4Ugy9NfIZEgI8C5uat8XCt/8QAKBEBAAICAgIBAgcBAQAAAAAAAQARITEQQSBRYXGBMJGhscHR8OHx/9oACAEDAQE/ENa75uLTTxYjvhU3GLZyxDmjLkHFQ5jwLZ6cuFcAryqXU3nmsXzpfNbS+KxfPXOK5Dkxk5Gm4tt8YY8QxK4XUSnhXlEpp4yHka565eXBzhjgLmGOBmO/BRxRwyq3H4mnA1mZBFlVHTDT4FHXgwruG+QzFtliYZ50hvg56OKBffCphBxxgVy8Hio5jvjHLbHFdvOA4sajzRwKLRbzDLwS+CKUaiVK/Fryvi05TwQ8FmCGo0zUfCpUqVK4qVKl8XL4dkVIqr8TglzuE0R5K5YeD41zXFB7SoWA0jdji5cOCXO+NyIfgjTO74uDiuHm+cRrqK8k2mo2KNTuIkJ3wcVxvNOa8TxKrmo44HilvplQoZlHcCMzCSkaeL5Z3xvNIPKQMSoRw+Ncd8UrRPbLuOCrMQtB+8cq7l3iZWGm5cOa53ixwMuXAslMqU4qZmeLm/FisU2iLiGoxt4G3Yxw43CCy4HJLnfG8WyOeB4VJFignU0weFxGCybyo0VRW0A4cg3GTMfSFJRMOQlNcnF8bxMc6Q1BtBi2wgJbkhLmkwUu4lgeIyIaMwwVNji9ctVJhhuXIrnR/M2ckXnadRcEAQ+YTbH0guOlAi53iUy0oL3MmSHuqlxx7M24gBXHvghC6E2kUYC49FfnFvPg87R1xO5glUDFnxiW3F2QAzEpEGpUGCkwQmYcbJk3DKiAQ7uCWhbBLH3Qk9Q3cAo2++j+5gznK+LvnaDZArFQ9oqSF34zkaJmDOCARxJVomHCqvuN4Rn1I6IqPpX9n7RiGzX9yuPcevv+YlKOBGo4K2V4MYpNTaJi5VHqY/zDa+pYZnFS5nHDAqkzhhFl1ZdqLMrqXu4ZKB8Rwb7lAOpYD/YluDA9zFwZ9wRt2lyuU5GoWMyiwDLpgRBBJrF3xd0VKZtqXQDA+9jCDFRsxxvv/HGeI5aI3wCF10CxhLY67ENn4l7HX4JtjsKKhNTMWcMQ7hy6CMpZRlazuO8R6gAVHR3C/Mze4DXdQIDTPUBmECrBDsOgm8OPKIyR3iX3fSMNjAQLwRK8EqJUvMi6OKodyl5mfxRx0Pftgqj95Y3NKLMBB4Nf3/UCImz9kqZefYV8f64VVh+pMMtUSsGQ5iX9GAVq26qK25kIueLMIfSBpqDTmZN+C5JkhA/0/WBtjFziXwTCC1OkiZYXOgj0OHf1j76ik3qw91KdFMItRwDNCAd/xCVaCX13Uob0xVNQPsJbeLUF/HX8y3cBoyhPRmWKRKxEAFHMwS8eCqNBCJ8GUjPCAOFIR3DM6OE52MqX+31lHKDDCuZuCiEGU+F5QohLrP1uJWK8Yj4lCzGh3UyN3xIA9fxcra5ul9wbZRKnfJNEKnX7u4zfr+vhal9P7gxI2i4FksxCYbq51AK9nB6/th2jKzH446h4L78xT1F/lCairp+7FH3Y/WBTO74C53KzmyEQJZxcAgVT7m0Hgpr3CdJdCsmYNmsY+BszLlzUjZPUWllh6cVcAfYSGg7V9up/gtwM+0uZp8xjYMqqBcdQeCYcvgT6QEGLC+GuT3KkGCNVNI9S8xYsRZepjFh+ZqG45Juv4gu/YrtlMD4v0lejGtXHiBTcdNyohPI8FFnJMG2VJDcfiFMsu3MG8GNJGPEuXN6hLPbGagZzf3iZKzb9CL1P/qWb2Q/pmFFWoVUMEI2EKsngKvHfFQ+szqp3B7i6g5iBZBi5gH4xmsSLB9ILiJsa/aPAJ/WWwVurt/4QfKfX1zP9f4jhWkmI+Y3cNTqBUOEww+GJjwFhppTNfbcHvYxVmDAXvhYqK0IdqLMgi1C7Igpn9ncwgb49p2L18zICugyv/P8AVNwy6lX1uA3SwEEgKgwQGC7PcVZclS6HKNT9ERfc6P09P7zrh7HZ9YHUrHDLXCuF2TIIqagbCDY6v9agpgY4QB1ABOxfr6+J3QNP37lhfTKN6CNQTEJcQZ8YU+pNXKEKCcgV0wwSvbpla1mDcOjA4GlFVCFdQii21DJYF+M3ckz76RNrNj+UOhK/Ryw83Lj/ADiaOcVtwwHxyLjNiZLDMM7hg4HM7hYHMIooGIYzDg/Md8HAXDXcWi3c+4cVvoz6seBiLCaOVCkNj0c5rFAC+xZ6RrcMxcSwPzPs6hFHcG5WCPg5YkKn5wgS73LT58diYvJbW+I9DndihR+rly9oYIobbBn41izSYv18QtiCcBFZNQqEHbL4GMNxlebA6ijZ8LeFf7g5lF3MkUAwf5EuOM1Gr6+DEBoSmMXkjLI0RSy11ETcNLY4eXeDCBiCxY7ihYsqdIwbslZ6QU14fKDxnBRAWd8LwyhoE1Zly6hLLYqjw6PBZHUCFGdseBR7LElyS3uLqy9QgA53O7wqf3i8VLYq2VLlx0IGRYS4tstiryqE2iAQNVC0LGdEWULsEQHsZVQgFftIZZtiocsqyoKa4+fWEAIy6hjAYvz4ECxDBHhGG+RvjYhslgTUAdVEwIKLQzmC1xfKvjr8pU+mud+Di4C6iuWP5ljKVKGYznDO48nCpuWBIxPHTNCXgYYSpljOuokO708t+QACzv6QovVj7xbtplOKg25dpQS16dfTxuJL+7ioKfDaKxFcXMY2bIo7Sx3H2z52+W/gYAv9kDsr9cTdj7Zmlq/KOU6PRDfk87+G00Qr7CVYa9OH4olWP96l5668tuNPM81cMzF8NocJmyF9kGpo+f7lhVf1l8P6/AlzTzNy/C4wcwfEywRIalhYcGofI4WKUFDFGFfVuD3AXR+BcuXLl8G4ReC3FKBIqSyhhr8B0gGNpfv/AMl17fgVw+BLjCHDLly1c0i2Gopp5G6CWHFQ3rHr6x15nhXP/8QAJhEBAQEAAwACAQQDAQEBAAAAAQARECExQVEgYXGB8JGx0aHxwf/aAAgBAgEBPxBHJ65cPb5hE3jvD0moXgGUm7h7iB8jjOz450Qc6WFgHGtB1r5mUDW1u84YHcckExkk13zk++7ssG1nD5XD990r91+63psfux+56Fn2s+1uNmwHqHDM4ZMwMLS32Inh6bFp6RDH041PmIdLboB6RkLb9kQ6W2wltt3vntx2XdwsNb3fGfYrv34Ci/rRPGTSPqX/ACMdB53B++4AmMlq+LHdtYs7jJpHZIMW3xz2dtdZaDDDeOqZRMNSfWgBhKBrdz8Lx+L4E9+2/uP/AC26GRn2cIDkZD442AugHhMU85KDvAQCGGWwLr4ca7dh6eH/AMtEcJARPBx34jzLWIe7E8D8t42046urq0uuczh+TktJ82zMd6Inh6psif2kkPlF6R3H4YsWLFmxYs2fwyIDu7ryVtto3W5MTx+p8xB33v8Af82haos4H4422eG3g5PbbbZcOrb6SWkD/wCz8h3Y4zJNdnh4dz+f7l4/v92bu9cbD+SbOjInQfqTvbb1bxjycIubP2Tx8rfOQ77yTwYMfv8AuX2/v8/rB3ercm2Pu3jZOO/m3kUEDs8NhrOQHs41OvSa6l13xPwLs2Qmn4PC9f6Sqa+/32HaEdtyYYW22x2WWXzmT0aXblkmHDDTfTeVt7lyzyen/Up8WBrdphMZMcv2vnnRMf8AHzIZ3/Pz/N6/3/F1m8Z8SrpG1ti+xaWlpb9WffB3IAT9CbBg7YsjCzmTfFjMtkutmHDxvWH3/Mvnf+/yRz+8gxlkM9nBK/ckbtaF6SOCMO7QxgyA2HxJ3uXW3LzL1hCDudO09l94eHjNMPv+bT9f9/ze7/8AJd8eM+y9OceEciOjOCSGTvpM2Eo4adMsO9x2cPdje2668tOrzHr/AKl0XvDCjph3/uw/r/4lhb/f5j2NPd0hp9yPq48Y3dS+dMdE/bi1S0Fibsus3eAM4ZheTnCjv5hHLaUhPy/1w+Oo4XV2Ou/9zo77/wB2N9/9j20pROH/AJPPg9PqRWN2MSXq6sbSy9WA0jtDSWiEiHDx4H1K1XkuOr1MYdyGs8hTF1/63eOSbxPodN09NLbu/v72Y3a3ff8AqXfZs0BfxkYjhSwd3TOFDqSXQw6S4HO7Sxfpsm2fR7bOx27Ads1bIECxyN4hFh5ajestd2+N2JSvlst+hdCwyHvg3Rvpj3AgS9XRs6bObIyPOrQtiAnQpmK3xKsJnV1PSHkZfbfkTHnI2x6WifccXEgZawOwMyWbdNsY+0lWEl4WdfmSIUZxnU+G2l7eZItXu3C8Wd2YcJs7giYeV1HOzbfIu8YgfAsf0bABdkld3xDVlD6/LdzPGS9oDDHZ+iaLLgdHcKDyWZdhp8R1M8+IAAm6Eodsa84Yh+o1eYAMssLAzqxlvF+pYHygGkOro2Pacbdvv/L5hYeH/cr26D431Q/+XbBPmwX6EgzetkN6M9npljPuTqg6rJZH475LHT7557+sjj5knT8BgODJnw3jQYWLttkvd94TIE1Ytzs8/a2aQg+HzbfRI64TzPj8P/2N6HzPgg237SDbrG7F1jV/nyTOiyCOv2liD8yITEGdRnbPw9W/Vp9z5LV4TTLoImXxI1et5GPQjAe0rLVm/od9cm/UCWIzrPv/AJfUiLfco/4kcfI7DCtrxeO7NchhAobOt59QSJHpEo57us/lZP1EdZHTb1ZAzc4LA59y9ZDLqPK7PZ7iGWSgdvl/3N3rzru95wWmkfXBcDmHyFFGxbI67gR2A6Zy2r+nGWj9GQz1fEpC+MJnHTCHlm/aOywJaD9y7k+e7KL9tJ6GTsZaTQSl4k7r+AO4M6/BtP14SR9nwfq0lYLtL74HyyyHEfwLxC0v3sAfAu8vgvf9dsomd5ejJMJDTG0RHA4OHDwzJ9Jd8DCX4gyXiMffARAyE3s+i8ScUaSd/wDXqOn2hw3tMjgzvWdXuHdv3O3Vllk4T5befMRecy7WQF7iUHU5uLctbtM8exfCcW2S7fqfwRVtPv8AaMyHMt/QlgLtB1tJ8s/BKXvU2PT6+7EGMN6k1uiYd2Wjdwg7uvmDWMDItPwuxYPDnxx3OswfHyZF0ShZQanzJepLOxspLpy0Rw7uQdoth3DqOP4n5P8ApOg+fcsh3lgX88Rl5HcJ7kCPm8Fs5Pkg8mV1fgD9pEenZPMW2fe25S1XzZnkRj7ygz7dwbHbkyr45DCM/QgGb1PXcmdlu8MDvbQPuSzj4J9i8EmOT5CIB9wAHxPBeidBxkWWT7wS7TwtF+v4HxEdBw9ftfPD9kWWD5PAaxPMXRJfXL5J/SYnSzL+sMDGh+kcHPrkUr9S8PvnqF4lPokjrpsglikIX3Zk6iIe+CGW6CGkcNhGXcXn4jvggzc4R268+SHUWEl9HgLzLuCZ9gg7jvAty/W3AtV+sPmb1IqSXzZHHrjYAHcEdOcjovE/4Jt0ggmgh0k4CJB+MSyQ3gb2eB7/AA9WDqAH2geyWLTebxKtkEF4T6Pw+LCZD+GomR1bt647IgGtgaXqyzSRxnF44M8WU/cxJnxBHrbE42xAKHRPm/Lu1+Gi8PlpEISwd8IJ3MM9WbYGSEC3k7HyKu3uy50RiD5j0u09EFakydg3cvBOoh4EJCQ7HGtN12LNvhI714Hh0QjbPsGXc6jzuJMeHy+LDhlvm+RLeiTJ4OCMMfMeHCkbGY+3T2cfAWeJVfrwdfgncMd8/vwOlkc3bLeiwcLoF8fj4cecqB7dj53wNn2sdCR4d36s+bPwIL5L3xem8t4Sd2CQ9x1ZnljxfsT8vBZHpwXwGT4M9Bl5fv3Pn4ER5LnD/B5Xq0PkyHfZ98GvuxB3Di9+fy8kkfzvl7Z+HicTdnqfT+Hi9R0GT3d7mftPzl07dc/l8bIfm8QWfh4iASXz/DzDuxvcRC/aXwexfJ/ktBF0PY/P5tliBYgReJI48bxgzg76RiE/JObdZeHLz3j2kM6/N5OS7kEMs4+Idn1tOpdjIHuZ3jiRw8jXKLvl7/N842ODj//EACYQAQACAgICAgIDAQEBAAAAAAEAESExQVFhcYGRobEQwdHw4fH/2gAIAQEAAT8QaHPUUPnZ4YlFlW34zl9OfcUCRSJSMGAMuL3+IekhPm036f2cS4g6ayPk8S4YQHEKMJ6TOn/gzM8BUV4MuH8ComTf2ICO4w5T/P8AZ0QjcHb/AAENyxzSMuh+IbeIByDuDmWzMXMzP42jZ/kMADKzKn+RHMWA4bJcWBKUKCa2lX+Yq5hBAy8y6RZ4u3+owSxC8BLvL/C5cf5wmf8AT1P7s609xQ6LVyrMowyZjB1qYxTcC6XPk7P/ACGVa7Me3zFO3+DQiCFSjwvr+JYIlmIhTczZidfaFIYRar/MHOygsT7jdI2jHyMX4gdaxApfEBf4wA2x4IdXCx8AdsF4Ni+G9nUORwDgi7cVn+UMm4Bv1U4abGvHnxKd/dBP9Jf/ANY//VLcOWh7KgAazYD/AOMrBSDb+yUgdkhadjipjcQm10lfX3LjFeJ4Psh/70euP1AVZ3C9SgY0Ty9/xZwxp19EP/Jle2qPAFq/9zH01NxS6zco5/UJ2XAjz8OYM4KA5XiUY6CtUR5/iVcKIhvrzEf9YqIEr0HcUq8kBsxm4/s7Sysr3HvD4nlMALhNxThFCrHiOCLQqvSHKz2pbprzB9Qqxy1b99TX2Klc6jljlRhgwM3K6iL1KnQ9wApuKCwjYnEPlD+UXh3v3FVQ9MPHQ637gRGxO4RcTGlopHuWUoMGLi38kvStgM/ovnT+IsF/Bhr2FIyt4l83B/cTbfQa4g9S6ly4sUJCAWKC5p+3/IjAgaR2MX+RDKvPV0/i4IMRpOun8wqYQuJRK0f/AEH9Rp/25jJB/kanGHlW/gfcqlgnxb/KxbZcuLiHeMF2Do+XP1ExcleuB/BhUG44bKsQwUTyjwPB/wCxzSFX+DaXClf8yRf6mKHTivfQ6JmeNtAH1G2w+o8/1S52fEA7nSeoP7YhGnsgO1dvrEMtDjEOYZsYFZTT4hjxwxSvSUwtPUIFS4hXI9h/e4tswte7+/Zn3PehQPa5Jc2ZYB0PEXHcPI8WtfuCkx3TwrhxTe/yJdUNdaLz58uOZY3CLjUCsI8Q233/AGKN/YR+zxLIan6ll1Wos2e/EFj0CLo4H+ofzYNOb739xf5DmVthd4Qy/TD0tgeEl6QA3TzAM8V6RWqrPzcF7maO0p/9XMqLlw3KRizPAo/H5RrLe3ytzCNHS5j6Wr8S0pq18EN/evmDFFV0xqLGXFitDKs83E839vP13G0iUPBHvNpOCAfL+ptGd7Nlw9HfhE5SrYvJOX/vEegdotWPCXFZJSWrwSqhLZb/ALvGvcSKHgrOBrjwSxzuVmcFIbeaYtQ/CMs5lLFjZh8RYMu0KKhkVVgaR7IaJgIX0Pn2Z9yy+bQKXhOfcNMtgzKZuZeXPT1zHGTKCHaOPX1He4Ms1E/P+E6fErcI5Cdv0xS5cuCMmILWo61TR5IgARBqzmWQylw4RAugMfr9RfLX05P5uDf8YuXSB6gIky9mm6Vh+IuYuMzmbynITLULmXGe4uGNQWBo+8x8CyLFvNy5dsycZ0a9L4P3FgmHjjOcaE5F6TLX5H8QsqZYX23yvcZlVXa/zM6gWqLz2+Cciogjznh4fMYz3Lg8BxLI5VMwUxEPb1MmFQTExHnCPUO2+SxC3DpvMb+Kl0EF/qKIh0IwgVXmy2cmungBoQWhdI8nkl6tAAAHSJG2tUJkuh4fMaA6saw9xpdJWQHHCJbIniZqV/BUsuWSx4g9J6QrqFT0mHEvLEw8TBx+Zh4/MKOPzKDTEXD9zHUw8fmUdT0ZjpmPMx5mHcy7mHlj5MU7Zg1FO4juPlMuqwBaiIJyzXr2y1WKObvqJvNRKZwQ9y0BqSqtPtiLa28xhkKJDeB1fEU1zLMbuN1MGjwruLUDioRFCsVsLV3Wx5nt0eobPD9MuElh3z8wfCmSo2NOk735zChnAqpoHgpveS8ZhVR+Wge+ZRUIVNjfaxdAyfncaDqw3TxFbYR8yw38PJEEsiRIk5mf4URdEBKBxdmZYb8oNy+0/wDtP4QnEneXFgGsef8Aiyr+AEClCEAhVzGHUPDASAT/AAgCp9JjEtWFRJXmfM43E8kfZHMfc+SBk0XjxMJcUSWWc1xit+IjkE3suavBXIr4gFCgc3uLm7SyXQEqZ5OadlmYrRDANmeNMP8AZF3mhGY3mW8fuW/7SiWDalqnUepC3G+J+6a38WVQjqa7mFSKeVp85hpA5GxP0c+GK2tvnmaBCbsJTq+IETQgB6d14gpRL09ksU8BCOglNMYtIPljPMHzAKBihmvak/8AsW+BLVj6ly5dkuXFwCiFIyt/8IY3iHucbZg7hDKVyHufEfU21PiJdMRtTsK+o3LYnEWIwp3Xky5tGHz/AIsKVuVW+qNQodUSy7DXF/wZJDO0e3+vbAszowFaGLIZ9wjcdFo5RwqxR3cru6MHs01V1btqWG4GkUFVpvqD5yDRtyPDCnrsU4vPL4+pv/uwL6sX8RzNhaUcJKRYQm0u7+EXmGUAzIIpBRRqHuibNX/EUaI8JUiMK89xBQQZg/aVH96cU14c+Ki2tZ88wDd6m+/LJw9eobihCNNb7njkitIKFOx6HXWYSCYVwfTHyBSJ7IopUcX7IaEnTHFBgwl0y5dS/wCKOCjP9iWkqoUCmFphlu4nIV1MTlbjd9At6uOEai5HV7DpikWZcPoCHpGZ+Ub7xdKhyRzeAph8GLmmbxYiw+GEE4CpcWMGigGMWjzK0z2NxtqLFLWW/wCgW1hSxefiVESArqAROBpbz7I7iEIN2b+c3Fvn0AGfgB4u6vw3jdUtrRgbNOSuJWIuvhHKvLFAr9EDlBjU4nmCivHl5irCosjLUpUdMurdDuMURcDqJMFEDNpWOvZHk8xKcw8peiKvlHYctFKBSDScxSI4gKbAvTnvEVvOW9m4CtCmEu3l49RxUq2q0Z43o6iXYkCC9lyd9N9wobiOYRs6tLN8QIUN9zOHw6fZzGdF6v8AyEiIjyfwDN25fx8nMFE1/ARbA6lYnMH+GmiOzryTKpfyECwcRfMPcJlbFJ6IiiNXjxX5hQSa1PkLf0R9sfcGkhIZ1Q/BjTMFWZmlqiXUUriNwN7hdbl+ckCxr/CRamLXnqa2poVYvrqIhlNTd0XTCh7KyeIBuHBeL+IywnE1zS31VJ3huJfBVZCleAJa915nkihA12IKo6PLDaLwIEMFW8nMOpdnRvZuzL6NZjQATL5XKsogb1MHtcRx1YdIdDcbX7gh7MNeRlNbadx3gDd78bihYCyl595r1DN2vmVosp1C2qAuLC5cGLOFT+CyZBsKxaHHuXzRqrdvklZ7xL7JoaINyY3Nonrhb88fUJ8qACjnhgAKuxzRZy4pOcMxK05m2cFfsjEQsfg+kAXYgLdZZcuMXTg1G5/Hj8RyatXwwARIMC8NR9W3cI8qZIDkL2VxcSVDcJvAbQ48kaBs4eyAgnUp1KeqU0mdqwx3FcjAl+gWAEADVmmVMe9kl9lCyqjc2NdHMCzdnC9NlfVwKwV3FsZjQmNDakuLzClcKl6lzOuXj2Mqd4ac+H7goYqrb+o4Faq2PXcuyNnkRmpoEiy6tUyoS1ZURoNVjTAC6gqNgWuLBy1VJCippybmjzfLC7Pi3K9ByyovUdQ+HNOP1NXNS3y9B4IjODGWUIoyp2ExQalh0tbwy2gqQLKD2VfpHEUoWtGxpjCnuUVRK1fRyxYSgVM+2YyZty5Kxa1t+Dz7lyO94Nt8nGccRSLaLiz5ajkLFJdyhVVozloR1fpNe5yXZEpdhh1uHmp6h3tFANQLak1dwlJ1sg6MvzMAPzEtVoH1QBPlNPpn/sIQArQMIVCssLOyLD0wANcxv7lMSuZYcyn8ZbHVmN5w9wgbJ5KX1FRZyCciQlM7X84lMORinp4gz4iWVTENFzZlL2/JUqpK2modABatERUwxIzSHtxD6gFtZ7LLAIJipVCd0B+ZpwMdYRJYg4fMEOoUrqUdMUVS+4o25QpQljmuQvm9/ENuLWFhaLwcZeI4m0O+ix5RcR0E9AVMY4BWfXB2tBywXxy6/Kv5NdHMbOFnBjK+oZsFZtld/wAQqc1dBWFcXiY4F9NIAaojUFvbPx4tdTB6mVMCNt9xZYCaCjfLDghkHfPs5sz59Rb5FmCy/MoKzKG9NEcO6XXuM9ICOuCY17imAuH1kZhJ1ZGyEMLA5MjmXoHC0JkjKd8owrzV4uGMpwo181i5U5IlXYBZdo8VLEuQrg4rWpVlzhibNOB4lMI7bh7BsfcGnCtIyCarP1BnLKjmgTYkhKDNmH5msXpq4sgOm6LaYPMKJDSgA+Zm/VUiPpligpWCYoVggrRwt66lwZaPCMykue2PAeL+5zLReolvrT2cRfMXTKuTTl0EfDQBKCuWDA1oUX3Mar9JDhAJUKV72Q/AbWtuJbcEhkmVfOFQ70Hcv3EnSAcJ0TAC0uY6wFAqWP0WHzCi8uzQkYoHFA8mV51Hw3Cs+V0eDEIEcA7fQGVhWeZvmeZg9Fyy9NgZLM1pAl5IceB+cxKjxQENpu1/copRUcXzMvRHQQpRHlHiQC/cddGh3SOPJwwpXRAWsMhdu5YWg0mxF8iWSxg2GDiP7dvccECdJc1IXthmDCjdnMwOpdRdVwgfliW7CMhMXKTX+RIsR2Z3M/P1KjwBU84aMuBe8TS3rithlzuRMeYPg7PMF1BotXuEavJUcbF5ETB6jRF0Ry9PiDPTMGku3qJoLbVr3rB9wazlBsr1WKmlOUJVxxX/AL3K3Bq2W80/cRI1xkRwvez6iTeqbG6OlXiFOlQclvuMuikHy1/BZY5iV81/9lD805awGEiJRFA/ACCqqQYDAsxy2Spda1HZwB0S5+V6xGBUfqLHe28fmOKXh44gdxFt6Zlv3KjMMNdghkyMAcFHFf3BAqGCZ6onc6sod7X8Rs1WDeU4DwRcsQhsv3GA9b2vtjHtYBwua0GlNmfjmAtNLHZBBcPlxB0OFRUEsGY8XKwqYFNtQirBEeinnx1DIZt8tNc21fqNx3mkGVrD8Rq1WMjg5j03flzA1bMj5lFIEp+5SW8HJEkEMmUDa/PQ54h6pFuZBZ2SoJLWjt3uMtKJbVvEelHwxteh+yCOHKFCY+opmKx/FvbEVzxFHK5UAEIbw9lwGcGg5m/QaKEKg7hR+yPwmKw4cEznk89MtSk6SHkiBAUpp3ECoDhSV5JDVhwEo5Og9kYMNTGLd/uKrBoAugpVvj7lq+h6lsunXixdgHDhzG/qrjujcrEpMPix0Mbvl/KCilsuIlaEatpQXjIZgMKAyI1hDVe6YQEKmfPMfhpqXIi+qC+RTZv7gbVBdQvpTD+YivJr+yupj6UUsbu0Fr5YG1nj+BqsraqJVVXrvJHi4RHFBT5OYzowDoDqBXCRUCXjMAbwX77j0d+Llrks2DrwB975huS8YIngCM2z7Y+PkmCX0itRKoql1pBDftzfDH9wp7uOS8+YnFijrnUIxYCsrVa66N/cwOsOsx7i11VmprklCxHaHo/ccfqPJicE11TlaYYAYt9A6gi9ATAhnSgFQW12qQNeg/qJxBcPxEIOFg9JtB8779zQrbGfDrMor591/wCSiFmYb1E+KranALDE/ITbxCNVFSzWrjUMrNt7So1YlPMt57fUrCLPmEBbezGsOk/ER+a9AYX5x8zBDmMW10PpP04jkNGKmqFDcdHmBUm0N1Mb4DbvYz6qcUrfwTEagpIG5x1dXsy4JXxVcG9YgFs1oKykbparJeN1dpPzHPcGotr3VP1AjXLZo6aVavhidRo+J9y67Fg48S/C6ZEqCa/vS/Jcby7kKrwPJCzWP81DdLoNjNRt05lYuvm5ZeBSrw9G/jBEM/U34jp4JsMQY/8AiTTj9R/8qAsEniPBFCpy6TrzFHk47uAtu8TQ1Zr6lXEgJOa7OY5agEsCVdnUKSg9h9yqcBWM15hFJHziOyCeJxqFXNBlHszApVeOYYZCr1LAoebQMDQhVhF+Bgvkh2PT4lMgRdJVrJ5bYk3Lb8INES2DX4llBFYpowwAVwveMfmV69ps7axf4mV8tLYFAcsv3NEILWXQ/MIFL2ZM7PsYD4K4HT/7F6ZC+nUaiIxOAnQxFWkjYwR+EGpcWF8IJbhV3dv5ihV4LjpYOjzBlpbq14X/AFE16MBrGK8cROzh9wUSFCwAO644+ZlWF5KPB4jXMwxAx04tvMIGr1EahdFcxAs5M6hJfVboPguvUUYLCASqxQHheqlKps1LdcZfHiLtotdo+xiorWAJ1tqHjv5z9eYEuXEmSPcDRPaWrylgMccf3DK0V7P2xe/Xk0B9Qs4ic4K4AHaoJWRLXv63s1vmJ9ywqJh05aiY2WXjtvsgNj8S3lHYxzeYSqupXlchU1f/AMjzeSA4H2S7vhDpBz9VwxLC3jEYVjN8wYfaUl1eYY6IaF/U1BLdsA4/uGlwlvwxc8/1mZanmNDsCh8zkAF8MBOZcdysAQNqzl4fUaquzKMeYIMvXTGyU+B0KfIA/MfEsRSJxKscEfMo4KAs5s1XMMDcQKWuRmusQ0KGgC+LcXGdg7BE6MZUXv41UJ7lA9iJKXkAwjKeTGzhjQyWvXiZ+s0QGFZWWAjSO4OiHqWrMNhnEy0/jdqGBzbezUBCgC281BFVVgM0Q1d0QWkV4qCrt8cTHgK2f1iBp17p7/8AWVwuNu6DTkhaqr2Upb80SmUrkFt9Qlgbb+j6jS7n8xnGhQDUqBWoelYnUUIVKfXhFpcXXcZBUcXBWg8hROGR4ZPmXr6Rto7fNRqV7bAy3E6PQH8lQ0tRgH8mXDzC0u3xMUhFAB/F1hN/UTPqZ/FxEoCohDocw1Aj0uGtJRipjO6qDRcXur9EZMpkbEugXim6g5oGhkf+ZhMMUyLrILFqzF04LguN748nJmJSFNJZF1a9ahStmeYGTmLQQdlspCPPATLasD6ZvoJ+IgIhhItofKPCXwahxHbx3DEXWriK0iNiDoLIaEK/D9wbO91KhlyJJVOxdnt5lb1iDKOe9Xn3AwSqxyeX5gtaS7w+UXLhwVPiGkeIV3OE+YK4b75hfLa+Pu/0gYaV5fAdECKlUFclWX83HTpTYX5giUmWjgDzHpQkqy+pzXffqOVz0yo3jDhgZB2Db3W4/DUmsALXVXMVMJaWVSNU7GpSkbX9f+QdqpGoDR+/8ICADA28ifk+IYhhyncErfhVwAzxpGpqoa/vSlXygwKb5jSt0SZ0dnpKXHyV2xjsEMs1mJvUW45JVilWOqleT8R758wUKGIIbxqZiwsrZAMC8cYe9SsSg2lExcoCObmOQIWXWK+oTtKrOfUQEmBWlQBQJScdQUdwlq2ppgAEBW6Ym0tZhOvMqMkPqffmFUnCysTuCDho6awq/cPVipAQMyxbNphJIBmyJlBoH91KgqqQwcTOwFO4MeOc+Jaa+lB2WOYiqqW05v6eNvUsOvRaldPOWb+I7R7EB2cH6hcWyvg2v1FA0i0eFzUbqLxGdslfUrolAM1/8ZrkXfLt9fC+iX/3dgObFW/CHi45qlazEStOHnM4LOVh/b+tSwcCW6rrwQ+lHILbc/B/bE7azYsY3FG/XO8H/vHcoda7QDTbtsxxKUfHxn/yY+3+WKobWen/ANlCNAnZ/hFDNpeU/wAdxRfbggq1J6jQt6/5zA6odwRZtouZnbMYMfTEqkimQPIcwQkSzKZNR0qAsEALWUJazbpvuLuxyAW5rDWazBFnmUgq5DOdUFj9XHKL34jsYbC5lKYYlfOXWIJaWQg13TLFroukpgu9RVs4dSmsQoGrDMeGFQ4am7Ycbl5Vt0UwpEty5IwUXSQS6KFMKcX3MSjicLIf7HbIYOL/ALfLEo1W0t9vRH8BcR+h8RVDoDIww63Az8PJ+T8QHoWughiIVvEW2lgHtmLayr3FVXFadsMOgZPv+1vjuECihU+eS7WW5XL5ioBsiYKMXF21U2fwNf5YOqd8wukzHqDsNJwQyl7DQCufZc+qmCIbGQ6RwnhjtcjYvyMj5L4dEuwVTDrMRpSvMgBaw5HEpiq2l+Gz6qYMglVeB6S4zzVwvZGXTjyxOw2LZY/4sZ6CvbY/TEGJaIYXXbcefw/cN9SmGY+AKPaKYsXKGdKfuMfUYl2ailJeNlgu4tB48wUDZVYiqstvCOq9cpWwVx65hBguYZRVgvBfzAbGOsky5xMHEAkztkpV3Lehp7268Ay9SH5K7unqKiWbSwY7JkRyra1XBs0wLZ3DFLhRDda3rWVfiAKmF0cK2OVB8x3NOQ+uNVAKoGxDMX13XFI+iVqJwmjoPWY0MKVRCtOWVfdQXL9BqWeeUcBLGRvHfmAKCd+IdYh3Hj9Et4Igednx/UrybN1vt0fmBO+Ky+V2sdF69TFJMcD0/wCwgK759PMsl64/0+HyUxrTQ0sFgoYWnDmytwyV52eOr4ghGhrI2HfcPWq0W2+4xS9UqYs7VHq4uWXRgHAHAE3P4Yru4hsGIX3NlNeQe4Yi4kk9yl14ldGV/r5mAcYzUxOLwQSIwW4cFsVF6rcxWMSaB/Y+RRW9YGHAcHm8wiDdrgiIt1UDQpzUIM2oOA6+h/MQG/lMITeAktWo4stLJe71eBwNasDm92ZjBRuwj8zdkvwo4uDxIPZx8P7ijVbyU79xVR8Jy6+kmMFLogDnBa2P/sa/SFHEppuKajm0u+w1moN/LBZfljSvQ1mNrW5itFTvSB1MPnxDd5cjMjcJAyhKcxl7jC03IsvhiqRnEMYeSK+MMoZxGBDNbkcIQssam8mz/v6jxkMjNlFWABZQalqYpB0aIPK4YhZ1MTBZL0pyHHg9wPwy8hefX+wRtPiYUIQJrK/w8/qVGkBa/uA1i/3Dpj1GTMqtkCrVZezydQZRdPY9XqFnkj+B18QUI2/qaDxKdqzVY42QTw28D2PDK80VbWR9VftDM9y7CLl/jAnYkvFkGENTM43vv/KjrPnUMVamdkHMmvEUBQp0f1WOdxtH8Wv6lObTHADAuqiN3tr1/sYwh6ohCIbStW8TUIL7A3/UHcqf3H7fqZvnLC6yH6lNEaqbL0Y9Eqgwh4A98+5mEAnW8yp0uwIxtqsc4K82sVXc2tN6HrAwIzy3MzuuG/UseB0VcW1Z3kwaX5WoR9Kq5XPEfYih2sOYjSaYovFyl1aGT3uj4gwUNWl2tNMQ/J02ceDtiyJHFheRNkCa6CUDHbiFgtQVqlMN+GLULi3/ANl0nOf1BeVNbM4fq4FTzHIVxjgzMeecA78JLahEeOJSrq8yqO2eUz8wXKpQqoVdxVxnxESD4QhXL6huhTRlcsOKu+ZmCMNxZGCmPxGtWKkLFc+GCRKbNjcwZTZ9Shar8RFA/wAYhkNMOsX+2ab3cuLIFjF4JxYyvyR3JcsEB/3cFWdD/wCShwp1uciYiLYYTMVI9NyhhtmHgu7l6KYxs3HWFXwdWxMvMj2JUfKwUcrZLaC8LW6dZhm1e+wxgGht5yznN6+GT9J8zkkq3qZvFGEuAVnNl+ozAt9YQ5Os2S0XIMwXxUCxg3NY5jfL/wBuJxIWQOg9P7gmANbEiKpYk279YOfiAUO6VH/V3ephejk5iNU8HVMD1SJZXWfuInti4StPwhcGJcIJDgvbNmfe5H+v3MEROcuTz2RtlwP7lUbMCALFBxGFksVMqLOQjHy3f1H2uADTUQ0XOVfHqMX0rIldevEZQsaxpviPDUdo7mVQGrll8ylqleooJMyF21VVp8Y+51xfP3EjuEbSt0WxeCABSq4JYl+wxb3vfxzLUroRp5AePMsjrmUMWuALCWJp+dPxABEiabS/zL34Yj9wKIwl8kVFckyyLuY6bl3ATtZZVOIdWzEi0AHmpd8Vd8kjIW4D+wQGapSN4vqWcG8Oq3GAQAW8oLNIC+rEgsSdjqGEE6gDjkrJ3WYDkZTm+3sS5npvR64lCvU8Qn1yf6hOUYvE3/J9QqOeJxgUHQ5Pwy4bqK5mdA3gL+YCDAmhP/MxvVZBzdx3nuX84CvT2nMRVJUcaz+ZkOPCXOAQoU2OcSmOZYgylXl0Qawcl/x6hcHEH/FS7p42S4FAzLMqNXLuc6xgBOVoDg8zH5Ycd+YnqlpfdEuICFoKCYIdRptdbISAme4K7YNYuUS8+5mDaO9nhlaKKHll/wA+JRUYuI1L6iWO5WGTypSGB34TrPaf0Pyi0UtFrFmNZ4gG6cQvSELgJd4A/Ar4gVMNkRZRVn4IMag4P4VTIuLhBrdksoeJbSEBS6J7hDaUCcYS0uaqKDS1ndUSqVBQPHiYFfbAv5xEMOwv9P8AsRgLbIetfhPqAoJCNGReeN7iWxRaS3YuXOOMRgcjN1kL+2ZlARtcAHMeRR9hR/sp0QbrbS37zM3B/KY/VPzDFx+oq/JX0wFj2QUg2aPOoqqE2/p9RmKqqMZrFBbiiAoBcFNCsnTyQKELlSbgSzmAiVp6YSR4g0sOFOJUFQ6mDOZB0wtjFWHTuI2uC0xqjamfASsCr2uWgaSD4JPDBPFEc6zNH+rHdAt2NxjjUaritUx3CRXuiqOMKv6mYOBMH+q8QWyoDuUNpdpSgNEJWF8ks3ADcW3MVrG+aV7qCAq7tr+IrGbKES/hluvCP1Mqi1HSV/BHujVC7i4ru0Ymz1G3ppPHX5h68NLLJh+leIzF1YeuIA1N094i1xdV8orX1afUUbwt9OP3Mj9dP/rzCzgKnFn/AIhC7loIKTpszxUvlqOq+iFrQbtUFfKlvwQGdaXQ396+4pwp+Rt+D9xAGxfTP9SpjCH6n9kK2WDx5r9MBKy026rX9wPdBgAFeJQyYqVBwBouV5tKWD1icobhlUgF6iVzGr3cvlouXjGbaJj6U6b3XPqBTVlVfQaDwTMsQJjzM4Lj2Zk4izcX1GxsVL3omCU8juHSFBXxCJn4Zkr8w12QvKF1AzjqJX1DykVcyF/tv8QJniJS5nz/AAsUwNKhRn12lBtCFMI1jmBHmYjAZ7fRHtxULazFNRwo+5nSq0e5VK4ftzBsIqr+Af6/Uq4lOoAOoIOQ17jgTxBmb+oX6AuB/TlSoIK+0fiogY3F8UmnkjXyzCZsqHQlTk6bxR+5QZxAV4JWhcQmrL8XUDs34Uf0wPBYWOMYBf5iFWJFzznJ+5mnCEVaQxrTjuUjIFu+T9w9/wDk0TGxmnWH9zLfRTsG2OblcBKhbbqB8tPLqJ2Cx5wUhCYPzcY3BKtzAXNu6lShsLqCNZZiUhKxtiwVy8k46PEt1TPiWTE1GwJiy0BkpD6S9Qlq5XfcUNZ/uZIaVFhxcYeer3qVMwIgBtp0gOoPAeEQMBR+Fj/sYD8dzH3NIOBAuVPsfblg2AHq4roT8QW1bhqEGkSpYTqMXpVrAe41kpyCn3UtAJAWI/8AH8SyBxLVpWN+pfcMIcjqc4Kf3F5hlhUYS6Ho5Q3iKFl2TptLCLEQdCd3GJcEIliZILUaDgKxX4IbcQpviqgUxmhet358ykBDFsTEviOA11ma0UarqPyDfkS//ZQiTKAAKaa8HLDM9XiNAYg1iQ+HEIFIHxS4R2lbcOT8M0Ad0L1WeJShKJnsjG1dZwaiWDQGgvcdjnEuNoBVryjndgDKl1qy1fuUXxvN4RjC0jM6lgayMJMkzWoIWNPERZydxKrL1FRGyhR4oa+ocAgKFhsUYfio6G5ChwncytWJymK5wQMUYp9SiEsNlRtCLPexLxZ8w4p6BaUa8pk+HXxUuLX2K/8ADbDqLdIHgZ+QQyxGP1o+8/H8F74DzDwr8TFQOpp/BauUoNs3laiqClwDy0RbeBaNg9eZQzj6Ny/4XFi4stDjTEZL+YvkSIbxVRBpHbuotjKDQ3EKZb7msjAYunAX+v7hHvHnMqkLtznm2Eghp7ja/uZWuK6s6rcEmpzoYtMxwCkCrvWOTH0zPLCrCwW3hUx1KdOcpTGwTLNNZmV/1su6T4ZYGO/AYHPD+SXU2tfJP0EQ+02cAP8AP1GZ0/cQw8qIqK7XmD20Flly7pN0lwTzFgVL1D2BNtB8MB4vxHDg2WFfmHEC28n5R5RBhQC0nkpMxbtEIbH7lNpstBbd7E5uK38lf6jKFgMFxHWXEYHGGdFwtaQBWjqZwAN2VKeAY9pMhZ6H9wLwOp9j/IsZ+Wn3qGQhRkT6irQz2dYPgjadkNqXBL1HWT9yrjH1LLxAxdxYNzNMWBtKIbBwl+Nr/wBcsyA5croS93Ah4M1Hsu+iKFyit8IgMcwUox2guoH/AJSvNFqDw1X6mHzLxQLXu+p4/wD8SlC8tWh/4lgpRdPJ9zJ0OLYULD8RAI1RHhM6wNAWiYZCtBgfEbsaMK9yhlmd4GxP1K5zQH4RFXeBFr1M2XFeLrr2LiWaxrDCUN3ocn6ZVy/FOH9H3FEFi28DUCVOBZUaplTWPEvBzKLmHTTLW5YuEZ+pYEoFS1PcCFoHQMvAKl4Kmf1m1sU8ZiBkD0yu2TW0PN5pC6ajUQ3lvUApAlJKYaVfjUY+ZfmARucKYrscJCkwy9WB+oYXqMyL4IIeBE2OkP8Aszq0zCNc0qdq4TZMLHAT9w4oPUSwSIE5VBC6O0Nyeo5AlrBfXH3cYrMdD4OsZZnrQMXdxUnef4OG5WsnWSVuj8w6tz6hDmO2Ub3zMmZeTeang65lqXcVUYY+5SA4PqMCtOO/EpwFpBguisVsOfn/AOQFVJpO5dRiKGUULexfd8SsHKSl/VR4oPI99/MYksgNAVvvP4jgOUJu/P8A3ErgYQfDf6uCrYKHsx+QhHzFEqgPwUj54hXE12gXuN4JRyg5hP0iY4qF8iP9f0fxzO9trqCJWvJfmC2jofEcy6vKWzLieHqpeiiI3EueGBnxKuAGzP8ABQfaQAs0VvBmDw1CK5LPcMltF1aI/wCSg7OMdx5PUUGz1MOuxS1lR1xLu8Ms2wcv8BFS8EB1ff8AzBxEs4Y8ImC+SomDhKgVSeKjyHUKZmUVfB+o1i5QtYYqZeIKVa0RaRMFUlDTjX9RKrKl28wgWMZjOVuPeIU0aSGo3imPZ7qIhclq/Xx3G6AGrlVSGln/AL/Y2Djq1lflhVUrtN47hHNHIeYyBb0cNpq/d1MU+oNskwcjhiwZmoJgbjsV2ajth/cVNL6YxMXcAuXIQYJWaZVx9wHuVgqJgtby/U3BHDTHuESmTtF04VVWa9VGV0KCO4GkLgLmMVdFdrBYiymiCRYv0y6vqK8AIVxatXxFTo3CWZlGYbwcv4WDoHFJl5DTEDaTC4OxxA7IAdswnh/Bk45X2y/S/wCyqmWPohPoqZwoQ4dZOD9EuYJnBUrVcATKjzLxAQVwKu/r8w+xiEeZVXAZW4AZv4OIqEp1ZFVE3yXGkrOZYfFxh+rY8UlP9RztKNXha/N3/kSb9RULXL1f1N7WCJBZp5PERP1tTl5yHv8AEqSsOs2ROtWIqmPAZ8y6a2KplGBpomCOIYfmBVdnxCq8p7i3YxxZuH8dRRErdH3HoJF+oC3tDQ6ZWIagRm0n5heEKADPhqW3FUbX5nBIuydS7lDBiucxxLs4inMcJnbLk8A+ovx1FYMW/boK/wBfmCkuGpaqW+mOjceF3wwYhvlHfEfKYEymUO51D5X+Q/oGjUNoKZWLmFsTEPEd6lXVesf1HxNJYbYXYFik7TxKlBjjgBr/ALiAhYOxhQXCtsG8hR33Aq2obhzo4mM2VjxYVof8SoYFlF3jb1zAqPYUPoS8twALUKFFOKMaqMFBKcvzH+GEbuyDhXEVjh5hsPgiwxOwxMhVzWLozLKNRuCf6SrXN+pjirJZ4ephhF+JxnfjGQ9r+4IAIrbXOonOuaUrw/8AyEPdWjKiGgxtJk4pT9RMVEAhsYNcx+U8Lv3FgARNVgK/URsWqIPonWKB64/ExG+Y6nghH6U/MbrvqVKc1Co0/wBzrXuCikpEpQuYDLyYW0Spt1G3gimcSmPfr/hikbWo4eACJjE2jzUsdbX7lDLKtumMCmgLcRjJgVt/MUgKRTalHDKYsRVfyo8XMBXQBqWjTByTWGolJCtSkoUMPiXxWXu/O4Rd7mANtRI6BRLY4ywlLGXcS5hKtlkGq3ZUJZYlQy66Riu7l7PjdC/Us9AGhIACL9xHVDe5yCyUHi1WL+hh2CrUGw+QgYq/2x8v17ja1EeKqCMqnYR12WhslNKG6+FmIQrszpTGfHMvAAy1giPupyvUSYRGgFFqGMpGdjS4GwmQzic/w7muZdf/APWUNZSotEY0VVZrmNYZOmFeNQ7BSuSZC6uWM5D3Ecj/AFDLxLklazJMRHi0tyqW+QzBCzUWIbzLovMIAC8x6EexlKByVRLK4IrpMOfk+oAV67fBMB7NuyLtQGjJyPHH1HouYej/AL2RcYg4QbH1GGFmxxDRrM3rVLw/9v6mBf4WVbuO4l7ik3dEoC5cAWsOPJ2x/gQN4daIGd/USy/iCywK8sRdm8wtzLXFvUpHEQRALPslt60oKZz5VBd517nFcRbFHqKsDruDZYd0WaDZTq5elDtLKbmppXH3BTx8hRyi4GqKxCRUuAC7tKq/j1KciR4CE58MfMqL+K2Wgn6/+yyh8RLKbIuqE6dlESI5bsxAcPE3k8RrkeBE3nVALbSYRo7iajfAS3oA6irB8x5dxYHnFgtYqkiT9VVj7OIDWObIEYCKiOA1zEAYVXRP1B6Pm/wlmPpX6EavYmf3LSSsh0yCgUHgmcZvPkKfyMzfSFOLvK7HhlqROAx66MHJHAil1BwOybxY8ZCOAQHBKCoos2i2jTMmLc+fUSwWtrKwzvUuTaUOLce4gjVcZnLRJvAZrUF2u9jKCMidwN5MV9wNqzDuK3EES66xFbSFExRuBMRYazmsT8DiUBOOFjaoOBtLirfbB8DCp/cbMqBgQdVLznMAMYmC79R8FfJL3K1KMN1bNJWo6/h3CELaG75l8xz+I2kAVOkzMA505f5+ZmsL4P6Smljw0lUpH8Eb/Eh9eYdz81G4M7eDqd3bNWOvNCvz/N5UEqZUgzhr+cxPS73vGHUoNQzFr4jwxYNsBEtQ+Un7maN561B8FGIZZ6JaI7KhF4tVfJE1HMtTAs0oqBcJwL7fXRcZSXP3McziN3jMpCLKPH8CCdfVzBMlD7WMQCtXAEG1KYNAl4zbC9uD8wUoA3ApTzKFy+SCsahqaeGeMg4Zl/kvFR6YcocU7IpYrVVrDHlEdQ/3rhxBrYWFwWQCYaiJm9svUVtbNqjcx12yWHFjlusdDCUdyDW35t+I2NS4ACWIK7zG+5PsyfiZfCCfEylgCRuHOO46IDGdLcx4dH+pcdY8REwH3EsPUJnGrghRfqFo29SyaxEoxn1HQ+4r16F98TO/8al4hwVAplzZPc0pnMNzxF5uB/uLnPxBw1m3JVwuXK5TmoPXGH/dRV1cszsw0fiY13g/vnEoFBjiJgiGUnAQ/DDq86Eh3PuriHh6TEE2/RxBIqCIfN7L4DmMYi5vD7ePEdKoo85V94+YC0uq0cxWXtvcKsqxvEo7cLpjBWytuZfRFBu4crV0XFALPbf3CLKceMy4XW2YXoAGQzENlS9HHzLwVitamYmPFM2SjM4MjPY0ziUXNRzvLMFj3xOKDnwykAuL9p/BKbQj7Mf1MHUEkwALw4f9he6u1fMtPxtj8zPo7xhms/Ff6jd3vKojqKo/tlRhfCZaS+Rg7ocV5X0EBitI/sfr9zXEf4X+HBDJBLbHCMXJDSWhSywPTqcfpq5ZwNdEGtNoW1qZSCwrpX9o37JYlRIIWJ+wjPyBfhh5bem/ogHHzUmXfib/AFOAvs/1P00p+2Fwh2J+rgyWnmftj9f2qxMUbIiDkyfCCVhgWmGu76WZ1FTEBsTuHQ3sbKiQt10AQwHH+zZq79RIEs4Yw0F9l5JqrC+4YUKW7ZSv13A58G6cVFhRa40QBALv0L/ZOJR/INxXxCXABtp8Q1AMUVi7/v8Ai3WvoKP7uO6QFCCai2OQZbckTmBahSVBI5yjmPsjHL6jxvzJfODd/gqIA8Ufr0fMKq7ANLr/AMKIZuT4ffmFGYMuXmXMJeUXqKz+DcCpHZesIDFUEykQVi15iMKXuITp/aV/FQcSk0zk7ipwxsg+rgruCvEBXH8TKnDMMkI9L+hLBmVqsyk0cCS/zgWoqrwK4i+YNRrCjHbbFRTvoLjVNnWpgrFvXMtRCnOYYGRCfIYEVhDiuEG119y8gkOMQVChlzj+41trmi8b6jGoTedOfxcY/wA8Nw5QZuWffwhT+v4osAsvlhAHUoN4EdEh4IPeGzmJeR8NIWhGBFUfEXKuN37gLjbs/wAjj5OyLKtPv/ZZGF0QL+6+YgMsvDcMQJKbfwg8cw9RCY1FzLxHKWMkumswWuDiURYJgG1YNLvtpDzDwRKJyK/ZMw6vHQTBoJq8u4oFF4vFZmRWIUfT+CviW9R8YhlncPI/hSwylohXaN+iXHDMr8sV6RAoBWBHThjWwNe2ChFSA/V6lQBa9iZJSng3k1EVsb0lVLArNy1SfJzHlQa8yqc45xK2Bhf8IEjLVdrf3NVyJXRfPxD4US3GdH0EtkolFufRHXCmPIif7CdEU5HMREUNiZhTStTZp6YzTKroLxNzI9TaPJr2fIT8fxcQDB6lshXiNAF1UItuMsoMY8r+ICgSkymdfDCoIdn6lzSfbDUNTJ/rKQa2rg4FTy6WEh8BErp4wzBqpyub9yiWoC/iIAcy7ZcU5j2viWrGJnVzPcobqXB0/Sq7H0W1CYm+fh/9/cdVAW8HzKAGHIHr08zkItYrMpZ9UIoYlH+jP/oM/wDoM/8ApMNXOB0AtaPEqRVbKrwRNlEi7SAU3uk+5RCqmENv5lkzSrUKvQCx+l6WMzY7LR8Mq0ZOntHszH6CC2iCWfiZrVQgLYUd5Q+YJ/Ye9AuIDbjsJ91BL8g1i6D4Mx40UG19cxeKbUwHl6jidm2EvutahrSo4A7ahnR0eRMfJHDDM2VRYW/KRAU93ODWPkSIiQADVFAftCAJcRyHBExz2cNBqvTcGxwBCqZVm0NzIgCi9NC34IAek3y96zpiFBCn2lU1yoHpm9bBt0t9W0u6gbWWIgKhdWw4W6fUHsDNVjQtvInh9zEtZDEplI6LRNYj5oAWg8Xo5qcho1iEyBFXPiYSpl0aqh5HH1GIUia9GOdkU5IiMgPF9Ri94Sc2F2cJMhd6CwcgTY3hiAWO038mZUWg2qf0Ryh7rw8F5POamg0L0P8AUEqrerzDMZ0qBnYyOWIAZLZebY/8fiMVg3uJFjkGb/gYlMXVa0uD+5iCL/scKwGH8EMXjQ48qlJBCrReZPp8w9SQxrFlpqdl8QaPlrpzQA6NIY7l0IYoaJ04rjbiG4Tu4VQVHZxUB8da+Q5xegYLWcyn74Nqt2tgsHOUuVFKRpYldBToMovcZIYQTqJVA0KZc1MuqNiqLCqWuxvRKMVMYMJWkGAYvAw4oYd0Ytar2FblO0AqBbaC70LZazEalgEwgGQvi/mNWMyojhAAFXY6YEa2iUGuLNthMuSNre4pSwADV1rhtl+3qslX0X+DyxQCJGSyoVfbK6oPWC42wwDmBFKNoCMq1l7xGMSrCss8LrSNG49GwEVDXa4UZX3vMRUxQMuRSFm01g1Lwy3O1FRYo3kvjwR+9cIC3YrnJq9tdRsVFAipLSeRH5jgSKEBQsiWTRtIqrvas0lpk3kL0Z8S9zQVMGjoqKKlgK8Gj4j64r2Ver94IU4XkOGr9RdkiAVzgo/FQVnOwhv33LFChuiJd2izGKGJ7gI/3URuBVRvyBA/KQBsAO3IszX+eYgGK20b+4zTlrW8xWyja4nRCtO7cxdiRbFl2Yl1GoONpqw4j21GiuD4ipQHgcHH5mxseGByt8S5iDYu4wNu0gcoKX9xpim3pCCesJcPRAL91Hcf4tjlmBX8iK+2yNYwr8sqoClhevxCIUQh6IFai69a19wgGMY+YloAWTWOJfqBhAKq92YicdlC/MsG8jbO2AKGcL+HrxDqngQDxEAHhdKD5FIsi6YiAX6H1M2uhcEAgVVOV33MKQEC8TAKCgwdQoVRTZ3l6+NwGTeW4qycopcfVTRmjQeCIjAAqrpU6tfuAOiNKmsuYxDSnR8Qinu61sRX7CFNpTpRR/qbUk0bEWe8AZlaIU4ql0/Fsw6Jqo8iJMkxQ7VgxfEtYg3ZpVW+CJOTP+F46gBuugqyn0qx/btBtMfqf//Z\">是撒旦法士大夫\n							    ', null, '2015-05-13 13:40:11', '4', '1', '1', '1');
INSERT INTO `t_news` VALUES ('25', '撒旦法士大夫', 'sadfasdfsadfsadf\n							    ', null, '2015-05-15 10:12:52', '1', '1', '1', '0');
INSERT INTO `t_news` VALUES ('26', '幻灯片展示1', '\n							    ', null, '2015-05-19 15:18:04', '6', '1', '1', '0');
INSERT INTO `t_news` VALUES ('27', '廉政文化2', '12312312332\n							    ', null, '2015-05-21 10:58:40', '6', '1', '1', '0');
INSERT INTO `t_news` VALUES ('28', '党员领导干部违反规定插手干预工程建设领域行为适用《中国共产党纪律处分条例》若干问题的解释', '<!--[if gte mso 9]><xml>\n <o:OfficeDocumentSettings>\n  <o:RelyOnVML/>\n  <o:AllowPNG/>\n </o:OfficeDocumentSettings>\n</xml><![endif]--><!--[if gte mso 9]><xml>\n <w:WordDocument>\n  <w:View>Normal</w:View>\n  <w:Zoom>0</w:Zoom>\n  <w:TrackMoves/>\n  <w:TrackFormatting/>\n  <w:PunctuationKerning/>\n  <w:DrawingGridVerticalSpacing>7.8 磅</w:DrawingGridVerticalSpacing>\n  <w:DisplayHorizontalDrawingGridEvery>0</w:DisplayHorizontalDrawingGridEvery>\n  <w:DisplayVerticalDrawingGridEvery>2</w:DisplayVerticalDrawingGridEvery>\n  <w:ValidateAgainstSchemas/>\n  <w:SaveIfXMLInvalid>false</w:SaveIfXMLInvalid>\n  <w:IgnoreMixedContent>false</w:IgnoreMixedContent>\n  <w:AlwaysShowPlaceholderText>false</w:AlwaysShowPlaceholderText>\n  <w:DoNotPromoteQF/>\n  <w:LidThemeOther>EN-US</w:LidThemeOther>\n  <w:LidThemeAsian>ZH-CN</w:LidThemeAsian>\n  <w:LidThemeComplexScript>X-NONE</w:LidThemeComplexScript>\n  <w:Compatibility>\n   <w:SpaceForUL/>\n   <w:BalanceSingleByteDoubleByteWidth/>\n   <w:DoNotLeaveBackslashAlone/>\n   <w:ULTrailSpace/>\n   <w:DoNotExpandShiftReturn/>\n   <w:AdjustLineHeightInTable/>\n   <w:BreakWrappedTables/>\n   <w:SnapToGridInCell/>\n   <w:WrapTextWithPunct/>\n   <w:UseAsianBreakRules/>\n   <w:DontGrowAutofit/>\n   <w:SplitPgBreakAndParaMark/>\n   <w:EnableOpenTypeKerning/>\n   <w:DontFlipMirrorIndents/>\n   <w:OverrideTableStyleHps/>\n   <w:UseFELayout/>\n  </w:Compatibility>\n  <m:mathPr>\n   <m:mathFont m:val=\"Cambria Math\"/>\n   <m:brkBin m:val=\"before\"/>\n   <m:brkBinSub m:val=\"&#45;-\"/>\n   <m:smallFrac m:val=\"off\"/>\n   <m:dispDef/>\n   <m:lMargin m:val=\"0\"/>\n   <m:rMargin m:val=\"0\"/>\n   <m:defJc m:val=\"centerGroup\"/>\n   <m:wrapIndent m:val=\"1440\"/>\n   <m:intLim m:val=\"subSup\"/>\n   <m:naryLim m:val=\"undOvr\"/>\n  </m:mathPr></w:WordDocument>\n</xml><![endif]--><!--[if gte mso 9]><xml>\n <w:LatentStyles DefLockedState=\"false\" DefUnhideWhenUsed=\"false\"\n  DefSemiHidden=\"false\" DefQFormat=\"false\" DefPriority=\"99\"\n  LatentStyleCount=\"371\">\n  <w:LsdException Locked=\"false\" Priority=\"0\" QFormat=\"true\" Name=\"Normal\"/>\n  <w:LsdException Locked=\"false\" Priority=\"9\" QFormat=\"true\" Name=\"heading 1\"/>\n  <w:LsdException Locked=\"false\" Priority=\"9\" SemiHidden=\"true\"\n   UnhideWhenUsed=\"true\" QFormat=\"true\" Name=\"heading 2\"/>\n  <w:LsdException Locked=\"false\" Priority=\"9\" SemiHidden=\"true\"\n   UnhideWhenUsed=\"true\" QFormat=\"true\" Name=\"heading 3\"/>\n  <w:LsdException Locked=\"false\" Priority=\"9\" SemiHidden=\"true\"\n   UnhideWhenUsed=\"true\" QFormat=\"true\" Name=\"heading 4\"/>\n  <w:LsdException Locked=\"false\" Priority=\"9\" SemiHidden=\"true\"\n   UnhideWhenUsed=\"true\" QFormat=\"true\" Name=\"heading 5\"/>\n  <w:LsdException Locked=\"false\" Priority=\"9\" SemiHidden=\"true\"\n   UnhideWhenUsed=\"true\" QFormat=\"true\" Name=\"heading 6\"/>\n  <w:LsdException Locked=\"false\" Priority=\"9\" SemiHidden=\"true\"\n   UnhideWhenUsed=\"true\" QFormat=\"true\" Name=\"heading 7\"/>\n  <w:LsdException Locked=\"false\" Priority=\"9\" SemiHidden=\"true\"\n   UnhideWhenUsed=\"true\" QFormat=\"true\" Name=\"heading 8\"/>\n  <w:LsdException Locked=\"false\" Priority=\"9\" SemiHidden=\"true\"\n   UnhideWhenUsed=\"true\" QFormat=\"true\" Name=\"heading 9\"/>\n  <w:LsdException Locked=\"false\" SemiHidden=\"true\" UnhideWhenUsed=\"true\"\n   Name=\"index 1\"/>\n  <w:LsdException Locked=\"false\" SemiHidden=\"true\" UnhideWhenUsed=\"true\"\n   Name=\"index 2\"/>\n  <w:LsdException Locked=\"false\" SemiHidden=\"true\" UnhideWhenUsed=\"true\"\n   Name=\"index 3\"/>\n  <w:LsdException Locked=\"false\" SemiHidden=\"true\" UnhideWhenUsed=\"true\"\n   Name=\"index 4\"/>\n  <w:LsdException Locked=\"false\" SemiHidden=\"true\" UnhideWhenUsed=\"true\"\n   Name=\"index 5\"/>\n  <w:LsdException Locked=\"false\" SemiHidden=\"true\" UnhideWhenUsed=\"true\"\n   Name=\"index 6\"/>\n  <w:LsdException Locked=\"false\" SemiHidden=\"true\" UnhideWhenUsed=\"true\"\n   Name=\"index 7\"/>\n  <w:LsdException Locked=\"false\" SemiHidden=\"true\" UnhideWhenUsed=\"true\"\n   Name=\"index 8\"/>\n  <w:LsdException Locked=\"false\" SemiHidden=\"true\" UnhideWhenUsed=\"true\"\n   Name=\"index 9\"/>\n  <w:LsdException Locked=\"false\" Priority=\"39\" SemiHidden=\"true\"\n   UnhideWhenUsed=\"true\" Name=\"toc 1\"/>\n  <w:LsdException Locked=\"false\" Priority=\"39\" SemiHidden=\"true\"\n   UnhideWhenUsed=\"true\" Name=\"toc 2\"/>\n  <w:LsdException Locked=\"false\" Priority=\"39\" SemiHidden=\"true\"\n   UnhideWhenUsed=\"true\" Name=\"toc 3\"/>\n  <w:LsdException Locked=\"false\" Priority=\"39\" SemiHidden=\"true\"\n   UnhideWhenUsed=\"true\" Name=\"toc 4\"/>\n  <w:LsdException Locked=\"false\" Priority=\"39\" SemiHidden=\"true\"\n   UnhideWhenUsed=\"true\" Name=\"toc 5\"/>\n  <w:LsdException Locked=\"false\" Priority=\"39\" SemiHidden=\"true\"\n   UnhideWhenUsed=\"true\" Name=\"toc 6\"/>\n  <w:LsdException Locked=\"false\" Priority=\"39\" SemiHidden=\"true\"\n   UnhideWhenUsed=\"true\" Name=\"toc 7\"/>\n  <w:LsdException Locked=\"false\" Priority=\"39\" SemiHidden=\"true\"\n   UnhideWhenUsed=\"true\" Name=\"toc 8\"/>\n  <w:LsdException Locked=\"false\" Priority=\"39\" SemiHidden=\"true\"\n   UnhideWhenUsed=\"true\" Name=\"toc 9\"/>\n  <w:LsdException Locked=\"false\" SemiHidden=\"true\" UnhideWhenUsed=\"true\"\n   Name=\"Normal Indent\"/>\n  <w:LsdException Locked=\"false\" SemiHidden=\"true\" UnhideWhenUsed=\"true\"\n   Name=\"footnote text\"/>\n  <w:LsdException Locked=\"false\" SemiHidden=\"true\" UnhideWhenUsed=\"true\"\n   Name=\"annotation text\"/>\n  <w:LsdException Locked=\"false\" SemiHidden=\"true\" UnhideWhenUsed=\"true\"\n   Name=\"header\"/>\n  <w:LsdException Locked=\"false\" SemiHidden=\"true\" UnhideWhenUsed=\"true\"\n   Name=\"footer\"/>\n  <w:LsdException Locked=\"false\" SemiHidden=\"true\" UnhideWhenUsed=\"true\"\n   Name=\"index heading\"/>\n  <w:LsdException Locked=\"false\" Priority=\"35\" SemiHidden=\"true\"\n   UnhideWhenUsed=\"true\" QFormat=\"true\" Name=\"caption\"/>\n  <w:LsdException Locked=\"false\" SemiHidden=\"true\" UnhideWhenUsed=\"true\"\n   Name=\"table of figures\"/>\n  <w:LsdException Locked=\"false\" SemiHidden=\"true\" UnhideWhenUsed=\"true\"\n   Name=\"envelope address\"/>\n  <w:LsdException Locked=\"false\" SemiHidden=\"true\" UnhideWhenUsed=\"true\"\n   Name=\"envelope return\"/>\n  <w:LsdException Locked=\"false\" SemiHidden=\"true\" UnhideWhenUsed=\"true\"\n   Name=\"footnote reference\"/>\n  <w:LsdException Locked=\"false\" SemiHidden=\"true\" UnhideWhenUsed=\"true\"\n   Name=\"annotation reference\"/>\n  <w:LsdException Locked=\"false\" SemiHidden=\"true\" UnhideWhenUsed=\"true\"\n   Name=\"line number\"/>\n  <w:LsdException Locked=\"false\" SemiHidden=\"true\" UnhideWhenUsed=\"true\"\n   Name=\"page number\"/>\n  <w:LsdException Locked=\"false\" SemiHidden=\"true\" UnhideWhenUsed=\"true\"\n   Name=\"endnote reference\"/>\n  <w:LsdException Locked=\"false\" SemiHidden=\"true\" UnhideWhenUsed=\"true\"\n   Name=\"endnote text\"/>\n  <w:LsdException Locked=\"false\" SemiHidden=\"true\" UnhideWhenUsed=\"true\"\n   Name=\"table of authorities\"/>\n  <w:LsdException Locked=\"false\" SemiHidden=\"true\" UnhideWhenUsed=\"true\"\n   Name=\"macro\"/>\n  <w:LsdException Locked=\"false\" SemiHidden=\"true\" UnhideWhenUsed=\"true\"\n   Name=\"toa heading\"/>\n  <w:LsdException Locked=\"false\" SemiHidden=\"true\" UnhideWhenUsed=\"true\"\n   Name=\"List\"/>\n  <w:LsdException Locked=\"false\" SemiHidden=\"true\" UnhideWhenUsed=\"true\"\n   Name=\"List Bullet\"/>\n  <w:LsdException Locked=\"false\" SemiHidden=\"true\" UnhideWhenUsed=\"true\"\n   Name=\"List Number\"/>\n  <w:LsdException Locked=\"false\" SemiHidden=\"true\" UnhideWhenUsed=\"true\"\n   Name=\"List 2\"/>\n  <w:LsdException Locked=\"false\" SemiHidden=\"true\" UnhideWhenUsed=\"true\"\n   Name=\"List 3\"/>\n  <w:LsdException Locked=\"false\" SemiHidden=\"true\" UnhideWhenUsed=\"true\"\n   Name=\"List 4\"/>\n  <w:LsdException Locked=\"false\" SemiHidden=\"true\" UnhideWhenUsed=\"true\"\n   Name=\"List 5\"/>\n  <w:LsdException Locked=\"false\" SemiHidden=\"true\" UnhideWhenUsed=\"true\"\n   Name=\"List Bullet 2\"/>\n  <w:LsdException Locked=\"false\" SemiHidden=\"true\" UnhideWhenUsed=\"true\"\n   Name=\"List Bullet 3\"/>\n  <w:LsdException Locked=\"false\" SemiHidden=\"true\" UnhideWhenUsed=\"true\"\n   Name=\"List Bullet 4\"/>\n  <w:LsdException Locked=\"false\" SemiHidden=\"true\" UnhideWhenUsed=\"true\"\n   Name=\"List Bullet 5\"/>\n  <w:LsdException Locked=\"false\" SemiHidden=\"true\" UnhideWhenUsed=\"true\"\n   Name=\"List Number 2\"/>\n  <w:LsdException Locked=\"false\" SemiHidden=\"true\" UnhideWhenUsed=\"true\"\n   Name=\"List Number 3\"/>\n  <w:LsdException Locked=\"false\" SemiHidden=\"true\" UnhideWhenUsed=\"true\"\n   Name=\"List Number 4\"/>\n  <w:LsdException Locked=\"false\" SemiHidden=\"true\" UnhideWhenUsed=\"true\"\n   Name=\"List Number 5\"/>\n  <w:LsdException Locked=\"false\" Priority=\"10\" QFormat=\"true\" Name=\"Title\"/>\n  <w:LsdException Locked=\"false\" SemiHidden=\"true\" UnhideWhenUsed=\"true\"\n   Name=\"Closing\"/>\n  <w:LsdException Locked=\"false\" SemiHidden=\"true\" UnhideWhenUsed=\"true\"\n   Name=\"Signature\"/>\n  <w:LsdException Locked=\"false\" Priority=\"1\" SemiHidden=\"true\"\n   UnhideWhenUsed=\"true\" Name=\"Default Paragraph Font\"/>\n  <w:LsdException Locked=\"false\" SemiHidden=\"true\" UnhideWhenUsed=\"true\"\n   Name=\"Body Text\"/>\n  <w:LsdException Locked=\"false\" SemiHidden=\"true\" UnhideWhenUsed=\"true\"\n   Name=\"Body Text Indent\"/>\n  <w:LsdException Locked=\"false\" SemiHidden=\"true\" UnhideWhenUsed=\"true\"\n   Name=\"List Continue\"/>\n  <w:LsdException Locked=\"false\" SemiHidden=\"true\" UnhideWhenUsed=\"true\"\n   Name=\"List Continue 2\"/>\n  <w:LsdException Locked=\"false\" SemiHidden=\"true\" UnhideWhenUsed=\"true\"\n   Name=\"List Continue 3\"/>\n  <w:LsdException Locked=\"false\" SemiHidden=\"true\" UnhideWhenUsed=\"true\"\n   Name=\"List Continue 4\"/>\n  <w:LsdException Locked=\"false\" SemiHidden=\"true\" UnhideWhenUsed=\"true\"\n   Name=\"List Continue 5\"/>\n  <w:LsdException Locked=\"false\" SemiHidden=\"true\" UnhideWhenUsed=\"true\"\n   Name=\"Message Header\"/>\n  <w:LsdException Locked=\"false\" Priority=\"11\" QFormat=\"true\" Name=\"Subtitle\"/>\n  <w:LsdException Locked=\"false\" SemiHidden=\"true\" UnhideWhenUsed=\"true\"\n   Name=\"Salutation\"/>\n  <w:LsdException Locked=\"false\" SemiHidden=\"true\" UnhideWhenUsed=\"true\"\n   Name=\"Date\"/>\n  <w:LsdException Locked=\"false\" SemiHidden=\"true\" UnhideWhenUsed=\"true\"\n   Name=\"Body Text First Indent\"/>\n  <w:LsdException Locked=\"false\" SemiHidden=\"true\" UnhideWhenUsed=\"true\"\n   Name=\"Body Text First Indent 2\"/>\n  <w:LsdException Locked=\"false\" SemiHidden=\"true\" UnhideWhenUsed=\"true\"\n   Name=\"Note Heading\"/>\n  <w:LsdException Locked=\"false\" SemiHidden=\"true\" UnhideWhenUsed=\"true\"\n   Name=\"Body Text 2\"/>\n  <w:LsdException Locked=\"false\" SemiHidden=\"true\" UnhideWhenUsed=\"true\"\n   Name=\"Body Text 3\"/>\n  <w:LsdException Locked=\"false\" SemiHidden=\"true\" UnhideWhenUsed=\"true\"\n   Name=\"Body Text Indent 2\"/>\n  <w:LsdException Locked=\"false\" SemiHidden=\"true\" UnhideWhenUsed=\"true\"\n   Name=\"Body Text Indent 3\"/>\n  <w:LsdException Locked=\"false\" SemiHidden=\"true\" UnhideWhenUsed=\"true\"\n   Name=\"Block Text\"/>\n  <w:LsdException Locked=\"false\" SemiHidden=\"true\" UnhideWhenUsed=\"true\"\n   Name=\"Hyperlink\"/>\n  <w:LsdException Locked=\"false\" SemiHidden=\"true\" UnhideWhenUsed=\"true\"\n   Name=\"FollowedHyperlink\"/>\n  <w:LsdException Locked=\"false\" Priority=\"22\" QFormat=\"true\" Name=\"Strong\"/>\n  <w:LsdException Locked=\"false\" Priority=\"20\" QFormat=\"true\" Name=\"Emphasis\"/>\n  <w:LsdException Locked=\"false\" SemiHidden=\"true\" UnhideWhenUsed=\"true\"\n   Name=\"Document Map\"/>\n  <w:LsdException Locked=\"false\" SemiHidden=\"true\" UnhideWhenUsed=\"true\"\n   Name=\"Plain Text\"/>\n  <w:LsdException Locked=\"false\" SemiHidden=\"true\" UnhideWhenUsed=\"true\"\n   Name=\"E-mail Signature\"/>\n  <w:LsdException Locked=\"false\" SemiHidden=\"true\" UnhideWhenUsed=\"true\"\n   Name=\"HTML Top of Form\"/>\n  <w:LsdException Locked=\"false\" SemiHidden=\"true\" UnhideWhenUsed=\"true\"\n   Name=\"HTML Bottom of Form\"/>\n  <w:LsdException Locked=\"false\" SemiHidden=\"true\" UnhideWhenUsed=\"true\"\n   Name=\"Normal (Web)\"/>\n  <w:LsdException Locked=\"false\" SemiHidden=\"true\" UnhideWhenUsed=\"true\"\n   Name=\"HTML Acronym\"/>\n  <w:LsdException Locked=\"false\" SemiHidden=\"true\" UnhideWhenUsed=\"true\"\n   Name=\"HTML Address\"/>\n  <w:LsdException Locked=\"false\" SemiHidden=\"true\" UnhideWhenUsed=\"true\"\n   Name=\"HTML Cite\"/>\n  <w:LsdException Locked=\"false\" SemiHidden=\"true\" UnhideWhenUsed=\"true\"\n   Name=\"HTML Code\"/>\n  <w:LsdException Locked=\"false\" SemiHidden=\"true\" UnhideWhenUsed=\"true\"\n   Name=\"HTML Definition\"/>\n  <w:LsdException Locked=\"false\" SemiHidden=\"true\" UnhideWhenUsed=\"true\"\n   Name=\"HTML Keyboard\"/>\n  <w:LsdException Locked=\"false\" SemiHidden=\"true\" UnhideWhenUsed=\"true\"\n   Name=\"HTML Preformatted\"/>\n  <w:LsdException Locked=\"false\" SemiHidden=\"true\" UnhideWhenUsed=\"true\"\n   Name=\"HTML Sample\"/>\n  <w:LsdException Locked=\"false\" SemiHidden=\"true\" UnhideWhenUsed=\"true\"\n   Name=\"HTML Typewriter\"/>\n  <w:LsdException Locked=\"false\" SemiHidden=\"true\" UnhideWhenUsed=\"true\"\n   Name=\"HTML Variable\"/>\n  <w:LsdException Locked=\"false\" SemiHidden=\"true\" UnhideWhenUsed=\"true\"\n   Name=\"Normal Table\"/>\n  <w:LsdException Locked=\"false\" SemiHidden=\"true\" UnhideWhenUsed=\"true\"\n   Name=\"annotation subject\"/>\n  <w:LsdException Locked=\"false\" SemiHidden=\"true\" UnhideWhenUsed=\"true\"\n   Name=\"No List\"/>\n  <w:LsdException Locked=\"false\" SemiHidden=\"true\" UnhideWhenUsed=\"true\"\n   Name=\"Outline List 1\"/>\n  <w:LsdException Locked=\"false\" SemiHidden=\"true\" UnhideWhenUsed=\"true\"\n   Name=\"Outline List 2\"/>\n  <w:LsdException Locked=\"false\" SemiHidden=\"true\" UnhideWhenUsed=\"true\"\n   Name=\"Outline List 3\"/>\n  <w:LsdException Locked=\"false\" SemiHidden=\"true\" UnhideWhenUsed=\"true\"\n   Name=\"Table Simple 1\"/>\n  <w:LsdException Locked=\"false\" SemiHidden=\"true\" UnhideWhenUsed=\"true\"\n   Name=\"Table Simple 2\"/>\n  <w:LsdException Locked=\"false\" SemiHidden=\"true\" UnhideWhenUsed=\"true\"\n   Name=\"Table Simple 3\"/>\n  <w:LsdException Locked=\"false\" SemiHidden=\"true\" UnhideWhenUsed=\"true\"\n   Name=\"Table Classic 1\"/>\n  <w:LsdException Locked=\"false\" SemiHidden=\"true\" UnhideWhenUsed=\"true\"\n   Name=\"Table Classic 2\"/>\n  <w:LsdException Locked=\"false\" SemiHidden=\"true\" UnhideWhenUsed=\"true\"\n   Name=\"Table Classic 3\"/>\n  <w:LsdException Locked=\"false\" SemiHidden=\"true\" UnhideWhenUsed=\"true\"\n   Name=\"Table Classic 4\"/>\n  <w:LsdException Locked=\"false\" SemiHidden=\"true\" UnhideWhenUsed=\"true\"\n   Name=\"Table Colorful 1\"/>\n  <w:LsdException Locked=\"false\" SemiHidden=\"true\" UnhideWhenUsed=\"true\"\n   Name=\"Table Colorful 2\"/>\n  <w:LsdException Locked=\"false\" SemiHidden=\"true\" UnhideWhenUsed=\"true\"\n   Name=\"Table Colorful 3\"/>\n  <w:LsdException Locked=\"false\" SemiHidden=\"true\" UnhideWhenUsed=\"true\"\n   Name=\"Table Columns 1\"/>\n  <w:LsdException Locked=\"false\" SemiHidden=\"true\" UnhideWhenUsed=\"true\"\n   Name=\"Table Columns 2\"/>\n  <w:LsdException Locked=\"false\" SemiHidden=\"true\" UnhideWhenUsed=\"true\"\n   Name=\"Table Columns 3\"/>\n  <w:LsdException Locked=\"false\" SemiHidden=\"true\" UnhideWhenUsed=\"true\"\n   Name=\"Table Columns 4\"/>\n  <w:LsdException Locked=\"false\" SemiHidden=\"true\" UnhideWhenUsed=\"true\"\n   Name=\"Table Columns 5\"/>\n  <w:LsdException Locked=\"false\" SemiHidden=\"true\" UnhideWhenUsed=\"true\"\n   Name=\"Table Grid 1\"/>\n  <w:LsdException Locked=\"false\" SemiHidden=\"true\" UnhideWhenUsed=\"true\"\n   Name=\"Table Grid 2\"/>\n  <w:LsdException Locked=\"false\" SemiHidden=\"true\" UnhideWhenUsed=\"true\"\n   Name=\"Table Grid 3\"/>\n  <w:LsdException Locked=\"false\" SemiHidden=\"true\" UnhideWhenUsed=\"true\"\n   Name=\"Table Grid 4\"/>\n  <w:LsdException Locked=\"false\" SemiHidden=\"true\" UnhideWhenUsed=\"true\"\n   Name=\"Table Grid 5\"/>\n  <w:LsdException Locked=\"false\" SemiHidden=\"true\" UnhideWhenUsed=\"true\"\n   Name=\"Table Grid 6\"/>\n  <w:LsdException Locked=\"false\" SemiHidden=\"true\" UnhideWhenUsed=\"true\"\n   Name=\"Table Grid 7\"/>\n  <w:LsdException Locked=\"false\" SemiHidden=\"true\" UnhideWhenUsed=\"true\"\n   Name=\"Table Grid 8\"/>\n  <w:LsdException Locked=\"false\" SemiHidden=\"true\" UnhideWhenUsed=\"true\"\n   Name=\"Table List 1\"/>\n  <w:LsdException Locked=\"false\" SemiHidden=\"true\" UnhideWhenUsed=\"true\"\n   Name=\"Table List 2\"/>\n  <w:LsdException Locked=\"false\" SemiHidden=\"true\" UnhideWhenUsed=\"true\"\n   Name=\"Table List 3\"/>\n  <w:LsdException Locked=\"false\" SemiHidden=\"true\" UnhideWhenUsed=\"true\"\n   Name=\"Table List 4\"/>\n  <w:LsdException Locked=\"false\" SemiHidden=\"true\" UnhideWhenUsed=\"true\"\n   Name=\"Table List 5\"/>\n  <w:LsdException Locked=\"false\" SemiHidden=\"true\" UnhideWhenUsed=\"true\"\n   Name=\"Table List 6\"/>\n  <w:LsdException Locked=\"false\" SemiHidden=\"true\" UnhideWhenUsed=\"true\"\n   Name=\"Table List 7\"/>\n  <w:LsdException Locked=\"false\" SemiHidden=\"true\" UnhideWhenUsed=\"true\"\n   Name=\"Table List 8\"/>\n  <w:LsdException Locked=\"false\" SemiHidden=\"true\" UnhideWhenUsed=\"true\"\n   Name=\"Table 3D effects 1\"/>\n  <w:LsdException Locked=\"false\" SemiHidden=\"true\" UnhideWhenUsed=\"true\"\n   Name=\"Table 3D effects 2\"/>\n  <w:LsdException Locked=\"false\" SemiHidden=\"true\" UnhideWhenUsed=\"true\"\n   Name=\"Table 3D effects 3\"/>\n  <w:LsdException Locked=\"false\" SemiHidden=\"true\" UnhideWhenUsed=\"true\"\n   Name=\"Table Contemporary\"/>\n  <w:LsdException Locked=\"false\" SemiHidden=\"true\" UnhideWhenUsed=\"true\"\n   Name=\"Table Elegant\"/>\n  <w:LsdException Locked=\"false\" SemiHidden=\"true\" UnhideWhenUsed=\"true\"\n   Name=\"Table Professional\"/>\n  <w:LsdException Locked=\"false\" SemiHidden=\"true\" UnhideWhenUsed=\"true\"\n   Name=\"Table Subtle 1\"/>\n  <w:LsdException Locked=\"false\" SemiHidden=\"true\" UnhideWhenUsed=\"true\"\n   Name=\"Table Subtle 2\"/>\n  <w:LsdException Locked=\"false\" SemiHidden=\"true\" UnhideWhenUsed=\"true\"\n   Name=\"Table Web 1\"/>\n  <w:LsdException Locked=\"false\" SemiHidden=\"true\" UnhideWhenUsed=\"true\"\n   Name=\"Table Web 2\"/>\n  <w:LsdException Locked=\"false\" SemiHidden=\"true\" UnhideWhenUsed=\"true\"\n   Name=\"Table Web 3\"/>\n  <w:LsdException Locked=\"false\" SemiHidden=\"true\" UnhideWhenUsed=\"true\"\n   Name=\"Balloon Text\"/>\n  <w:LsdException Locked=\"false\" Priority=\"39\" Name=\"Table Grid\"/>\n  <w:LsdException Locked=\"false\" SemiHidden=\"true\" UnhideWhenUsed=\"true\"\n   Name=\"Table Theme\"/>\n  <w:LsdException Locked=\"false\" SemiHidden=\"true\" Name=\"Placeholder Text\"/>\n  <w:LsdException Locked=\"false\" Priority=\"1\" QFormat=\"true\" Name=\"No Spacing\"/>\n  <w:LsdException Locked=\"false\" Priority=\"60\" Name=\"Light Shading\"/>\n  <w:LsdException Locked=\"false\" Priority=\"61\" Name=\"Light List\"/>\n  <w:LsdException Locked=\"false\" Priority=\"62\" Name=\"Light Grid\"/>\n  <w:LsdException Locked=\"false\" Priority=\"63\" Name=\"Medium Shading 1\"/>\n  <w:LsdException Locked=\"false\" Priority=\"64\" Name=\"Medium Shading 2\"/>\n  <w:LsdException Locked=\"false\" Priority=\"65\" Name=\"Medium List 1\"/>\n  <w:LsdException Locked=\"false\" Priority=\"66\" Name=\"Medium List 2\"/>\n  <w:LsdException Locked=\"false\" Priority=\"67\" Name=\"Medium Grid 1\"/>\n  <w:LsdException Locked=\"false\" Priority=\"68\" Name=\"Medium Grid 2\"/>\n  <w:LsdException Locked=\"false\" Priority=\"69\" Name=\"Medium Grid 3\"/>\n  <w:LsdException Locked=\"false\" Priority=\"70\" Name=\"Dark List\"/>\n  <w:LsdException Locked=\"false\" Priority=\"71\" Name=\"Colorful Shading\"/>\n  <w:LsdException Locked=\"false\" Priority=\"72\" Name=\"Colorful List\"/>\n  <w:LsdException Locked=\"false\" Priority=\"73\" Name=\"Colorful Grid\"/>\n  <w:LsdException Locked=\"false\" Priority=\"60\" Name=\"Light Shading Accent 1\"/>\n  <w:LsdException Locked=\"false\" Priority=\"61\" Name=\"Light List Accent 1\"/>\n  <w:LsdException Locked=\"false\" Priority=\"62\" Name=\"Light Grid Accent 1\"/>\n  <w:LsdException Locked=\"false\" Priority=\"63\" Name=\"Medium Shading 1 Accent 1\"/>\n  <w:LsdException Locked=\"false\" Priority=\"64\" Name=\"Medium Shading 2 Accent 1\"/>\n  <w:LsdException Locked=\"false\" Priority=\"65\" Name=\"Medium List 1 Accent 1\"/>\n  <w:LsdException Locked=\"false\" SemiHidden=\"true\" Name=\"Revision\"/>\n  <w:LsdException Locked=\"false\" Priority=\"34\" QFormat=\"true\"\n   Name=\"List Paragraph\"/>\n  <w:LsdException Locked=\"false\" Priority=\"29\" QFormat=\"true\" Name=\"Quote\"/>\n  <w:LsdException Locked=\"false\" Priority=\"30\" QFormat=\"true\"\n   Name=\"Intense Quote\"/>\n  <w:LsdException Locked=\"false\" Priority=\"66\" Name=\"Medium List 2 Accent 1\"/>\n  <w:LsdException Locked=\"false\" Priority=\"67\" Name=\"Medium Grid 1 Accent 1\"/>\n  <w:LsdException Locked=\"false\" Priority=\"68\" Name=\"Medium Grid 2 Accent 1\"/>\n  <w:LsdException Locked=\"false\" Priority=\"69\" Name=\"Medium Grid 3 Accent 1\"/>\n  <w:LsdException Locked=\"false\" Priority=\"70\" Name=\"Dark List Accent 1\"/>\n  <w:LsdException Locked=\"false\" Priority=\"71\" Name=\"Colorful Shading Accent 1\"/>\n  <w:LsdException Locked=\"false\" Priority=\"72\" Name=\"Colorful List Accent 1\"/>\n  <w:LsdException Locked=\"false\" Priority=\"73\" Name=\"Colorful Grid Accent 1\"/>\n  <w:LsdException Locked=\"false\" Priority=\"60\" Name=\"Light Shading Accent 2\"/>\n  <w:LsdException Locked=\"false\" Priority=\"61\" Name=\"Light List Accent 2\"/>\n  <w:LsdException Locked=\"false\" Priority=\"62\" Name=\"Light Grid Accent 2\"/>\n  <w:LsdException Locked=\"false\" Priority=\"63\" Name=\"Medium Shading 1 Accent 2\"/>\n  <w:LsdException Locked=\"false\" Priority=\"64\" Name=\"Medium Shading 2 Accent 2\"/>\n  <w:LsdException Locked=\"false\" Priority=\"65\" Name=\"Medium List 1 Accent 2\"/>\n  <w:LsdException Locked=\"false\" Priority=\"66\" Name=\"Medium List 2 Accent 2\"/>\n  <w:LsdException Locked=\"false\" Priority=\"67\" Name=\"Medium Grid 1 Accent 2\"/>\n  <w:LsdException Locked=\"false\" Priority=\"68\" Name=\"Medium Grid 2 Accent 2\"/>\n  <w:LsdException Locked=\"false\" Priority=\"69\" Name=\"Medium Grid 3 Accent 2\"/>\n  <w:LsdException Locked=\"false\" Priority=\"70\" Name=\"Dark List Accent 2\"/>\n  <w:LsdException Locked=\"false\" Priority=\"71\" Name=\"Colorful Shading Accent 2\"/>\n  <w:LsdException Locked=\"false\" Priority=\"72\" Name=\"Colorful List Accent 2\"/>\n  <w:LsdException Locked=\"false\" Priority=\"73\" Name=\"Colorful Grid Accent 2\"/>\n  <w:LsdException Locked=\"false\" Priority=\"60\" Name=\"Light Shading Accent 3\"/>\n  <w:LsdException Locked=\"false\" Priority=\"61\" Name=\"Light List Accent 3\"/>\n  <w:LsdException Locked=\"false\" Priority=\"62\" Name=\"Light Grid Accent 3\"/>\n  <w:LsdException Locked=\"false\" Priority=\"63\" Name=\"Medium Shading 1 Accent 3\"/>\n  <w:LsdException Locked=\"false\" Priority=\"64\" Name=\"Medium Shading 2 Accent 3\"/>\n  <w:LsdException Locked=\"false\" Priority=\"65\" Name=\"Medium List 1 Accent 3\"/>\n  <w:LsdException Locked=\"false\" Priority=\"66\" Name=\"Medium List 2 Accent 3\"/>\n  <w:LsdException Locked=\"false\" Priority=\"67\" Name=\"Medium Grid 1 Accent 3\"/>\n  <w:LsdException Locked=\"false\" Priority=\"68\" Name=\"Medium Grid 2 Accent 3\"/>\n  <w:LsdException Locked=\"false\" Priority=\"69\" Name=\"Medium Grid 3 Accent 3\"/>\n  <w:LsdException Locked=\"false\" Priority=\"70\" Name=\"Dark List Accent 3\"/>\n  <w:LsdException Locked=\"false\" Priority=\"71\" Name=\"Colorful Shading Accent 3\"/>\n  <w:LsdException Locked=\"false\" Priority=\"72\" Name=\"Colorful List Accent 3\"/>\n  <w:LsdException Locked=\"false\" Priority=\"73\" Name=\"Colorful Grid Accent 3\"/>\n  <w:LsdException Locked=\"false\" Priority=\"60\" Name=\"Light Shading Accent 4\"/>\n  <w:LsdException Locked=\"false\" Priority=\"61\" Name=\"Light List Accent 4\"/>\n  <w:LsdException Locked=\"false\" Priority=\"62\" Name=\"Light Grid Accent 4\"/>\n  <w:LsdException Locked=\"false\" Priority=\"63\" Name=\"Medium Shading 1 Accent 4\"/>\n  <w:LsdException Locked=\"false\" Priority=\"64\" Name=\"Medium Shading 2 Accent 4\"/>\n  <w:LsdException Locked=\"false\" Priority=\"65\" Name=\"Medium List 1 Accent 4\"/>\n  <w:LsdException Locked=\"false\" Priority=\"66\" Name=\"Medium List 2 Accent 4\"/>\n  <w:LsdException Locked=\"false\" Priority=\"67\" Name=\"Medium Grid 1 Accent 4\"/>\n  <w:LsdException Locked=\"false\" Priority=\"68\" Name=\"Medium Grid 2 Accent 4\"/>\n  <w:LsdException Locked=\"false\" Priority=\"69\" Name=\"Medium Grid 3 Accent 4\"/>\n  <w:LsdException Locked=\"false\" Priority=\"70\" Name=\"Dark List Accent 4\"/>\n  <w:LsdException Locked=\"false\" Priority=\"71\" Name=\"Colorful Shading Accent 4\"/>\n  <w:LsdException Locked=\"false\" Priority=\"72\" Name=\"Colorful List Accent 4\"/>\n  <w:LsdException Locked=\"false\" Priority=\"73\" Name=\"Colorful Grid Accent 4\"/>\n  <w:LsdException Locked=\"false\" Priority=\"60\" Name=\"Light Shading Accent 5\"/>\n  <w:LsdException Locked=\"false\" Priority=\"61\" Name=\"Light List Accent 5\"/>\n  <w:LsdException Locked=\"false\" Priority=\"62\" Name=\"Light Grid Accent 5\"/>\n  <w:LsdException Locked=\"false\" Priority=\"63\" Name=\"Medium Shading 1 Accent 5\"/>\n  <w:LsdException Locked=\"false\" Priority=\"64\" Name=\"Medium Shading 2 Accent 5\"/>\n  <w:LsdException Locked=\"false\" Priority=\"65\" Name=\"Medium List 1 Accent 5\"/>\n  <w:LsdException Locked=\"false\" Priority=\"66\" Name=\"Medium List 2 Accent 5\"/>\n  <w:LsdException Locked=\"false\" Priority=\"67\" Name=\"Medium Grid 1 Accent 5\"/>\n  <w:LsdException Locked=\"false\" Priority=\"68\" Name=\"Medium Grid 2 Accent 5\"/>\n  <w:LsdException Locked=\"false\" Priority=\"69\" Name=\"Medium Grid 3 Accent 5\"/>\n  <w:LsdException Locked=\"false\" Priority=\"70\" Name=\"Dark List Accent 5\"/>\n  <w:LsdException Locked=\"false\" Priority=\"71\" Name=\"Colorful Shading Accent 5\"/>\n  <w:LsdException Locked=\"false\" Priority=\"72\" Name=\"Colorful List Accent 5\"/>\n  <w:LsdException Locked=\"false\" Priority=\"73\" Name=\"Colorful Grid Accent 5\"/>\n  <w:LsdException Locked=\"false\" Priority=\"60\" Name=\"Light Shading Accent 6\"/>\n  <w:LsdException Locked=\"false\" Priority=\"61\" Name=\"Light List Accent 6\"/>\n  <w:LsdException Locked=\"false\" Priority=\"62\" Name=\"Light Grid Accent 6\"/>\n  <w:LsdException Locked=\"false\" Priority=\"63\" Name=\"Medium Shading 1 Accent 6\"/>\n  <w:LsdException Locked=\"false\" Priority=\"64\" Name=\"Medium Shading 2 Accent 6\"/>\n  <w:LsdException Locked=\"false\" Priority=\"65\" Name=\"Medium List 1 Accent 6\"/>\n  <w:LsdException Locked=\"false\" Priority=\"66\" Name=\"Medium List 2 Accent 6\"/>\n  <w:LsdException Locked=\"false\" Priority=\"67\" Name=\"Medium Grid 1 Accent 6\"/>\n  <w:LsdException Locked=\"false\" Priority=\"68\" Name=\"Medium Grid 2 Accent 6\"/>\n  <w:LsdException Locked=\"false\" Priority=\"69\" Name=\"Medium Grid 3 Accent 6\"/>\n  <w:LsdException Locked=\"false\" Priority=\"70\" Name=\"Dark List Accent 6\"/>\n  <w:LsdException Locked=\"false\" Priority=\"71\" Name=\"Colorful Shading Accent 6\"/>\n  <w:LsdException Locked=\"false\" Priority=\"72\" Name=\"Colorful List Accent 6\"/>\n  <w:LsdException Locked=\"false\" Priority=\"73\" Name=\"Colorful Grid Accent 6\"/>\n  <w:LsdException Locked=\"false\" Priority=\"19\" QFormat=\"true\"\n   Name=\"Subtle Emphasis\"/>\n  <w:LsdException Locked=\"false\" Priority=\"21\" QFormat=\"true\"\n   Name=\"Intense Emphasis\"/>\n  <w:LsdException Locked=\"false\" Priority=\"31\" QFormat=\"true\"\n   Name=\"Subtle Reference\"/>\n  <w:LsdException Locked=\"false\" Priority=\"32\" QFormat=\"true\"\n   Name=\"Intense Reference\"/>\n  <w:LsdException Locked=\"false\" Priority=\"33\" QFormat=\"true\" Name=\"Book Title\"/>\n  <w:LsdException Locked=\"false\" Priority=\"37\" SemiHidden=\"true\"\n   UnhideWhenUsed=\"true\" Name=\"Bibliography\"/>\n  <w:LsdException Locked=\"false\" Priority=\"39\" SemiHidden=\"true\"\n   UnhideWhenUsed=\"true\" QFormat=\"true\" Name=\"TOC Heading\"/>\n  <w:LsdException Locked=\"false\" Priority=\"41\" Name=\"Plain Table 1\"/>\n  <w:LsdException Locked=\"false\" Priority=\"42\" Name=\"Plain Table 2\"/>\n  <w:LsdException Locked=\"false\" Priority=\"43\" Name=\"Plain Table 3\"/>\n  <w:LsdException Locked=\"false\" Priority=\"44\" Name=\"Plain Table 4\"/>\n  <w:LsdException Locked=\"false\" Priority=\"45\" Name=\"Plain Table 5\"/>\n  <w:LsdException Locked=\"false\" Priority=\"40\" Name=\"Grid Table Light\"/>\n  <w:LsdException Locked=\"false\" Priority=\"46\" Name=\"Grid Table 1 Light\"/>\n  <w:LsdException Locked=\"false\" Priority=\"47\" Name=\"Grid Table 2\"/>\n  <w:LsdException Locked=\"false\" Priority=\"48\" Name=\"Grid Table 3\"/>\n  <w:LsdException Locked=\"false\" Priority=\"49\" Name=\"Grid Table 4\"/>\n  <w:LsdException Locked=\"false\" Priority=\"50\" Name=\"Grid Table 5 Dark\"/>\n  <w:LsdException Locked=\"false\" Priority=\"51\" Name=\"Grid Table 6 Colorful\"/>\n  <w:LsdException Locked=\"false\" Priority=\"52\" Name=\"Grid Table 7 Colorful\"/>\n  <w:LsdException Locked=\"false\" Priority=\"46\"\n   Name=\"Grid Table 1 Light Accent 1\"/>\n  <w:LsdException Locked=\"false\" Priority=\"47\" Name=\"Grid Table 2 Accent 1\"/>\n  <w:LsdException Locked=\"false\" Priority=\"48\" Name=\"Grid Table 3 Accent 1\"/>\n  <w:LsdException Locked=\"false\" Priority=\"49\" Name=\"Grid Table 4 Accent 1\"/>\n  <w:LsdException Locked=\"false\" Priority=\"50\" Name=\"Grid Table 5 Dark Accent 1\"/>\n  <w:LsdException Locked=\"false\" Priority=\"51\"\n   Name=\"Grid Table 6 Colorful Accent 1\"/>\n  <w:LsdException Locked=\"false\" Priority=\"52\"\n   Name=\"Grid Table 7 Colorful Accent 1\"/>\n  <w:LsdException Locked=\"false\" Priority=\"46\"\n   Name=\"Grid Table 1 Light Accent 2\"/>\n  <w:LsdException Locked=\"false\" Priority=\"47\" Name=\"Grid Table 2 Accent 2\"/>\n  <w:LsdException Locked=\"false\" Priority=\"48\" Name=\"Grid Table 3 Accent 2\"/>\n  <w:LsdException Locked=\"false\" Priority=\"49\" Name=\"Grid Table 4 Accent 2\"/>\n  <w:LsdException Locked=\"false\" Priority=\"50\" Name=\"Grid Table 5 Dark Accent 2\"/>\n  <w:LsdException Locked=\"false\" Priority=\"51\"\n   Name=\"Grid Table 6 Colorful Accent 2\"/>\n  <w:LsdException Locked=\"false\" Priority=\"52\"\n   Name=\"Grid Table 7 Colorful Accent 2\"/>\n  <w:LsdException Locked=\"false\" Priority=\"46\"\n   Name=\"Grid Table 1 Light Accent 3\"/>\n  <w:LsdException Locked=\"false\" Priority=\"47\" Name=\"Grid Table 2 Accent 3\"/>\n  <w:LsdException Locked=\"false\" Priority=\"48\" Name=\"Grid Table 3 Accent 3\"/>\n  <w:LsdException Locked=\"false\" Priority=\"49\" Name=\"Grid Table 4 Accent 3\"/>\n  <w:LsdException Locked=\"false\" Priority=\"50\" Name=\"Grid Table 5 Dark Accent 3\"/>\n  <w:LsdException Locked=\"false\" Priority=\"51\"\n   Name=\"Grid Table 6 Colorful Accent 3\"/>\n  <w:LsdException Locked=\"false\" Priority=\"52\"\n   Name=\"Grid Table 7 Colorful Accent 3\"/>\n  <w:LsdException Locked=\"false\" Priority=\"46\"\n   Name=\"Grid Table 1 Light Accent 4\"/>\n  <w:LsdException Locked=\"false\" Priority=\"47\" Name=\"Grid Table 2 Accent 4\"/>\n  <w:LsdException Locked=\"false\" Priority=\"48\" Name=\"Grid Table 3 Accent 4\"/>\n  <w:LsdException Locked=\"false\" Priority=\"49\" Name=\"Grid Table 4 Accent 4\"/>\n  <w:LsdException Locked=\"false\" Priority=\"50\" Name=\"Grid Table 5 Dark Accent 4\"/>\n  <w:LsdException Locked=\"false\" Priority=\"51\"\n   Name=\"Grid Table 6 Colorful Accent 4\"/>\n  <w:LsdException Locked=\"false\" Priority=\"52\"\n   Name=\"Grid Table 7 Colorful Accent 4\"/>\n  <w:LsdException Locked=\"false\" Priority=\"46\"\n   Name=\"Grid Table 1 Light Accent 5\"/>\n  <w:LsdException Locked=\"false\" Priority=\"47\" Name=\"Grid Table 2 Accent 5\"/>\n  <w:LsdException Locked=\"false\" Priority=\"48\" Name=\"Grid Table 3 Accent 5\"/>\n  <w:LsdException Locked=\"false\" Priority=\"49\" Name=\"Grid Table 4 Accent 5\"/>\n  <w:LsdException Locked=\"false\" Priority=\"50\" Name=\"Grid Table 5 Dark Accent 5\"/>\n  <w:LsdException Locked=\"false\" Priority=\"51\"\n   Name=\"Grid Table 6 Colorful Accent 5\"/>\n  <w:LsdException Locked=\"false\" Priority=\"52\"\n   Name=\"Grid Table 7 Colorful Accent 5\"/>\n  <w:LsdException Locked=\"false\" Priority=\"46\"\n   Name=\"Grid Table 1 Light Accent 6\"/>\n  <w:LsdException Locked=\"false\" Priority=\"47\" Name=\"Grid Table 2 Accent 6\"/>\n  <w:LsdException Locked=\"false\" Priority=\"48\" Name=\"Grid Table 3 Accent 6\"/>\n  <w:LsdException Locked=\"false\" Priority=\"49\" Name=\"Grid Table 4 Accent 6\"/>\n  <w:LsdException Locked=\"false\" Priority=\"50\" Name=\"Grid Table 5 Dark Accent 6\"/>\n  <w:LsdException Locked=\"false\" Priority=\"51\"\n   Name=\"Grid Table 6 Colorful Accent 6\"/>\n  <w:LsdException Locked=\"false\" Priority=\"52\"\n   Name=\"Grid Table 7 Colorful Accent 6\"/>\n  <w:LsdException Locked=\"false\" Priority=\"46\" Name=\"List Table 1 Light\"/>\n  <w:LsdException Locked=\"false\" Priority=\"47\" Name=\"List Table 2\"/>\n  <w:LsdException Locked=\"false\" Priority=\"48\" Name=\"List Table 3\"/>\n  <w:LsdException Locked=\"false\" Priority=\"49\" Name=\"List Table 4\"/>\n  <w:LsdException Locked=\"false\" Priority=\"50\" Name=\"List Table 5 Dark\"/>\n  <w:LsdException Locked=\"false\" Priority=\"51\" Name=\"List Table 6 Colorful\"/>\n  <w:LsdException Locked=\"false\" Priority=\"52\" Name=\"List Table 7 Colorful\"/>\n  <w:LsdException Locked=\"false\" Priority=\"46\"\n   Name=\"List Table 1 Light Accent 1\"/>\n  <w:LsdException Locked=\"false\" Priority=\"47\" Name=\"List Table 2 Accent 1\"/>\n  <w:LsdException Locked=\"false\" Priority=\"48\" Name=\"List Table 3 Accent 1\"/>\n  <w:LsdException Locked=\"false\" Priority=\"49\" Name=\"List Table 4 Accent 1\"/>\n  <w:LsdException Locked=\"false\" Priority=\"50\" Name=\"List Table 5 Dark Accent 1\"/>\n  <w:LsdException Locked=\"false\" Priority=\"51\"\n   Name=\"List Table 6 Colorful Accent 1\"/>\n  <w:LsdException Locked=\"false\" Priority=\"52\"\n   Name=\"List Table 7 Colorful Accent 1\"/>\n  <w:LsdException Locked=\"false\" Priority=\"46\"\n   Name=\"List Table 1 Light Accent 2\"/>\n  <w:LsdException Locked=\"false\" Priority=\"47\" Name=\"List Table 2 Accent 2\"/>\n  <w:LsdException Locked=\"false\" Priority=\"48\" Name=\"List Table 3 Accent 2\"/>\n  <w:LsdException Locked=\"false\" Priority=\"49\" Name=\"List Table 4 Accent 2\"/>\n  <w:LsdException Locked=\"false\" Priority=\"50\" Name=\"List Table 5 Dark Accent 2\"/>\n  <w:LsdException Locked=\"false\" Priority=\"51\"\n   Name=\"List Table 6 Colorful Accent 2\"/>\n  <w:LsdException Locked=\"false\" Priority=\"52\"\n   Name=\"List Table 7 Colorful Accent 2\"/>\n  <w:LsdException Locked=\"false\" Priority=\"46\"\n   Name=\"List Table 1 Light Accent 3\"/>\n  <w:LsdException Locked=\"false\" Priority=\"47\" Name=\"List Table 2 Accent 3\"/>\n  <w:LsdException Locked=\"false\" Priority=\"48\" Name=\"List Table 3 Accent 3\"/>\n  <w:LsdException Locked=\"false\" Priority=\"49\" Name=\"List Table 4 Accent 3\"/>\n  <w:LsdException Locked=\"false\" Priority=\"50\" Name=\"List Table 5 Dark Accent 3\"/>\n  <w:LsdException Locked=\"false\" Priority=\"51\"\n   Name=\"List Table 6 Colorful Accent 3\"/>\n  <w:LsdException Locked=\"false\" Priority=\"52\"\n   Name=\"List Table 7 Colorful Accent 3\"/>\n  <w:LsdException Locked=\"false\" Priority=\"46\"\n   Name=\"List Table 1 Light Accent 4\"/>\n  <w:LsdException Locked=\"false\" Priority=\"47\" Name=\"List Table 2 Accent 4\"/>\n  <w:LsdException Locked=\"false\" Priority=\"48\" Name=\"List Table 3 Accent 4\"/>\n  <w:LsdException Locked=\"false\" Priority=\"49\" Name=\"List Table 4 Accent 4\"/>\n  <w:LsdException Locked=\"false\" Priority=\"50\" Name=\"List Table 5 Dark Accent 4\"/>\n  <w:LsdException Locked=\"false\" Priority=\"51\"\n   Name=\"List Table 6 Colorful Accent 4\"/>\n  <w:LsdException Locked=\"false\" Priority=\"52\"\n   Name=\"List Table 7 Colorful Accent 4\"/>\n  <w:LsdException Locked=\"false\" Priority=\"46\"\n   Name=\"List Table 1 Light Accent 5\"/>\n  <w:LsdException Locked=\"false\" Priority=\"47\" Name=\"List Table 2 Accent 5\"/>\n  <w:LsdException Locked=\"false\" Priority=\"48\" Name=\"List Table 3 Accent 5\"/>\n  <w:LsdException Locked=\"false\" Priority=\"49\" Name=\"List Table 4 Accent 5\"/>\n  <w:LsdException Locked=\"false\" Priority=\"50\" Name=\"List Table 5 Dark Accent 5\"/>\n  <w:LsdException Locked=\"false\" Priority=\"51\"\n   Name=\"List Table 6 Colorful Accent 5\"/>\n  <w:LsdException Locked=\"false\" Priority=\"52\"\n   Name=\"List Table 7 Colorful Accent 5\"/>\n  <w:LsdException Locked=\"false\" Priority=\"46\"\n   Name=\"List Table 1 Light Accent 6\"/>\n  <w:LsdException Locked=\"false\" Priority=\"47\" Name=\"List Table 2 Accent 6\"/>\n  <w:LsdException Locked=\"false\" Priority=\"48\" Name=\"List Table 3 Accent 6\"/>\n  <w:LsdException Locked=\"false\" Priority=\"49\" Name=\"List Table 4 Accent 6\"/>\n  <w:LsdException Locked=\"false\" Priority=\"50\" Name=\"List Table 5 Dark Accent 6\"/>\n  <w:LsdException Locked=\"false\" Priority=\"51\"\n   Name=\"List Table 6 Colorful Accent 6\"/>\n  <w:LsdException Locked=\"false\" Priority=\"52\"\n   Name=\"List Table 7 Colorful Accent 6\"/>\n </w:LatentStyles>\n</xml><![endif]--><!--[if gte mso 10]>\n<style>\n /* Style Definitions */\n table.MsoNormalTable\n	{mso-style-name:普通表格;\n	mso-tstyle-rowband-size:0;\n	mso-tstyle-colband-size:0;\n	mso-style-noshow:yes;\n	mso-style-priority:99;\n	mso-style-parent:\"\";\n	mso-padding-alt:0cm 5.4pt 0cm 5.4pt;\n	mso-para-margin:0cm;\n	mso-para-margin-bottom:.0001pt;\n	mso-pagination:widow-orphan;\n	font-size:10.5pt;\n	mso-bidi-font-size:11.0pt;\n	font-family:\"Calibri\",sans-serif;\n	mso-ascii-font-family:Calibri;\n	mso-ascii-theme-font:minor-latin;\n	mso-hansi-font-family:Calibri;\n	mso-hansi-theme-font:minor-latin;\n	mso-font-kerning:1.0pt;}\n</style>\n<![endif]-->\n\n<p class=\"MsoNormal\" style=\"text-align:center;mso-pagination:widow-orphan;\nmso-outline-level:2;background:white;word-break:break-all\" align=\"center\"><b><span style=\"font-size:13.0pt;font-family:宋体;mso-ascii-font-family:ˎ̥;mso-hansi-font-family:\nˎ̥;mso-bidi-font-family:宋体;color:#1F5781;mso-font-kerning:0pt\">党员领导干部违反规定插手干预工程建设领域行为适用《中国共产党纪律处分条例》若干问题的解释</span></b><b><span style=\"font-size:13.0pt;font-family:&quot;ˎ̥&quot;,serif;mso-fareast-font-family:宋体;\nmso-bidi-font-family:宋体;color:#1F5781;mso-font-kerning:0pt\"> <span lang=\"EN-US\"></span></span></b></p>\n\n<p class=\"MsoNormal\" style=\"text-align:center;line-height:200%;\nmso-pagination:widow-orphan;background:white;word-break:break-all\" align=\"center\"><span style=\"font-size:12.0pt;line-height:200%;font-family:宋体;mso-ascii-font-family:\nˎ̥;mso-hansi-font-family:ˎ̥;mso-bidi-font-family:宋体;color:black;mso-font-kerning:\n0pt\">（</span><span style=\"font-size:12.0pt;line-height:200%;\nfont-family:&quot;ˎ̥&quot;,serif;mso-fareast-font-family:宋体;mso-bidi-font-family:宋体;\ncolor:black;mso-font-kerning:0pt\" lang=\"EN-US\">2010</span><span style=\"font-size:12.0pt;\nline-height:200%;font-family:宋体;mso-ascii-font-family:ˎ̥;mso-hansi-font-family:\nˎ̥;mso-bidi-font-family:宋体;color:black;mso-font-kerning:0pt\">年</span><span style=\"font-size:12.0pt;line-height:200%;font-family:&quot;ˎ̥&quot;,serif;\nmso-fareast-font-family:宋体;mso-bidi-font-family:宋体;color:black;mso-font-kerning:\n0pt\" lang=\"EN-US\">5</span><span style=\"font-size:12.0pt;line-height:200%;font-family:宋体;\nmso-ascii-font-family:ˎ̥;mso-hansi-font-family:ˎ̥;mso-bidi-font-family:宋体;\ncolor:black;mso-font-kerning:0pt\">月</span><span style=\"font-size:\n12.0pt;line-height:200%;font-family:&quot;ˎ̥&quot;,serif;mso-fareast-font-family:宋体;\nmso-bidi-font-family:宋体;color:black;mso-font-kerning:0pt\" lang=\"EN-US\">7</span><span style=\"font-size:12.0pt;line-height:200%;font-family:宋体;mso-ascii-font-family:\nˎ̥;mso-hansi-font-family:ˎ̥;mso-bidi-font-family:宋体;color:black;mso-font-kerning:\n0pt\">日）</span><span style=\"font-size:9.0pt;line-height:200%;\nfont-family:&quot;ˎ̥&quot;,serif;mso-fareast-font-family:宋体;mso-bidi-font-family:宋体;\ncolor:black;mso-font-kerning:0pt\" lang=\"EN-US\"></span></p>\n\n<p class=\"MsoNormal\" style=\"text-align:left;line-height:200%;\nmso-pagination:widow-orphan;background:white;word-break:break-all\" align=\"left\"><span style=\"font-size:12.0pt;line-height:200%;font-family:宋体;mso-ascii-font-family:\nˎ̥;mso-hansi-font-family:ˎ̥;mso-bidi-font-family:宋体;color:black;mso-font-kerning:\n0pt\">　　为进一步促进党员领导干部廉洁从政，规范工程建设秩序，惩处党员领导干部违反规定插手干预工程建设领域行为，确保工程建设项目安全、廉洁、高效运行，现对党员领导干部违反规定插手干预工程建设领域行为适用《中国共产党纪律处分条例》若干问题解释如下。</span><span style=\"font-size:9.0pt;line-height:200%;font-family:&quot;ˎ̥&quot;,serif;\nmso-fareast-font-family:宋体;mso-bidi-font-family:宋体;color:black;mso-font-kerning:\n0pt\" lang=\"EN-US\"></span></p>\n\n<p class=\"MsoNormal\" style=\"text-align:left;line-height:200%;\nmso-pagination:widow-orphan;background:white;word-break:break-all\" align=\"left\"><span style=\"font-size:12.0pt;line-height:200%;font-family:宋体;mso-ascii-font-family:\nˎ̥;mso-hansi-font-family:ˎ̥;mso-bidi-font-family:宋体;color:black;mso-font-kerning:\n0pt\">　　一、党和国家机关中副科级以上党员领导干部，有违反规定插手干预工程建设领域行为的，依照本解释处理。</span><span style=\"font-size:9.0pt;line-height:200%;font-family:&quot;ˎ̥&quot;,serif;mso-fareast-font-family:\n宋体;mso-bidi-font-family:宋体;color:black;mso-font-kerning:0pt\" lang=\"EN-US\"></span></p>\n\n<p class=\"MsoNormal\" style=\"text-align:left;line-height:200%;\nmso-pagination:widow-orphan;background:white;word-break:break-all\" align=\"left\"><span style=\"font-size:12.0pt;line-height:200%;font-family:宋体;mso-ascii-font-family:\nˎ̥;mso-hansi-font-family:ˎ̥;mso-bidi-font-family:宋体;color:black;mso-font-kerning:\n0pt\">　　人民团体、事业单位中相当于副科级以上党员领导干部，国有和国有控股企业（含国有和国有控股金融企业）及其分支机构领导人员中的党员，有违反规定插手干预工程建设领域行为的，适用本解释。</span><span style=\"font-size:9.0pt;line-height:200%;font-family:&quot;ˎ̥&quot;,serif;\nmso-fareast-font-family:宋体;mso-bidi-font-family:宋体;color:black;mso-font-kerning:\n0pt\" lang=\"EN-US\"></span></p>\n\n<p class=\"MsoNormal\" style=\"text-align:left;line-height:200%;\nmso-pagination:widow-orphan;background:white;word-break:break-all\" align=\"left\"><span style=\"font-size:12.0pt;line-height:200%;font-family:宋体;mso-ascii-font-family:\nˎ̥;mso-hansi-font-family:ˎ̥;mso-bidi-font-family:宋体;color:black;mso-font-kerning:\n0pt\">　　二、本解释所称违反规定插手干预工程建设领域行为，是指党员领导干部违反法律、法规、规章、政策性规定或者议事规则，利用职权或者职务上的影响，向相关部门、单位或者有关人员以指定、授意、暗示等方式提出要求，影响工程建设正常开展或者干扰正常监管、执法活动的行为。</span><span style=\"font-size:9.0pt;line-height:200%;font-family:&quot;ˎ̥&quot;,serif;\nmso-fareast-font-family:宋体;mso-bidi-font-family:宋体;color:black;mso-font-kerning:\n0pt\" lang=\"EN-US\"></span></p>\n\n<p class=\"MsoNormal\" style=\"text-align:left;line-height:200%;\nmso-pagination:widow-orphan;background:white;word-break:break-all\" align=\"left\"><span style=\"font-size:12.0pt;line-height:200%;font-family:宋体;mso-ascii-font-family:\nˎ̥;mso-hansi-font-family:ˎ̥;mso-bidi-font-family:宋体;color:black;mso-font-kerning:\n0pt\">　　三、违反规定插手干预工程建设项目决策，有下列情形之一，谋取私利的，依照本解释第十二条处理：</span><span style=\"font-size:9.0pt;line-height:200%;font-family:&quot;ˎ̥&quot;,serif;mso-fareast-font-family:\n宋体;mso-bidi-font-family:宋体;color:black;mso-font-kerning:0pt\" lang=\"EN-US\"></span></p>\n\n<p class=\"MsoNormal\" style=\"text-align:left;line-height:200%;\nmso-pagination:widow-orphan;background:white;word-break:break-all\" align=\"left\"><span style=\"font-size:12.0pt;line-height:200%;font-family:宋体;mso-ascii-font-family:\nˎ̥;mso-hansi-font-family:ˎ̥;mso-bidi-font-family:宋体;color:black;mso-font-kerning:\n0pt\">　　（一）要求有关部门允许未经审批、核准或者备案的工程建设项目进行建设的；</span><span style=\"font-size:9.0pt;line-height:200%;font-family:&quot;ˎ̥&quot;,serif;mso-fareast-font-family:\n宋体;mso-bidi-font-family:宋体;color:black;mso-font-kerning:0pt\" lang=\"EN-US\"></span></p>\n\n<p class=\"MsoNormal\" style=\"text-align:left;line-height:200%;\nmso-pagination:widow-orphan;background:white;word-break:break-all\" align=\"left\"><span style=\"font-size:12.0pt;line-height:200%;font-family:宋体;mso-ascii-font-family:\nˎ̥;mso-hansi-font-family:ˎ̥;mso-bidi-font-family:宋体;color:black;mso-font-kerning:\n0pt\">　　（二）要求建设单位对未经审批、核准或者备案的工程建设项目进行建设的；</span><span style=\"font-size:9.0pt;line-height:200%;font-family:&quot;ˎ̥&quot;,serif;mso-fareast-font-family:\n宋体;mso-bidi-font-family:宋体;color:black;mso-font-kerning:0pt\" lang=\"EN-US\"></span></p>\n\n<p class=\"MsoNormal\" style=\"text-align:left;line-height:200%;\nmso-pagination:widow-orphan;background:white;word-break:break-all\" align=\"left\"><span style=\"font-size:12.0pt;line-height:200%;font-family:宋体;mso-ascii-font-family:\nˎ̥;mso-hansi-font-family:ˎ̥;mso-bidi-font-family:宋体;color:black;mso-font-kerning:\n0pt\">　　（三）要求有关部门审批或者核准违反产业政策、发展规划、市场准入标准以及未通过节能评估和审查、环境影响评价审批等不符合有关规定的工程建设项目的；</span><span style=\"font-size:9.0pt;line-height:200%;font-family:&quot;ˎ̥&quot;,serif;\nmso-fareast-font-family:宋体;mso-bidi-font-family:宋体;color:black;mso-font-kerning:\n0pt\" lang=\"EN-US\"></span></p>\n\n<p class=\"MsoNormal\" style=\"text-align:left;line-height:200%;\nmso-pagination:widow-orphan;background:white;word-break:break-all\" align=\"left\"><span style=\"font-size:12.0pt;line-height:200%;font-family:宋体;mso-ascii-font-family:\nˎ̥;mso-hansi-font-family:ˎ̥;mso-bidi-font-family:宋体;color:black;mso-font-kerning:\n0pt\">　　（四）要求有关部门或者单位违反技术标准和有关规定，规划、设计项目方案的；</span><span style=\"font-size:9.0pt;line-height:200%;font-family:&quot;ˎ̥&quot;,serif;mso-fareast-font-family:\n宋体;mso-bidi-font-family:宋体;color:black;mso-font-kerning:0pt\" lang=\"EN-US\"></span></p>\n\n<p class=\"MsoNormal\" style=\"text-align:left;line-height:200%;\nmso-pagination:widow-orphan;background:white;word-break:break-all\" align=\"left\"><span style=\"font-size:12.0pt;line-height:200%;font-family:宋体;mso-ascii-font-family:\nˎ̥;mso-hansi-font-family:ˎ̥;mso-bidi-font-family:宋体;color:black;mso-font-kerning:\n0pt\">　　（五）违反规定以会议或者集体讨论决定方式安排工程建设有关事项的；</span><span style=\"font-size:9.0pt;line-height:200%;font-family:&quot;ˎ̥&quot;,serif;mso-fareast-font-family:\n宋体;mso-bidi-font-family:宋体;color:black;mso-font-kerning:0pt\" lang=\"EN-US\"></span></p>\n\n<p class=\"MsoNormal\" style=\"text-align:left;line-height:200%;\nmso-pagination:widow-orphan;background:white;word-break:break-all\" align=\"left\"><span style=\"font-size:12.0pt;line-height:200%;font-family:宋体;mso-ascii-font-family:\nˎ̥;mso-hansi-font-family:ˎ̥;mso-bidi-font-family:宋体;color:black;mso-font-kerning:\n0pt\">　　（六）有其他违反规定插手干预工程建设项目决策行为的。</span><span style=\"font-size:9.0pt;\nline-height:200%;font-family:&quot;ˎ̥&quot;,serif;mso-fareast-font-family:宋体;mso-bidi-font-family:\n宋体;color:black;mso-font-kerning:0pt\" lang=\"EN-US\"></span></p>\n\n<p class=\"MsoNormal\" style=\"text-align:left;line-height:200%;\nmso-pagination:widow-orphan;background:white;word-break:break-all\" align=\"left\"><span style=\"font-size:12.0pt;line-height:200%;font-family:宋体;mso-ascii-font-family:\nˎ̥;mso-hansi-font-family:ˎ̥;mso-bidi-font-family:宋体;color:black;mso-font-kerning:\n0pt\">　　四、违反规定插手干预工程建设项目招标投标活动，有下列情形之一，谋取私利的，依照本解释第十二条处理：</span><span style=\"font-size:9.0pt;line-height:200%;font-family:&quot;ˎ̥&quot;,serif;\nmso-fareast-font-family:宋体;mso-bidi-font-family:宋体;color:black;mso-font-kerning:\n0pt\" lang=\"EN-US\"></span></p>\n\n<p class=\"MsoNormal\" style=\"text-align:left;line-height:200%;\nmso-pagination:widow-orphan;background:white;word-break:break-all\" align=\"left\"><span style=\"font-size:12.0pt;line-height:200%;font-family:宋体;mso-ascii-font-family:\nˎ̥;mso-hansi-font-family:ˎ̥;mso-bidi-font-family:宋体;color:black;mso-font-kerning:\n0pt\">　　（一）要求有关部门对依法应当招标的工程建设项目不招标，或者依法应当公开招标的工程建设项目实行邀请招标的；</span><span style=\"font-size:9.0pt;line-height:200%;font-family:&quot;ˎ̥&quot;,serif;\nmso-fareast-font-family:宋体;mso-bidi-font-family:宋体;color:black;mso-font-kerning:\n0pt\" lang=\"EN-US\"></span></p>\n\n<p class=\"MsoNormal\" style=\"text-align:left;line-height:200%;\nmso-pagination:widow-orphan;background:white;word-break:break-all\" align=\"left\"><span style=\"font-size:12.0pt;line-height:200%;font-family:宋体;mso-ascii-font-family:\nˎ̥;mso-hansi-font-family:ˎ̥;mso-bidi-font-family:宋体;color:black;mso-font-kerning:\n0pt\">　　（二）要求有关部门或者单位将依法必须进行招标的工程建设项目化整为零，或者假借保密工程、抢险救灾等特殊工程的名义规避招标的；</span><span style=\"font-size:9.0pt;line-height:200%;font-family:&quot;ˎ̥&quot;,serif;\nmso-fareast-font-family:宋体;mso-bidi-font-family:宋体;color:black;mso-font-kerning:\n0pt\" lang=\"EN-US\"></span></p>\n\n<p class=\"MsoNormal\" style=\"text-align:left;line-height:200%;\nmso-pagination:widow-orphan;background:white;word-break:break-all\" align=\"left\"><span style=\"font-size:12.0pt;line-height:200%;font-family:宋体;mso-ascii-font-family:\nˎ̥;mso-hansi-font-family:ˎ̥;mso-bidi-font-family:宋体;color:black;mso-font-kerning:\n0pt\">　　（三）为招标人指定招标代理机构并办理招标事宜的；</span><span style=\"font-size:9.0pt;\nline-height:200%;font-family:&quot;ˎ̥&quot;,serif;mso-fareast-font-family:宋体;mso-bidi-font-family:\n宋体;color:black;mso-font-kerning:0pt\" lang=\"EN-US\"></span></p>\n\n<p class=\"MsoNormal\" style=\"text-align:left;line-height:200%;\nmso-pagination:widow-orphan;background:white;word-break:break-all\" align=\"left\"><span style=\"font-size:12.0pt;line-height:200%;font-family:宋体;mso-ascii-font-family:\nˎ̥;mso-hansi-font-family:ˎ̥;mso-bidi-font-family:宋体;color:black;mso-font-kerning:\n0pt\">　　（四）影响工程建设项目投标人资格的确定或者评标、中标结果的；</span><span style=\"font-size:\n9.0pt;line-height:200%;font-family:&quot;ˎ̥&quot;,serif;mso-fareast-font-family:宋体;\nmso-bidi-font-family:宋体;color:black;mso-font-kerning:0pt\" lang=\"EN-US\"></span></p>\n\n<p class=\"MsoNormal\" style=\"text-align:left;line-height:200%;\nmso-pagination:widow-orphan;background:white;word-break:break-all\" align=\"left\"><span style=\"font-size:12.0pt;line-height:200%;font-family:宋体;mso-ascii-font-family:\nˎ̥;mso-hansi-font-family:ˎ̥;mso-bidi-font-family:宋体;color:black;mso-font-kerning:\n0pt\">　　（五）有其他违反规定插手干预工程建设项目招标投标活动行为的。</span><span style=\"font-size:\n9.0pt;line-height:200%;font-family:&quot;ˎ̥&quot;,serif;mso-fareast-font-family:宋体;\nmso-bidi-font-family:宋体;color:black;mso-font-kerning:0pt\" lang=\"EN-US\"></span></p>\n\n<p class=\"MsoNormal\" style=\"text-align:left;line-height:200%;\nmso-pagination:widow-orphan;background:white;word-break:break-all\" align=\"left\"><span style=\"font-size:12.0pt;line-height:200%;font-family:宋体;mso-ascii-font-family:\nˎ̥;mso-hansi-font-family:ˎ̥;mso-bidi-font-family:宋体;color:black;mso-font-kerning:\n0pt\">　　五、违反规定插手干预土地使用权、矿业权审批和出让，有下列情形之一，谋取私利的，依照本解释第十二条处理：</span><span style=\"font-size:9.0pt;line-height:200%;font-family:&quot;ˎ̥&quot;,serif;\nmso-fareast-font-family:宋体;mso-bidi-font-family:宋体;color:black;mso-font-kerning:\n0pt\" lang=\"EN-US\"></span></p>\n\n<p class=\"MsoNormal\" style=\"text-align:left;line-height:200%;\nmso-pagination:widow-orphan;background:white;word-break:break-all\" align=\"left\"><span style=\"font-size:12.0pt;line-height:200%;font-family:宋体;mso-ascii-font-family:\nˎ̥;mso-hansi-font-family:ˎ̥;mso-bidi-font-family:宋体;color:black;mso-font-kerning:\n0pt\">　　（一）要求有关部门对应当实行招标拍卖挂牌出让的土地使用权采用划拨、协议方式供地的；</span><span style=\"font-size:9.0pt;line-height:200%;font-family:&quot;ˎ̥&quot;,serif;mso-fareast-font-family:\n宋体;mso-bidi-font-family:宋体;color:black;mso-font-kerning:0pt\" lang=\"EN-US\"></span></p>\n\n<p class=\"MsoNormal\" style=\"text-align:left;line-height:200%;\nmso-pagination:widow-orphan;background:white;word-break:break-all\" align=\"left\"><span style=\"font-size:12.0pt;line-height:200%;font-family:宋体;mso-ascii-font-family:\nˎ̥;mso-hansi-font-family:ˎ̥;mso-bidi-font-family:宋体;color:black;mso-font-kerning:\n0pt\">　　（二）要求有关部门或者单位采用合作开发、招商引资、历史遗留问题等名义或者使用先行立项、先行选址定点确定用地者等手段规避招标拍卖挂牌出让的；</span><span style=\"font-size:9.0pt;line-height:200%;font-family:&quot;ˎ̥&quot;,serif;\nmso-fareast-font-family:宋体;mso-bidi-font-family:宋体;color:black;mso-font-kerning:\n0pt\" lang=\"EN-US\"></span></p>\n\n<p class=\"MsoNormal\" style=\"text-align:left;line-height:200%;\nmso-pagination:widow-orphan;background:white;word-break:break-all\" align=\"left\"><span style=\"font-size:12.0pt;line-height:200%;font-family:宋体;mso-ascii-font-family:\nˎ̥;mso-hansi-font-family:ˎ̥;mso-bidi-font-family:宋体;color:black;mso-font-kerning:\n0pt\">　　（三）影响土地使用权招标拍卖挂牌出让活动中竞买人的确定或者招标拍卖挂牌出让结果的；</span><span style=\"font-size:9.0pt;line-height:200%;font-family:&quot;ˎ̥&quot;,serif;mso-fareast-font-family:\n宋体;mso-bidi-font-family:宋体;color:black;mso-font-kerning:0pt\" lang=\"EN-US\"></span></p>\n\n<p class=\"MsoNormal\" style=\"text-align:left;line-height:200%;\nmso-pagination:widow-orphan;background:white;word-break:break-all\" align=\"left\"><span style=\"font-size:12.0pt;line-height:200%;font-family:宋体;mso-ascii-font-family:\nˎ̥;mso-hansi-font-family:ˎ̥;mso-bidi-font-family:宋体;color:black;mso-font-kerning:\n0pt\">　　（四）土地使用权出让金确定后，要求有关部门违反规定批准减免、缓缴土地使用权出让金的；</span><span style=\"font-size:9.0pt;line-height:200%;font-family:&quot;ˎ̥&quot;,serif;mso-fareast-font-family:\n宋体;mso-bidi-font-family:宋体;color:black;mso-font-kerning:0pt\" lang=\"EN-US\"></span></p>\n\n<p class=\"MsoNormal\" style=\"text-align:left;line-height:200%;\nmso-pagination:widow-orphan;background:white;word-break:break-all\" align=\"left\"><span style=\"font-size:12.0pt;line-height:200%;font-family:宋体;mso-ascii-font-family:\nˎ̥;mso-hansi-font-family:ˎ̥;mso-bidi-font-family:宋体;color:black;mso-font-kerning:\n0pt\">　　（五）要求有关部门为不符合供地政策的工程建设项目批准土地，或者为不具备发放国有土地使用证书条件的工程建设项目发放国有土地使用证书的；</span><span style=\"font-size:9.0pt;line-height:200%;font-family:&quot;ˎ̥&quot;,serif;\nmso-fareast-font-family:宋体;mso-bidi-font-family:宋体;color:black;mso-font-kerning:\n0pt\" lang=\"EN-US\"></span></p>\n\n<p class=\"MsoNormal\" style=\"text-align:left;line-height:200%;\nmso-pagination:widow-orphan;background:white;word-break:break-all\" align=\"left\"><span style=\"font-size:12.0pt;line-height:200%;font-family:宋体;mso-ascii-font-family:\nˎ̥;mso-hansi-font-family:ˎ̥;mso-bidi-font-family:宋体;color:black;mso-font-kerning:\n0pt\">　　（六）要求有关部门违反规定审批或者出让探矿权、采矿权的；</span><span style=\"font-size:\n9.0pt;line-height:200%;font-family:&quot;ˎ̥&quot;,serif;mso-fareast-font-family:宋体;\nmso-bidi-font-family:宋体;color:black;mso-font-kerning:0pt\" lang=\"EN-US\"></span></p>\n\n<p class=\"MsoNormal\" style=\"text-align:left;line-height:200%;\nmso-pagination:widow-orphan;background:white;word-break:break-all\" align=\"left\"><span style=\"font-size:12.0pt;line-height:200%;font-family:宋体;mso-ascii-font-family:\nˎ̥;mso-hansi-font-family:ˎ̥;mso-bidi-font-family:宋体;color:black;mso-font-kerning:\n0pt\">　　（七）有其他违反规定插手干预土地使用权、矿业权审批和出让行为的。</span><span style=\"font-size:9.0pt;line-height:200%;font-family:&quot;ˎ̥&quot;,serif;mso-fareast-font-family:\n宋体;mso-bidi-font-family:宋体;color:black;mso-font-kerning:0pt\" lang=\"EN-US\"></span></p>\n\n<p class=\"MsoNormal\" style=\"text-align:left;line-height:200%;\nmso-pagination:widow-orphan;background:white;word-break:break-all\" align=\"left\"><span style=\"font-size:12.0pt;line-height:200%;font-family:宋体;mso-ascii-font-family:\nˎ̥;mso-hansi-font-family:ˎ̥;mso-bidi-font-family:宋体;color:black;mso-font-kerning:\n0pt\">　　六、违反规定插手干预城乡规划管理活动，有下列情形之一，谋取私利的，依照本解释第十二条处理：</span><span style=\"font-size:9.0pt;line-height:200%;font-family:&quot;ˎ̥&quot;,serif;mso-fareast-font-family:\n宋体;mso-bidi-font-family:宋体;color:black;mso-font-kerning:0pt\" lang=\"EN-US\"></span></p>\n\n<p class=\"MsoNormal\" style=\"text-align:left;line-height:200%;\nmso-pagination:widow-orphan;background:white;word-break:break-all\" align=\"left\"><span style=\"font-size:12.0pt;line-height:200%;font-family:宋体;mso-ascii-font-family:\nˎ̥;mso-hansi-font-family:ˎ̥;mso-bidi-font-family:宋体;color:black;mso-font-kerning:\n0pt\">　　（一）要求有关部门违反规定改变城乡规划的；</span><span style=\"font-size:9.0pt;\nline-height:200%;font-family:&quot;ˎ̥&quot;,serif;mso-fareast-font-family:宋体;mso-bidi-font-family:\n宋体;color:black;mso-font-kerning:0pt\" lang=\"EN-US\"></span></p>\n\n<p class=\"MsoNormal\" style=\"text-align:left;line-height:200%;\nmso-pagination:widow-orphan;background:white;word-break:break-all\" align=\"left\"><span style=\"font-size:12.0pt;line-height:200%;font-family:宋体;mso-ascii-font-family:\nˎ̥;mso-hansi-font-family:ˎ̥;mso-bidi-font-family:宋体;color:black;mso-font-kerning:\n0pt\">　　（二）要求有关部门违反规定批准调整土地用途、容积率等规划设计条件的；</span><span style=\"font-size:9.0pt;line-height:200%;font-family:&quot;ˎ̥&quot;,serif;mso-fareast-font-family:\n宋体;mso-bidi-font-family:宋体;color:black;mso-font-kerning:0pt\" lang=\"EN-US\"></span></p>\n\n<p class=\"MsoNormal\" style=\"text-align:left;line-height:200%;\nmso-pagination:widow-orphan;background:white;word-break:break-all\" align=\"left\"><span style=\"font-size:12.0pt;line-height:200%;font-family:宋体;mso-ascii-font-family:\nˎ̥;mso-hansi-font-family:ˎ̥;mso-bidi-font-family:宋体;color:black;mso-font-kerning:\n0pt\">　　（三）有其他违反规定插手干预城乡规划管理活动行为的。</span><span style=\"font-size:9.0pt;\nline-height:200%;font-family:&quot;ˎ̥&quot;,serif;mso-fareast-font-family:宋体;mso-bidi-font-family:\n宋体;color:black;mso-font-kerning:0pt\" lang=\"EN-US\"></span></p>\n\n<p class=\"MsoNormal\" style=\"text-align:left;line-height:200%;\nmso-pagination:widow-orphan;background:white;word-break:break-all\" align=\"left\"><span style=\"font-size:12.0pt;line-height:200%;font-family:宋体;mso-ascii-font-family:\nˎ̥;mso-hansi-font-family:ˎ̥;mso-bidi-font-family:宋体;color:black;mso-font-kerning:\n0pt\">　　七、违反规定插手干预房地产开发与经营活动，有下列情形之一，谋取私利的，依照本解释第十二条处理：</span><span style=\"font-size:9.0pt;line-height:200%;font-family:&quot;ˎ̥&quot;,serif;mso-fareast-font-family:\n宋体;mso-bidi-font-family:宋体;color:black;mso-font-kerning:0pt\" lang=\"EN-US\"></span></p>\n\n<p class=\"MsoNormal\" style=\"text-align:left;line-height:200%;\nmso-pagination:widow-orphan;background:white;word-break:break-all\" align=\"left\"><span style=\"font-size:12.0pt;line-height:200%;font-family:宋体;mso-ascii-font-family:\nˎ̥;mso-hansi-font-family:ˎ̥;mso-bidi-font-family:宋体;color:black;mso-font-kerning:\n0pt\">　　（一）要求有关部门同意不具备房地产开发资质或者资质等级不相符的企业从事房地产开发与经营活动的；</span><span style=\"font-size:9.0pt;line-height:200%;font-family:&quot;ˎ̥&quot;,serif;mso-fareast-font-family:\n宋体;mso-bidi-font-family:宋体;color:black;mso-font-kerning:0pt\" lang=\"EN-US\"></span></p>\n\n<p class=\"MsoNormal\" style=\"text-align:left;line-height:200%;\nmso-pagination:widow-orphan;background:white;word-break:break-all\" align=\"left\"><span style=\"font-size:12.0pt;line-height:200%;font-family:宋体;mso-ascii-font-family:\nˎ̥;mso-hansi-font-family:ˎ̥;mso-bidi-font-family:宋体;color:black;mso-font-kerning:\n0pt\">　　（二）要求有关部门为不符合商品房预售条件的开发项目发放商品房预售许可证的；</span><span style=\"font-size:9.0pt;line-height:200%;font-family:&quot;ˎ̥&quot;,serif;mso-fareast-font-family:\n宋体;mso-bidi-font-family:宋体;color:black;mso-font-kerning:0pt\" lang=\"EN-US\"></span></p>\n\n<p class=\"MsoNormal\" style=\"text-align:left;line-height:200%;\nmso-pagination:widow-orphan;background:white;word-break:break-all\" align=\"left\"><span style=\"font-size:12.0pt;line-height:200%;font-family:宋体;mso-ascii-font-family:\nˎ̥;mso-hansi-font-family:ˎ̥;mso-bidi-font-family:宋体;color:black;mso-font-kerning:\n0pt\">　　（三）对未经验收或者验收不合格的房地产开发项目，要求有关部门允许其交付使用的；</span><span style=\"font-size:9.0pt;line-height:200%;font-family:&quot;ˎ̥&quot;,serif;mso-fareast-font-family:\n宋体;mso-bidi-font-family:宋体;color:black;mso-font-kerning:0pt\" lang=\"EN-US\"></span></p>\n\n<p class=\"MsoNormal\" style=\"text-align:left;line-height:200%;\nmso-pagination:widow-orphan;background:white;word-break:break-all\" align=\"left\"><span style=\"font-size:12.0pt;line-height:200%;font-family:宋体;mso-ascii-font-family:\nˎ̥;mso-hansi-font-family:ˎ̥;mso-bidi-font-family:宋体;color:black;mso-font-kerning:\n0pt\">　　（四）有其他违反规定插手干预房地产开发用地、立项、规划、建设和销售等行为的。</span><span style=\"font-size:9.0pt;line-height:200%;font-family:&quot;ˎ̥&quot;,serif;mso-fareast-font-family:\n宋体;mso-bidi-font-family:宋体;color:black;mso-font-kerning:0pt\" lang=\"EN-US\"></span></p>\n\n<p class=\"MsoNormal\" style=\"text-align:left;line-height:200%;\nmso-pagination:widow-orphan;background:white;word-break:break-all\" align=\"left\"><span style=\"font-size:12.0pt;line-height:200%;font-family:宋体;mso-ascii-font-family:\nˎ̥;mso-hansi-font-family:ˎ̥;mso-bidi-font-family:宋体;color:black;mso-font-kerning:\n0pt\">　　八、违反规定插手干预工程建设实施和工程质量监督管理，有下列情形之一，谋取私利的，依照本解释第十二条处理：</span><span style=\"font-size:9.0pt;line-height:200%;font-family:&quot;ˎ̥&quot;,serif;\nmso-fareast-font-family:宋体;mso-bidi-font-family:宋体;color:black;mso-font-kerning:\n0pt\" lang=\"EN-US\"></span></p>\n\n<p class=\"MsoNormal\" style=\"text-align:left;line-height:200%;\nmso-pagination:widow-orphan;background:white;word-break:break-all\" align=\"left\"><span style=\"font-size:12.0pt;line-height:200%;font-family:宋体;mso-ascii-font-family:\nˎ̥;mso-hansi-font-family:ˎ̥;mso-bidi-font-family:宋体;color:black;mso-font-kerning:\n0pt\">　　（一）要求建设单位或者勘察、设计、施工等单位转包、违法分包工程建设项目，或者指定生产商、供应商、服务商的；</span><span style=\"font-size:9.0pt;line-height:200%;font-family:&quot;ˎ̥&quot;,serif;\nmso-fareast-font-family:宋体;mso-bidi-font-family:宋体;color:black;mso-font-kerning:\n0pt\" lang=\"EN-US\"></span></p>\n\n<p class=\"MsoNormal\" style=\"text-align:left;line-height:200%;\nmso-pagination:widow-orphan;background:white;word-break:break-all\" align=\"left\"><span style=\"font-size:12.0pt;line-height:200%;font-family:宋体;mso-ascii-font-family:\nˎ̥;mso-hansi-font-family:ˎ̥;mso-bidi-font-family:宋体;color:black;mso-font-kerning:\n0pt\">　　（二）要求试验检测单位弄虚作假的；</span><span style=\"font-size:9.0pt;\nline-height:200%;font-family:&quot;ˎ̥&quot;,serif;mso-fareast-font-family:宋体;mso-bidi-font-family:\n宋体;color:black;mso-font-kerning:0pt\" lang=\"EN-US\"></span></p>\n\n<p class=\"MsoNormal\" style=\"text-align:left;line-height:200%;\nmso-pagination:widow-orphan;background:white;word-break:break-all\" align=\"left\"><span style=\"font-size:12.0pt;line-height:200%;font-family:宋体;mso-ascii-font-family:\nˎ̥;mso-hansi-font-family:ˎ̥;mso-bidi-font-family:宋体;color:black;mso-font-kerning:\n0pt\">　　（三）要求项目单位违反规定压缩工期、赶进度，导致发生工程质量事故或者严重工程质量问题的；</span><span style=\"font-size:9.0pt;line-height:200%;font-family:&quot;ˎ̥&quot;,serif;mso-fareast-font-family:\n宋体;mso-bidi-font-family:宋体;color:black;mso-font-kerning:0pt\" lang=\"EN-US\"></span></p>\n\n<p class=\"MsoNormal\" style=\"text-align:left;line-height:200%;\nmso-pagination:widow-orphan;background:white;word-break:break-all\" align=\"left\"><span style=\"font-size:12.0pt;line-height:200%;font-family:宋体;mso-ascii-font-family:\nˎ̥;mso-hansi-font-family:ˎ̥;mso-bidi-font-family:宋体;color:black;mso-font-kerning:\n0pt\">　　（四）在对工程建设实施和工程质量进行监督管理过程中，对有关行政监管部门或者中介机构施加影响，导致发生工程质量事故或者严重工程质量问题的；</span><span style=\"font-size:9.0pt;line-height:200%;font-family:&quot;ˎ̥&quot;,serif;\nmso-fareast-font-family:宋体;mso-bidi-font-family:宋体;color:black;mso-font-kerning:\n0pt\" lang=\"EN-US\"></span></p>\n\n<p class=\"MsoNormal\" style=\"text-align:left;line-height:200%;\nmso-pagination:widow-orphan;background:white;word-break:break-all\" align=\"left\"><span style=\"font-size:12.0pt;line-height:200%;font-family:宋体;mso-ascii-font-family:\nˎ̥;mso-hansi-font-family:ˎ̥;mso-bidi-font-family:宋体;color:black;mso-font-kerning:\n0pt\">　　（五）有其他违反规定插手干预工程建设实施和工程质量监督管理行为的。</span><span style=\"font-size:9.0pt;line-height:200%;font-family:&quot;ˎ̥&quot;,serif;mso-fareast-font-family:\n宋体;mso-bidi-font-family:宋体;color:black;mso-font-kerning:0pt\" lang=\"EN-US\"></span></p>\n\n<p class=\"MsoNormal\" style=\"text-align:left;line-height:200%;\nmso-pagination:widow-orphan;background:white;word-break:break-all\" align=\"left\"><span style=\"font-size:12.0pt;line-height:200%;font-family:宋体;mso-ascii-font-family:\nˎ̥;mso-hansi-font-family:ˎ̥;mso-bidi-font-family:宋体;color:black;mso-font-kerning:\n0pt\">　　九、违反规定插手干预工程建设安全生产，有下列情形之一，谋取私利的，依照本解释第十二条处理：</span><span style=\"font-size:9.0pt;line-height:200%;font-family:&quot;ˎ̥&quot;,serif;mso-fareast-font-family:\n宋体;mso-bidi-font-family:宋体;color:black;mso-font-kerning:0pt\" lang=\"EN-US\"></span></p>\n\n<p class=\"MsoNormal\" style=\"text-align:left;line-height:200%;\nmso-pagination:widow-orphan;background:white;word-break:break-all\" align=\"left\"><span style=\"font-size:12.0pt;line-height:200%;font-family:宋体;mso-ascii-font-family:\nˎ̥;mso-hansi-font-family:ˎ̥;mso-bidi-font-family:宋体;color:black;mso-font-kerning:\n0pt\">　　（一）要求有关部门为不具备安全生产条件的单位发放安全生产许可证的；</span><span style=\"font-size:9.0pt;line-height:200%;font-family:&quot;ˎ̥&quot;,serif;mso-fareast-font-family:\n宋体;mso-bidi-font-family:宋体;color:black;mso-font-kerning:0pt\" lang=\"EN-US\"></span></p>\n\n<p class=\"MsoNormal\" style=\"text-align:left;line-height:200%;\nmso-pagination:widow-orphan;background:white;word-break:break-all\" align=\"left\"><span style=\"font-size:12.0pt;line-height:200%;font-family:宋体;mso-ascii-font-family:\nˎ̥;mso-hansi-font-family:ˎ̥;mso-bidi-font-family:宋体;color:black;mso-font-kerning:\n0pt\">　　（二）对有关行政监管部门进行的工程建设安全生产监督管理活动施加影响，导致发生生产安全事故的；</span><span style=\"font-size:9.0pt;line-height:200%;font-family:&quot;ˎ̥&quot;,serif;mso-fareast-font-family:\n宋体;mso-bidi-font-family:宋体;color:black;mso-font-kerning:0pt\" lang=\"EN-US\"></span></p>\n\n<p class=\"MsoNormal\" style=\"text-align:left;line-height:200%;\nmso-pagination:widow-orphan;background:white;word-break:break-all\" align=\"left\"><span style=\"font-size:12.0pt;line-height:200%;font-family:宋体;mso-ascii-font-family:\nˎ̥;mso-hansi-font-family:ˎ̥;mso-bidi-font-family:宋体;color:black;mso-font-kerning:\n0pt\">　　（三）有其他违反规定插手干预工程建设安全生产行为的。</span><span style=\"font-size:9.0pt;\nline-height:200%;font-family:&quot;ˎ̥&quot;,serif;mso-fareast-font-family:宋体;mso-bidi-font-family:\n宋体;color:black;mso-font-kerning:0pt\" lang=\"EN-US\"></span></p>\n\n<p class=\"MsoNormal\" style=\"text-align:left;line-height:200%;\nmso-pagination:widow-orphan;background:white;word-break:break-all\" align=\"left\"><span style=\"font-size:12.0pt;line-height:200%;font-family:宋体;mso-ascii-font-family:\nˎ̥;mso-hansi-font-family:ˎ̥;mso-bidi-font-family:宋体;color:black;mso-font-kerning:\n0pt\">　　十、违反规定插手干预工程建设环境保护工作，有下列情形之一，谋取私利的，依照本解释第十二条处理：</span><span style=\"font-size:9.0pt;line-height:200%;font-family:&quot;ˎ̥&quot;,serif;mso-fareast-font-family:\n宋体;mso-bidi-font-family:宋体;color:black;mso-font-kerning:0pt\" lang=\"EN-US\"></span></p>\n\n<p class=\"MsoNormal\" style=\"text-align:left;line-height:200%;\nmso-pagination:widow-orphan;background:white;word-break:break-all\" align=\"left\"><span style=\"font-size:12.0pt;line-height:200%;font-family:宋体;mso-ascii-font-family:\nˎ̥;mso-hansi-font-family:ˎ̥;mso-bidi-font-family:宋体;color:black;mso-font-kerning:\n0pt\">　　（一）要求有关部门降低建设项目环境影响评价等级、拆分审批、超越审批权限审批环境影响评价文件的；</span><span style=\"font-size:9.0pt;line-height:200%;font-family:&quot;ˎ̥&quot;,serif;mso-fareast-font-family:\n宋体;mso-bidi-font-family:宋体;color:black;mso-font-kerning:0pt\" lang=\"EN-US\"></span></p>\n\n<p class=\"MsoNormal\" style=\"text-align:left;line-height:200%;\nmso-pagination:widow-orphan;background:white;word-break:break-all\" align=\"left\"><span style=\"font-size:12.0pt;line-height:200%;font-family:宋体;mso-ascii-font-family:\nˎ̥;mso-hansi-font-family:ˎ̥;mso-bidi-font-family:宋体;color:black;mso-font-kerning:\n0pt\">　　（二）对有关行政监管部门进行的环境保护监督检查活动施加影响，导致建设项目中防治污染或者防治生态破坏的设施不能与工程建设项目主体工程同时设计、同时施工、同时投产使用的；</span><span style=\"font-size:9.0pt;line-height:200%;font-family:&quot;ˎ̥&quot;,serif;\nmso-fareast-font-family:宋体;mso-bidi-font-family:宋体;color:black;mso-font-kerning:\n0pt\" lang=\"EN-US\"></span></p>\n\n<p class=\"MsoNormal\" style=\"text-align:left;line-height:200%;\nmso-pagination:widow-orphan;background:white;word-break:break-all\" align=\"left\"><span style=\"font-size:12.0pt;line-height:200%;font-family:宋体;mso-ascii-font-family:\nˎ̥;mso-hansi-font-family:ˎ̥;mso-bidi-font-family:宋体;color:black;mso-font-kerning:\n0pt\">　　（三）有其他违反规定插手干预工程建设环境保护工作行为的。</span><span style=\"font-size:\n9.0pt;line-height:200%;font-family:&quot;ˎ̥&quot;,serif;mso-fareast-font-family:宋体;\nmso-bidi-font-family:宋体;color:black;mso-font-kerning:0pt\" lang=\"EN-US\"></span></p>\n\n<p class=\"MsoNormal\" style=\"text-align:left;line-height:200%;\nmso-pagination:widow-orphan;background:white;word-break:break-all\" align=\"left\"><span style=\"font-size:12.0pt;line-height:200%;font-family:宋体;mso-ascii-font-family:\nˎ̥;mso-hansi-font-family:ˎ̥;mso-bidi-font-family:宋体;color:black;mso-font-kerning:\n0pt\">　　十一、违反规定插手干预工程建设项目物资采购和资金安排使用管理，有下列情形之一，谋取私利的，依照本解释第十二条处理：</span><span style=\"font-size:9.0pt;line-height:200%;font-family:&quot;ˎ̥&quot;,serif;\nmso-fareast-font-family:宋体;mso-bidi-font-family:宋体;color:black;mso-font-kerning:\n0pt\" lang=\"EN-US\"></span></p>\n\n<p class=\"MsoNormal\" style=\"text-align:left;line-height:200%;\nmso-pagination:widow-orphan;background:white;word-break:break-all\" align=\"left\"><span style=\"font-size:12.0pt;line-height:200%;font-family:宋体;mso-ascii-font-family:\nˎ̥;mso-hansi-font-family:ˎ̥;mso-bidi-font-family:宋体;color:black;mso-font-kerning:\n0pt\">　　（一）要求有关部门违反招标投标法和政府采购法的有关规定，进行物资采购的；</span><span style=\"font-size:9.0pt;line-height:200%;font-family:&quot;ˎ̥&quot;,serif;mso-fareast-font-family:\n宋体;mso-bidi-font-family:宋体;color:black;mso-font-kerning:0pt\" lang=\"EN-US\"></span></p>\n\n<p class=\"MsoNormal\" style=\"text-align:left;line-height:200%;\nmso-pagination:widow-orphan;background:white;word-break:break-all\" align=\"left\"><span style=\"font-size:12.0pt;line-height:200%;font-family:宋体;mso-ascii-font-family:\nˎ̥;mso-hansi-font-family:ˎ̥;mso-bidi-font-family:宋体;color:black;mso-font-kerning:\n0pt\">　　（二）要求有关部门对不符合预算要求、工程进度需要的工程建设项目支付资金，或者对符合预算要求、工程进度需要的工程建设项目不及时支付资金的；</span><span style=\"font-size:9.0pt;line-height:200%;font-family:&quot;ˎ̥&quot;,serif;\nmso-fareast-font-family:宋体;mso-bidi-font-family:宋体;color:black;mso-font-kerning:\n0pt\" lang=\"EN-US\"></span></p>\n\n<p class=\"MsoNormal\" style=\"text-align:left;line-height:200%;\nmso-pagination:widow-orphan;background:white;word-break:break-all\" align=\"left\"><span style=\"font-size:12.0pt;line-height:200%;font-family:宋体;mso-ascii-font-family:\nˎ̥;mso-hansi-font-family:ˎ̥;mso-bidi-font-family:宋体;color:black;mso-font-kerning:\n0pt\">　　（三）有其他违反规定插手干预物资采购和资金安排使用管理行为的。</span><span style=\"font-size:\n9.0pt;line-height:200%;font-family:&quot;ˎ̥&quot;,serif;mso-fareast-font-family:宋体;\nmso-bidi-font-family:宋体;color:black;mso-font-kerning:0pt\" lang=\"EN-US\"></span></p>\n\n<p class=\"MsoNormal\" style=\"text-align:left;line-height:200%;\nmso-pagination:widow-orphan;background:white;word-break:break-all\" align=\"left\"><span style=\"font-size:12.0pt;line-height:200%;font-family:宋体;mso-ascii-font-family:\nˎ̥;mso-hansi-font-family:ˎ̥;mso-bidi-font-family:宋体;color:black;mso-font-kerning:\n0pt\">　　十二、党员领导干部有本解释第三条至第十一条行为之一，本人索取他人财物，或者收受、变相收受他人财物的，依照《中国共产党纪律处分条例》第八十五条的规定处理。</span><span style=\"font-size:9.0pt;line-height:200%;font-family:&quot;ˎ̥&quot;,serif;\nmso-fareast-font-family:宋体;mso-bidi-font-family:宋体;color:black;mso-font-kerning:\n0pt\" lang=\"EN-US\"></span></p>\n\n<p class=\"MsoNormal\" style=\"text-align:left;line-height:200%;\nmso-pagination:widow-orphan;background:white;word-break:break-all\" align=\"left\"><span style=\"font-size:12.0pt;line-height:200%;font-family:宋体;mso-ascii-font-family:\nˎ̥;mso-hansi-font-family:ˎ̥;mso-bidi-font-family:宋体;color:black;mso-font-kerning:\n0pt\">　　党员领导干部有本解释第三条至第十一条行为之一，其父母、配偶、子女及其配偶以及其他特定关系人收受对方财物的，追究该党员领导干部的责任，依照《中国共产党纪律处分条例》第七十五条的规定处理。</span><span style=\"font-size:9.0pt;line-height:200%;font-family:&quot;ˎ̥&quot;,serif;\nmso-fareast-font-family:宋体;mso-bidi-font-family:宋体;color:black;mso-font-kerning:\n0pt\" lang=\"EN-US\"></span></p>\n\n<p class=\"MsoNormal\" style=\"text-align:left;line-height:200%;\nmso-pagination:widow-orphan;background:white;word-break:break-all\" align=\"left\"><span style=\"font-size:12.0pt;line-height:200%;font-family:宋体;mso-ascii-font-family:\nˎ̥;mso-hansi-font-family:ˎ̥;mso-bidi-font-family:宋体;color:black;mso-font-kerning:\n0pt\">　　十三、党员领导干部有本解释第三条至第十一条行为之一，未谋取私利，但给党、国家和人民利益以及公共财产造成较大损失的，依照《中国共产党纪律处分条例》第一百二十七条第二款的规定处理。</span><span style=\"font-size:9.0pt;line-height:200%;font-family:&quot;ˎ̥&quot;,serif;\nmso-fareast-font-family:宋体;mso-bidi-font-family:宋体;color:black;mso-font-kerning:\n0pt\" lang=\"EN-US\"></span></p>\n\n<p class=\"MsoNormal\" style=\"text-align:left;line-height:200%;\nmso-pagination:widow-orphan;background:white;word-break:break-all\" align=\"left\"><span style=\"font-size:12.0pt;line-height:200%;font-family:宋体;mso-ascii-font-family:\nˎ̥;mso-hansi-font-family:ˎ̥;mso-bidi-font-family:宋体;color:black;mso-font-kerning:\n0pt\">　　党员领导干部有本解释第三条至第十一条行为之一，未谋取私利，也未造成较大损失，但给本地区、本单位造成严重不良影响的，依照《中国共产党纪律处分条例》第一百三十九条的规定处理。</span><span style=\"font-size:9.0pt;line-height:200%;font-family:&quot;ˎ̥&quot;,serif;\nmso-fareast-font-family:宋体;mso-bidi-font-family:宋体;color:black;mso-font-kerning:\n0pt\" lang=\"EN-US\"></span></p>\n\n<p class=\"MsoNormal\" style=\"text-align:left;line-height:200%;\nmso-pagination:widow-orphan;background:white;word-break:break-all\" align=\"left\"><span style=\"font-size:12.0pt;line-height:200%;font-family:宋体;mso-ascii-font-family:\nˎ̥;mso-hansi-font-family:ˎ̥;mso-bidi-font-family:宋体;color:black;mso-font-kerning:\n0pt\">　　十四、党员领导干部利用职权或者职务上的影响，妨碍有关部门对工程建设领域违纪违法行为进行查处的，依照《中国共产党纪律处分条例》第一百六十三条的规定处理。</span><span style=\"font-size:9.0pt;line-height:200%;font-family:&quot;ˎ̥&quot;,serif;\nmso-fareast-font-family:宋体;mso-bidi-font-family:宋体;color:black;mso-font-kerning:\n0pt\" lang=\"EN-US\"></span></p>\n\n<p class=\"MsoNormal\" style=\"text-align:left;line-height:200%;\nmso-pagination:widow-orphan;background:white;word-break:break-all\" align=\"left\"><span style=\"font-size:12.0pt;line-height:200%;font-family:宋体;mso-ascii-font-family:\nˎ̥;mso-hansi-font-family:ˎ̥;mso-bidi-font-family:宋体;color:black;mso-font-kerning:\n0pt\">　　十五、本解释自发布之日起施行。中央纪委、监察部</span><span style=\"font-size:12.0pt;\nline-height:200%;font-family:&quot;ˎ̥&quot;,serif;mso-fareast-font-family:宋体;mso-bidi-font-family:\n宋体;color:black;mso-font-kerning:0pt\" lang=\"EN-US\">2004</span><span style=\"font-size:12.0pt;\nline-height:200%;font-family:宋体;mso-ascii-font-family:ˎ̥;mso-hansi-font-family:\nˎ̥;mso-bidi-font-family:宋体;color:black;mso-font-kerning:0pt\">年</span><span style=\"font-size:12.0pt;line-height:200%;font-family:&quot;ˎ̥&quot;,serif;\nmso-fareast-font-family:宋体;mso-bidi-font-family:宋体;color:black;mso-font-kerning:\n0pt\" lang=\"EN-US\">2</span><span style=\"font-size:12.0pt;line-height:200%;font-family:宋体;\nmso-ascii-font-family:ˎ̥;mso-hansi-font-family:ˎ̥;mso-bidi-font-family:宋体;\ncolor:black;mso-font-kerning:0pt\">月</span><span style=\"font-size:\n12.0pt;line-height:200%;font-family:&quot;ˎ̥&quot;,serif;mso-fareast-font-family:宋体;\nmso-bidi-font-family:宋体;color:black;mso-font-kerning:0pt\" lang=\"EN-US\">3</span><span style=\"font-size:12.0pt;line-height:200%;font-family:宋体;mso-ascii-font-family:\nˎ̥;mso-hansi-font-family:ˎ̥;mso-bidi-font-family:宋体;color:black;mso-font-kerning:\n0pt\">日发布的《关于领导干部利用职权违反规定干预和插手建设工程招标投标、经营性土地使用权出让、房地产开发与经营等市场经济活动，为个人和亲友谋取私利的处理规定》同时废止。</span><span style=\"font-size:9.0pt;line-height:200%;font-family:&quot;ˎ̥&quot;,serif;\nmso-fareast-font-family:宋体;mso-bidi-font-family:宋体;color:black;mso-font-kerning:\n0pt\" lang=\"EN-US\"></span></p>\n\n<p class=\"MsoNormal\" style=\"text-align:left;line-height:200%;\nmso-pagination:widow-orphan;background:white;word-break:break-all\" align=\"left\"><span style=\"font-size:9.0pt;line-height:200%;font-family:&quot;ˎ̥&quot;,serif;\nmso-fareast-font-family:宋体;mso-bidi-font-family:宋体;color:black;mso-font-kerning:\n0pt\" lang=\"EN-US\">&nbsp;</span></p>\n\n<p class=\"MsoNormal\"><span lang=\"EN-US\">&nbsp;</span></p>\n\n\n							    ', null, '2015-05-25 13:47:45', '7', '1', '0', '0');
INSERT INTO `t_news` VALUES ('29', '234', '<!--[if gte mso 9]><xml>\n <o:OfficeDocumentSettings>\n  <o:RelyOnVML></o:RelyOnVML>\n  <o:AllowPNG></o:AllowPNG>\n </o:OfficeDocumentSettings>\n</xml><![endif]--><!--[if gte mso 9]><xml>\n <w:WordDocument>\n  <w:View>Normal</w:View>\n  <w:Zoom>0</w:Zoom>\n  <w:TrackMoves></w:TrackMoves>\n  <w:TrackFormatting></w:TrackFormatting>\n  <w:PunctuationKerning></w:PunctuationKerning>\n  <w:DrawingGridVerticalSpacing>7.8 磅</w:DrawingGridVerticalSpacing>\n  <w:DisplayHorizontalDrawingGridEvery>0</w:DisplayHorizontalDrawingGridEvery>\n  <w:DisplayVerticalDrawingGridEvery>2</w:DisplayVerticalDrawingGridEvery>\n  <w:ValidateAgainstSchemas></w:ValidateAgainstSchemas>\n  <w:SaveIfXMLInvalid>false</w:SaveIfXMLInvalid>\n  <w:IgnoreMixedContent>false</w:IgnoreMixedContent>\n  <w:AlwaysShowPlaceholderText>false</w:AlwaysShowPlaceholderText>\n  <w:DoNotPromoteQF></w:DoNotPromoteQF>\n  <w:LidThemeOther>EN-US</w:LidThemeOther>\n  <w:LidThemeAsian>ZH-CN</w:LidThemeAsian>\n  <w:LidThemeComplexScript>X-NONE</w:LidThemeComplexScript>\n  <w:Compatibility>\n   <w:SpaceForUL></w:SpaceForUL>\n   <w:BalanceSingleByteDoubleByteWidth></w:BalanceSingleByteDoubleByteWidth>\n   <w:DoNotLeaveBackslashAlone></w:DoNotLeaveBackslashAlone>\n   <w:ULTrailSpace></w:ULTrailSpace>\n   <w:DoNotExpandShiftReturn></w:DoNotExpandShiftReturn>\n   <w:AdjustLineHeightInTable></w:AdjustLineHeightInTable>\n   <w:BreakWrappedTables></w:BreakWrappedTables>\n   <w:SnapToGridInCell></w:SnapToGridInCell>\n   <w:WrapTextWithPunct></w:WrapTextWithPunct>\n   <w:UseAsianBreakRules></w:UseAsianBreakRules>\n   <w:DontGrowAutofit></w:DontGrowAutofit>\n   <w:SplitPgBreakAndParaMark></w:SplitPgBreakAndParaMark>\n   <w:EnableOpenTypeKerning></w:EnableOpenTypeKerning>\n   <w:DontFlipMirrorIndents></w:DontFlipMirrorIndents>\n   <w:OverrideTableStyleHps></w:OverrideTableStyleHps>\n   <w:UseFELayout></w:UseFELayout>\n  </w:Compatibility>\n  <m:mathPr>\n   <m:mathFont m:val=\"Cambria Math\"></m:mathFont>\n   <m:brkBin m:val=\"before\"></m:brkBin>\n   <m:brkBinSub m:val=\"&#45;-\"></m:brkBinSub>\n   <m:smallFrac m:val=\"off\"></m:smallFrac>\n   <m:dispDef></m:dispDef>\n   <m:lMargin m:val=\"0\"></m:lMargin>\n   <m:rMargin m:val=\"0\"></m:rMargin>\n   <m:defJc m:val=\"centerGroup\"></m:defJc>\n   <m:wrapIndent m:val=\"1440\"></m:wrapIndent>\n   <m:intLim m:val=\"subSup\"></m:intLim>\n   <m:naryLim m:val=\"undOvr\"></m:naryLim>\n  </m:mathPr></w:WordDocument>\n</xml><![endif]--><!--[if gte mso 9]><xml>\n <w:LatentStyles DefLockedState=\"false\" DefUnhideWhenUsed=\"false\"\n  DefSemiHidden=\"false\" DefQFormat=\"false\" DefPriority=\"99\"\n  LatentStyleCount=\"371\">\n  <w:LsdException Locked=\"false\" Priority=\"0\" QFormat=\"true\" Name=\"Normal\"></w:LsdException>\n  <w:LsdException Locked=\"false\" Priority=\"9\" QFormat=\"true\" Name=\"heading 1\"></w:LsdException>\n  <w:LsdException Locked=\"false\" Priority=\"9\" SemiHidden=\"true\"\n   UnhideWhenUsed=\"true\" QFormat=\"true\" Name=\"heading 2\"></w:LsdException>\n  <w:LsdException Locked=\"false\" Priority=\"9\" SemiHidden=\"true\"\n   UnhideWhenUsed=\"true\" QFormat=\"true\" Name=\"heading 3\"></w:LsdException>\n  <w:LsdException Locked=\"false\" Priority=\"9\" SemiHidden=\"true\"\n   UnhideWhenUsed=\"true\" QFormat=\"true\" Name=\"heading 4\"></w:LsdException>\n  <w:LsdException Locked=\"false\" Priority=\"9\" SemiHidden=\"true\"\n   UnhideWhenUsed=\"true\" QFormat=\"true\" Name=\"heading 5\"></w:LsdException>\n  <w:LsdException Locked=\"false\" Priority=\"9\" SemiHidden=\"true\"\n   UnhideWhenUsed=\"true\" QFormat=\"true\" Name=\"heading 6\"></w:LsdException>\n  <w:LsdException Locked=\"false\" Priority=\"9\" SemiHidden=\"true\"\n   UnhideWhenUsed=\"true\" QFormat=\"true\" Name=\"heading 7\"></w:LsdException>\n  <w:LsdException Locked=\"false\" Priority=\"9\" SemiHidden=\"true\"\n   UnhideWhenUsed=\"true\" QFormat=\"true\" Name=\"heading 8\"></w:LsdException>\n  <w:LsdException Locked=\"false\" Priority=\"9\" SemiHidden=\"true\"\n   UnhideWhenUsed=\"true\" QFormat=\"true\" Name=\"heading 9\"></w:LsdException>\n  <w:LsdException Locked=\"false\" SemiHidden=\"true\" UnhideWhenUsed=\"true\"\n   Name=\"index 1\"></w:LsdException>\n  <w:LsdException Locked=\"false\" SemiHidden=\"true\" UnhideWhenUsed=\"true\"\n   Name=\"index 2\"></w:LsdException>\n  <w:LsdException Locked=\"false\" SemiHidden=\"true\" UnhideWhenUsed=\"true\"\n   Name=\"index 3\"></w:LsdException>\n  <w:LsdException Locked=\"false\" SemiHidden=\"true\" UnhideWhenUsed=\"true\"\n   Name=\"index 4\"></w:LsdException>\n  <w:LsdException Locked=\"false\" SemiHidden=\"true\" UnhideWhenUsed=\"true\"\n   Name=\"index 5\"></w:LsdException>\n  <w:LsdException Locked=\"false\" SemiHidden=\"true\" UnhideWhenUsed=\"true\"\n   Name=\"index 6\"></w:LsdException>\n  <w:LsdException Locked=\"false\" SemiHidden=\"true\" UnhideWhenUsed=\"true\"\n   Name=\"index 7\"></w:LsdException>\n  <w:LsdException Locked=\"false\" SemiHidden=\"true\" UnhideWhenUsed=\"true\"\n   Name=\"index 8\"></w:LsdException>\n  <w:LsdException Locked=\"false\" SemiHidden=\"true\" UnhideWhenUsed=\"true\"\n   Name=\"index 9\"></w:LsdException>\n  <w:LsdException Locked=\"false\" Priority=\"39\" SemiHidden=\"true\"\n   UnhideWhenUsed=\"true\" Name=\"toc 1\"></w:LsdException>\n  <w:LsdException Locked=\"false\" Priority=\"39\" SemiHidden=\"true\"\n   UnhideWhenUsed=\"true\" Name=\"toc 2\"></w:LsdException>\n  <w:LsdException Locked=\"false\" Priority=\"39\" SemiHidden=\"true\"\n   UnhideWhenUsed=\"true\" Name=\"toc 3\"></w:LsdException>\n  <w:LsdException Locked=\"false\" Priority=\"39\" SemiHidden=\"true\"\n   UnhideWhenUsed=\"true\" Name=\"toc 4\"></w:LsdException>\n  <w:LsdException Locked=\"false\" Priority=\"39\" SemiHidden=\"true\"\n   UnhideWhenUsed=\"true\" Name=\"toc 5\"></w:LsdException>\n  <w:LsdException Locked=\"false\" Priority=\"39\" SemiHidden=\"true\"\n   UnhideWhenUsed=\"true\" Name=\"toc 6\"></w:LsdException>\n  <w:LsdException Locked=\"false\" Priority=\"39\" SemiHidden=\"true\"\n   UnhideWhenUsed=\"true\" Name=\"toc 7\"></w:LsdException>\n  <w:LsdException Locked=\"false\" Priority=\"39\" SemiHidden=\"true\"\n   UnhideWhenUsed=\"true\" Name=\"toc 8\"></w:LsdException>\n  <w:LsdException Locked=\"false\" Priority=\"39\" SemiHidden=\"true\"\n   UnhideWhenUsed=\"true\" Name=\"toc 9\"></w:LsdException>\n  <w:LsdException Locked=\"false\" SemiHidden=\"true\" UnhideWhenUsed=\"true\"\n   Name=\"Normal Indent\"></w:LsdException>\n  <w:LsdException Locked=\"false\" SemiHidden=\"true\" UnhideWhenUsed=\"true\"\n   Name=\"footnote text\"></w:LsdException>\n  <w:LsdException Locked=\"false\" SemiHidden=\"true\" UnhideWhenUsed=\"true\"\n   Name=\"annotation text\"></w:LsdException>\n  <w:LsdException Locked=\"false\" SemiHidden=\"true\" UnhideWhenUsed=\"true\"\n   Name=\"header\"></w:LsdException>\n  <w:LsdException Locked=\"false\" SemiHidden=\"true\" UnhideWhenUsed=\"true\"\n   Name=\"footer\"></w:LsdException>\n  <w:LsdException Locked=\"false\" SemiHidden=\"true\" UnhideWhenUsed=\"true\"\n   Name=\"index heading\"></w:LsdException>\n  <w:LsdException Locked=\"false\" Priority=\"35\" SemiHidden=\"true\"\n   UnhideWhenUsed=\"true\" QFormat=\"true\" Name=\"caption\"></w:LsdException>\n  <w:LsdException Locked=\"false\" SemiHidden=\"true\" UnhideWhenUsed=\"true\"\n   Name=\"table of figures\"></w:LsdException>\n  <w:LsdException Locked=\"false\" SemiHidden=\"true\" UnhideWhenUsed=\"true\"\n   Name=\"envelope address\"></w:LsdException>\n  <w:LsdException Locked=\"false\" SemiHidden=\"true\" UnhideWhenUsed=\"true\"\n   Name=\"envelope return\"></w:LsdException>\n  <w:LsdException Locked=\"false\" SemiHidden=\"true\" UnhideWhenUsed=\"true\"\n   Name=\"footnote reference\"></w:LsdException>\n  <w:LsdException Locked=\"false\" SemiHidden=\"true\" UnhideWhenUsed=\"true\"\n   Name=\"annotation reference\"></w:LsdException>\n  <w:LsdException Locked=\"false\" SemiHidden=\"true\" UnhideWhenUsed=\"true\"\n   Name=\"line number\"></w:LsdException>\n  <w:LsdException Locked=\"false\" SemiHidden=\"true\" UnhideWhenUsed=\"true\"\n   Name=\"page number\"></w:LsdException>\n  <w:LsdException Locked=\"false\" SemiHidden=\"true\" UnhideWhenUsed=\"true\"\n   Name=\"endnote reference\"></w:LsdException>\n  <w:LsdException Locked=\"false\" SemiHidden=\"true\" UnhideWhenUsed=\"true\"\n   Name=\"endnote text\"></w:LsdException>\n  <w:LsdException Locked=\"false\" SemiHidden=\"true\" UnhideWhenUsed=\"true\"\n   Name=\"table of authorities\"></w:LsdException>\n  <w:LsdException Locked=\"false\" SemiHidden=\"true\" UnhideWhenUsed=\"true\"\n   Name=\"macro\"></w:LsdException>\n  <w:LsdException Locked=\"false\" SemiHidden=\"true\" UnhideWhenUsed=\"true\"\n   Name=\"toa heading\"></w:LsdException>\n  <w:LsdException Locked=\"false\" SemiHidden=\"true\" UnhideWhenUsed=\"true\"\n   Name=\"List\"></w:LsdException>\n  <w:LsdException Locked=\"false\" SemiHidden=\"true\" UnhideWhenUsed=\"true\"\n   Name=\"List Bullet\"></w:LsdException>\n  <w:LsdException Locked=\"false\" SemiHidden=\"true\" UnhideWhenUsed=\"true\"\n   Name=\"List Number\"></w:LsdException>\n  <w:LsdException Locked=\"false\" SemiHidden=\"true\" UnhideWhenUsed=\"true\"\n   Name=\"List 2\"></w:LsdException>\n  <w:LsdException Locked=\"false\" SemiHidden=\"true\" UnhideWhenUsed=\"true\"\n   Name=\"List 3\"></w:LsdException>\n  <w:LsdException Locked=\"false\" SemiHidden=\"true\" UnhideWhenUsed=\"true\"\n   Name=\"List 4\"></w:LsdException>\n  <w:LsdException Locked=\"false\" SemiHidden=\"true\" UnhideWhenUsed=\"true\"\n   Name=\"List 5\"></w:LsdException>\n  <w:LsdException Locked=\"false\" SemiHidden=\"true\" UnhideWhenUsed=\"true\"\n   Name=\"List Bullet 2\"></w:LsdException>\n  <w:LsdException Locked=\"false\" SemiHidden=\"true\" UnhideWhenUsed=\"true\"\n   Name=\"List Bullet 3\"></w:LsdException>\n  <w:LsdException Locked=\"false\" SemiHidden=\"true\" UnhideWhenUsed=\"true\"\n   Name=\"List Bullet 4\"></w:LsdException>\n  <w:LsdException Locked=\"false\" SemiHidden=\"true\" UnhideWhenUsed=\"true\"\n   Name=\"List Bullet 5\"></w:LsdException>\n  <w:LsdException Locked=\"false\" SemiHidden=\"true\" UnhideWhenUsed=\"true\"\n   Name=\"List Number 2\"></w:LsdException>\n  <w:LsdException Locked=\"false\" SemiHidden=\"true\" UnhideWhenUsed=\"true\"\n   Name=\"List Number 3\"></w:LsdException>\n  <w:LsdException Locked=\"false\" SemiHidden=\"true\" UnhideWhenUsed=\"true\"\n   Name=\"List Number 4\"></w:LsdException>\n  <w:LsdException Locked=\"false\" SemiHidden=\"true\" UnhideWhenUsed=\"true\"\n   Name=\"List Number 5\"></w:LsdException>\n  <w:LsdException Locked=\"false\" Priority=\"10\" QFormat=\"true\" Name=\"Title\"></w:LsdException>\n  <w:LsdException Locked=\"false\" SemiHidden=\"true\" UnhideWhenUsed=\"true\"\n   Name=\"Closing\"></w:LsdException>\n  <w:LsdException Locked=\"false\" SemiHidden=\"true\" UnhideWhenUsed=\"true\"\n   Name=\"Signature\"></w:LsdException>\n  <w:LsdException Locked=\"false\" Priority=\"1\" SemiHidden=\"true\"\n   UnhideWhenUsed=\"true\" Name=\"Default Paragraph Font\"></w:LsdException>\n  <w:LsdException Locked=\"false\" SemiHidden=\"true\" UnhideWhenUsed=\"true\"\n   Name=\"Body Text\"></w:LsdException>\n  <w:LsdException Locked=\"false\" SemiHidden=\"true\" UnhideWhenUsed=\"true\"\n   Name=\"Body Text Indent\"></w:LsdException>\n  <w:LsdException Locked=\"false\" SemiHidden=\"true\" UnhideWhenUsed=\"true\"\n   Name=\"List Continue\"></w:LsdException>\n  <w:LsdException Locked=\"false\" SemiHidden=\"true\" UnhideWhenUsed=\"true\"\n   Name=\"List Continue 2\"></w:LsdException>\n  <w:LsdException Locked=\"false\" SemiHidden=\"true\" UnhideWhenUsed=\"true\"\n   Name=\"List Continue 3\"></w:LsdException>\n  <w:LsdException Locked=\"false\" SemiHidden=\"true\" UnhideWhenUsed=\"true\"\n   Name=\"List Continue 4\"></w:LsdException>\n  <w:LsdException Locked=\"false\" SemiHidden=\"true\" UnhideWhenUsed=\"true\"\n   Name=\"List Continue 5\"></w:LsdException>\n  <w:LsdException Locked=\"false\" SemiHidden=\"true\" UnhideWhenUsed=\"true\"\n   Name=\"Message Header\"></w:LsdException>\n  <w:LsdException Locked=\"false\" Priority=\"11\" QFormat=\"true\" Name=\"Subtitle\"></w:LsdException>\n  <w:LsdException Locked=\"false\" SemiHidden=\"true\" UnhideWhenUsed=\"true\"\n   Name=\"Salutation\"></w:LsdException>\n  <w:LsdException Locked=\"false\" SemiHidden=\"true\" UnhideWhenUsed=\"true\"\n   Name=\"Date\"></w:LsdException>\n  <w:LsdException Locked=\"false\" SemiHidden=\"true\" UnhideWhenUsed=\"true\"\n   Name=\"Body Text First Indent\"></w:LsdException>\n  <w:LsdException Locked=\"false\" SemiHidden=\"true\" UnhideWhenUsed=\"true\"\n   Name=\"Body Text First Indent 2\"></w:LsdException>\n  <w:LsdException Locked=\"false\" SemiHidden=\"true\" UnhideWhenUsed=\"true\"\n   Name=\"Note Heading\"></w:LsdException>\n  <w:LsdException Locked=\"false\" SemiHidden=\"true\" UnhideWhenUsed=\"true\"\n   Name=\"Body Text 2\"></w:LsdException>\n  <w:LsdException Locked=\"false\" SemiHidden=\"true\" UnhideWhenUsed=\"true\"\n   Name=\"Body Text 3\"></w:LsdException>\n  <w:LsdException Locked=\"false\" SemiHidden=\"true\" UnhideWhenUsed=\"true\"\n   Name=\"Body Text Indent 2\"></w:LsdException>\n  <w:LsdException Locked=\"false\" SemiHidden=\"true\" UnhideWhenUsed=\"true\"\n   Name=\"Body Text Indent 3\"></w:LsdException>\n  <w:LsdException Locked=\"false\" SemiHidden=\"true\" UnhideWhenUsed=\"true\"\n   Name=\"Block Text\"></w:LsdException>\n  <w:LsdException Locked=\"false\" SemiHidden=\"true\" UnhideWhenUsed=\"true\"\n   Name=\"Hyperlink\"></w:LsdException>\n  <w:LsdException Locked=\"false\" SemiHidden=\"true\" UnhideWhenUsed=\"true\"\n   Name=\"FollowedHyperlink\"></w:LsdException>\n  <w:LsdException Locked=\"false\" Priority=\"22\" QFormat=\"true\" Name=\"Strong\"></w:LsdException>\n  <w:LsdException Locked=\"false\" Priority=\"20\" QFormat=\"true\" Name=\"Emphasis\"></w:LsdException>\n  <w:LsdException Locked=\"false\" SemiHidden=\"true\" UnhideWhenUsed=\"true\"\n   Name=\"Document Map\"></w:LsdException>\n  <w:LsdException Locked=\"false\" SemiHidden=\"true\" UnhideWhenUsed=\"true\"\n   Name=\"Plain Text\"></w:LsdException>\n  <w:LsdException Locked=\"false\" SemiHidden=\"true\" UnhideWhenUsed=\"true\"\n   Name=\"E-mail Signature\"></w:LsdException>\n  <w:LsdException Locked=\"false\" SemiHidden=\"true\" UnhideWhenUsed=\"true\"\n   Name=\"HTML Top of Form\"></w:LsdException>\n  <w:LsdException Locked=\"false\" SemiHidden=\"true\" UnhideWhenUsed=\"true\"\n   Name=\"HTML Bottom of Form\"></w:LsdException>\n  <w:LsdException Locked=\"false\" SemiHidden=\"true\" UnhideWhenUsed=\"true\"\n   Name=\"Normal (Web)\"></w:LsdException>\n  <w:LsdException Locked=\"false\" SemiHidden=\"true\" UnhideWhenUsed=\"true\"\n   Name=\"HTML Acronym\"></w:LsdException>\n  <w:LsdException Locked=\"false\" SemiHidden=\"true\" UnhideWhenUsed=\"true\"\n   Name=\"HTML Address\"></w:LsdException>\n  <w:LsdException Locked=\"false\" SemiHidden=\"true\" UnhideWhenUsed=\"true\"\n   Name=\"HTML Cite\"></w:LsdException>\n  <w:LsdException Locked=\"false\" SemiHidden=\"true\" UnhideWhenUsed=\"true\"\n   Name=\"HTML Code\"></w:LsdException>\n  <w:LsdException Locked=\"false\" SemiHidden=\"true\" UnhideWhenUsed=\"true\"\n   Name=\"HTML Definition\"></w:LsdException>\n  <w:LsdException Locked=\"false\" SemiHidden=\"true\" UnhideWhenUsed=\"true\"\n   Name=\"HTML Keyboard\"></w:LsdException>\n  <w:LsdException Locked=\"false\" SemiHidden=\"true\" UnhideWhenUsed=\"true\"\n   Name=\"HTML Preformatted\"></w:LsdException>\n  <w:LsdException Locked=\"false\" SemiHidden=\"true\" UnhideWhenUsed=\"true\"\n   Name=\"HTML Sample\"></w:LsdException>\n  <w:LsdException Locked=\"false\" SemiHidden=\"true\" UnhideWhenUsed=\"true\"\n   Name=\"HTML Typewriter\"></w:LsdException>\n  <w:LsdException Locked=\"false\" SemiHidden=\"true\" UnhideWhenUsed=\"true\"\n   Name=\"HTML Variable\"></w:LsdException>\n  <w:LsdException Locked=\"false\" SemiHidden=\"true\" UnhideWhenUsed=\"true\"\n   Name=\"Normal Table\"></w:LsdException>\n  <w:LsdException Locked=\"false\" SemiHidden=\"true\" UnhideWhenUsed=\"true\"\n   Name=\"annotation subject\"></w:LsdException>\n  <w:LsdException Locked=\"false\" SemiHidden=\"true\" UnhideWhenUsed=\"true\"\n   Name=\"No List\"></w:LsdException>\n  <w:LsdException Locked=\"false\" SemiHidden=\"true\" UnhideWhenUsed=\"true\"\n   Name=\"Outline List 1\"></w:LsdException>\n  <w:LsdException Locked=\"false\" SemiHidden=\"true\" UnhideWhenUsed=\"true\"\n   Name=\"Outline List 2\"></w:LsdException>\n  <w:LsdException Locked=\"false\" SemiHidden=\"true\" UnhideWhenUsed=\"true\"\n   Name=\"Outline List 3\"></w:LsdException>\n  <w:LsdException Locked=\"false\" SemiHidden=\"true\" UnhideWhenUsed=\"true\"\n   Name=\"Table Simple 1\"></w:LsdException>\n  <w:LsdException Locked=\"false\" SemiHidden=\"true\" UnhideWhenUsed=\"true\"\n   Name=\"Table Simple 2\"></w:LsdException>\n  <w:LsdException Locked=\"false\" SemiHidden=\"true\" UnhideWhenUsed=\"true\"\n   Name=\"Table Simple 3\"></w:LsdException>\n  <w:LsdException Locked=\"false\" SemiHidden=\"true\" UnhideWhenUsed=\"true\"\n   Name=\"Table Classic 1\"></w:LsdException>\n  <w:LsdException Locked=\"false\" SemiHidden=\"true\" UnhideWhenUsed=\"true\"\n   Name=\"Table Classic 2\"></w:LsdException>\n  <w:LsdException Locked=\"false\" SemiHidden=\"true\" UnhideWhenUsed=\"true\"\n   Name=\"Table Classic 3\"></w:LsdException>\n  <w:LsdException Locked=\"false\" SemiHidden=\"true\" UnhideWhenUsed=\"true\"\n   Name=\"Table Classic 4\"></w:LsdException>\n  <w:LsdException Locked=\"false\" SemiHidden=\"true\" UnhideWhenUsed=\"true\"\n   Name=\"Table Colorful 1\"></w:LsdException>\n  <w:LsdException Locked=\"false\" SemiHidden=\"true\" UnhideWhenUsed=\"true\"\n   Name=\"Table Colorful 2\"></w:LsdException>\n  <w:LsdException Locked=\"false\" SemiHidden=\"true\" UnhideWhenUsed=\"true\"\n   Name=\"Table Colorful 3\"></w:LsdException>\n  <w:LsdException Locked=\"false\" SemiHidden=\"true\" UnhideWhenUsed=\"true\"\n   Name=\"Table Columns 1\"></w:LsdException>\n  <w:LsdException Locked=\"false\" SemiHidden=\"true\" UnhideWhenUsed=\"true\"\n   Name=\"Table Columns 2\"></w:LsdException>\n  <w:LsdException Locked=\"false\" SemiHidden=\"true\" UnhideWhenUsed=\"true\"\n   Name=\"Table Columns 3\"></w:LsdException>\n  <w:LsdException Locked=\"false\" SemiHidden=\"true\" UnhideWhenUsed=\"true\"\n   Name=\"Table Columns 4\"></w:LsdException>\n  <w:LsdException Locked=\"false\" SemiHidden=\"true\" UnhideWhenUsed=\"true\"\n   Name=\"Table Columns 5\"></w:LsdException>\n  <w:LsdException Locked=\"false\" SemiHidden=\"true\" UnhideWhenUsed=\"true\"\n   Name=\"Table Grid 1\"></w:LsdException>\n  <w:LsdException Locked=\"false\" SemiHidden=\"true\" UnhideWhenUsed=\"true\"\n   Name=\"Table Grid 2\"></w:LsdException>\n  <w:LsdException Locked=\"false\" SemiHidden=\"true\" UnhideWhenUsed=\"true\"\n   Name=\"Table Grid 3\"></w:LsdException>\n  <w:LsdException Locked=\"false\" SemiHidden=\"true\" UnhideWhenUsed=\"true\"\n   Name=\"Table Grid 4\"></w:LsdException>\n  <w:LsdException Locked=\"false\" SemiHidden=\"true\" UnhideWhenUsed=\"true\"\n   Name=\"Table Grid 5\"></w:LsdException>\n  <w:LsdException Locked=\"false\" SemiHidden=\"true\" UnhideWhenUsed=\"true\"\n   Name=\"Table Grid 6\"></w:LsdException>\n  <w:LsdException Locked=\"false\" SemiHidden=\"true\" UnhideWhenUsed=\"true\"\n   Name=\"Table Grid 7\"></w:LsdException>\n  <w:LsdException Locked=\"false\" SemiHidden=\"true\" UnhideWhenUsed=\"true\"\n   Name=\"Table Grid 8\"></w:LsdException>\n  <w:LsdException Locked=\"false\" SemiHidden=\"true\" UnhideWhenUsed=\"true\"\n   Name=\"Table List 1\"></w:LsdException>\n  <w:LsdException Locked=\"false\" SemiHidden=\"true\" UnhideWhenUsed=\"true\"\n   Name=\"Table List 2\"></w:LsdException>\n  <w:LsdException Locked=\"false\" SemiHidden=\"true\" UnhideWhenUsed=\"true\"\n   Name=\"Table List 3\"></w:LsdException>\n  <w:LsdException Locked=\"false\" SemiHidden=\"true\" UnhideWhenUsed=\"true\"\n   Name=\"Table List 4\"></w:LsdException>\n  <w:LsdException Locked=\"false\" SemiHidden=\"true\" UnhideWhenUsed=\"true\"\n   Name=\"Table List 5\"></w:LsdException>\n  <w:LsdException Locked=\"false\" SemiHidden=\"true\" UnhideWhenUsed=\"true\"\n   Name=\"Table List 6\"></w:LsdException>\n  <w:LsdException Locked=\"false\" SemiHidden=\"true\" UnhideWhenUsed=\"true\"\n   Name=\"Table List 7\"></w:LsdException>\n  <w:LsdException Locked=\"false\" SemiHidden=\"true\" UnhideWhenUsed=\"true\"\n   Name=\"Table List 8\"></w:LsdException>\n  <w:LsdException Locked=\"false\" SemiHidden=\"true\" UnhideWhenUsed=\"true\"\n   Name=\"Table 3D effects 1\"></w:LsdException>\n  <w:LsdException Locked=\"false\" SemiHidden=\"true\" UnhideWhenUsed=\"true\"\n   Name=\"Table 3D effects 2\"></w:LsdException>\n  <w:LsdException Locked=\"false\" SemiHidden=\"true\" UnhideWhenUsed=\"true\"\n   Name=\"Table 3D effects 3\"></w:LsdException>\n  <w:LsdException Locked=\"false\" SemiHidden=\"true\" UnhideWhenUsed=\"true\"\n   Name=\"Table Contemporary\"></w:LsdException>\n  <w:LsdException Locked=\"false\" SemiHidden=\"true\" UnhideWhenUsed=\"true\"\n   Name=\"Table Elegant\"></w:LsdException>\n  <w:LsdException Locked=\"false\" SemiHidden=\"true\" UnhideWhenUsed=\"true\"\n   Name=\"Table Professional\"></w:LsdException>\n  <w:LsdException Locked=\"false\" SemiHidden=\"true\" UnhideWhenUsed=\"true\"\n   Name=\"Table Subtle 1\"></w:LsdException>\n  <w:LsdException Locked=\"false\" SemiHidden=\"true\" UnhideWhenUsed=\"true\"\n   Name=\"Table Subtle 2\"></w:LsdException>\n  <w:LsdException Locked=\"false\" SemiHidden=\"true\" UnhideWhenUsed=\"true\"\n   Name=\"Table Web 1\"></w:LsdException>\n  <w:LsdException Locked=\"false\" SemiHidden=\"true\" UnhideWhenUsed=\"true\"\n   Name=\"Table Web 2\"></w:LsdException>\n  <w:LsdException Locked=\"false\" SemiHidden=\"true\" UnhideWhenUsed=\"true\"\n   Name=\"Table Web 3\"></w:LsdException>\n  <w:LsdException Locked=\"false\" SemiHidden=\"true\" UnhideWhenUsed=\"true\"\n   Name=\"Balloon Text\"></w:LsdException>\n  <w:LsdException Locked=\"false\" Priority=\"39\" Name=\"Table Grid\"></w:LsdException>\n  <w:LsdException Locked=\"false\" SemiHidden=\"true\" UnhideWhenUsed=\"true\"\n   Name=\"Table Theme\"></w:LsdException>\n  <w:LsdException Locked=\"false\" SemiHidden=\"true\" Name=\"Placeholder Text\"></w:LsdException>\n  <w:LsdException Locked=\"false\" Priority=\"1\" QFormat=\"true\" Name=\"No Spacing\"></w:LsdException>\n  <w:LsdException Locked=\"false\" Priority=\"60\" Name=\"Light Shading\"></w:LsdException>\n  <w:LsdException Locked=\"false\" Priority=\"61\" Name=\"Light List\"></w:LsdException>\n  <w:LsdException Locked=\"false\" Priority=\"62\" Name=\"Light Grid\"></w:LsdException>\n  <w:LsdException Locked=\"false\" Priority=\"63\" Name=\"Medium Shading 1\"></w:LsdException>\n  <w:LsdException Locked=\"false\" Priority=\"64\" Name=\"Medium Shading 2\"></w:LsdException>\n  <w:LsdException Locked=\"false\" Priority=\"65\" Name=\"Medium List 1\"></w:LsdException>\n  <w:LsdException Locked=\"false\" Priority=\"66\" Name=\"Medium List 2\"></w:LsdException>\n  <w:LsdException Locked=\"false\" Priority=\"67\" Name=\"Medium Grid 1\"></w:LsdException>\n  <w:LsdException Locked=\"false\" Priority=\"68\" Name=\"Medium Grid 2\"></w:LsdException>\n  <w:LsdException Locked=\"false\" Priority=\"69\" Name=\"Medium Grid 3\"></w:LsdException>\n  <w:LsdException Locked=\"false\" Priority=\"70\" Name=\"Dark List\"></w:LsdException>\n  <w:LsdException Locked=\"false\" Priority=\"71\" Name=\"Colorful Shading\"></w:LsdException>\n  <w:LsdException Locked=\"false\" Priority=\"72\" Name=\"Colorful List\"></w:LsdException>\n  <w:LsdException Locked=\"false\" Priority=\"73\" Name=\"Colorful Grid\"></w:LsdException>\n  <w:LsdException Locked=\"false\" Priority=\"60\" Name=\"Light Shading Accent 1\"></w:LsdException>\n  <w:LsdException Locked=\"false\" Priority=\"61\" Name=\"Light List Accent 1\"></w:LsdException>\n  <w:LsdException Locked=\"false\" Priority=\"62\" Name=\"Light Grid Accent 1\"></w:LsdException>\n  <w:LsdException Locked=\"false\" Priority=\"63\" Name=\"Medium Shading 1 Accent 1\"></w:LsdException>\n  <w:LsdException Locked=\"false\" Priority=\"64\" Name=\"Medium Shading 2 Accent 1\"></w:LsdException>\n  <w:LsdException Locked=\"false\" Priority=\"65\" Name=\"Medium List 1 Accent 1\"></w:LsdException>\n  <w:LsdException Locked=\"false\" SemiHidden=\"true\" Name=\"Revision\"></w:LsdException>\n  <w:LsdException Locked=\"false\" Priority=\"34\" QFormat=\"true\"\n   Name=\"List Paragraph\"></w:LsdException>\n  <w:LsdException Locked=\"false\" Priority=\"29\" QFormat=\"true\" Name=\"Quote\"></w:LsdException>\n  <w:LsdException Locked=\"false\" Priority=\"30\" QFormat=\"true\"\n   Name=\"Intense Quote\"></w:LsdException>\n  <w:LsdException Locked=\"false\" Priority=\"66\" Name=\"Medium List 2 Accent 1\"></w:LsdException>\n  <w:LsdException Locked=\"false\" Priority=\"67\" Name=\"Medium Grid 1 Accent 1\"></w:LsdException>\n  <w:LsdException Locked=\"false\" Priority=\"68\" Name=\"Medium Grid 2 Accent 1\"></w:LsdException>\n  <w:LsdException Locked=\"false\" Priority=\"69\" Name=\"Medium Grid 3 Accent 1\"></w:LsdException>\n  <w:LsdException Locked=\"false\" Priority=\"70\" Name=\"Dark List Accent 1\"></w:LsdException>\n  <w:LsdException Locked=\"false\" Priority=\"71\" Name=\"Colorful Shading Accent 1\"></w:LsdException>\n  <w:LsdException Locked=\"false\" Priority=\"72\" Name=\"Colorful List Accent 1\"></w:LsdException>\n  <w:LsdException Locked=\"false\" Priority=\"73\" Name=\"Colorful Grid Accent 1\"></w:LsdException>\n  <w:LsdException Locked=\"false\" Priority=\"60\" Name=\"Light Shading Accent 2\"></w:LsdException>\n  <w:LsdException Locked=\"false\" Priority=\"61\" Name=\"Light List Accent 2\"></w:LsdException>\n  <w:LsdException Locked=\"false\" Priority=\"62\" Name=\"Light Grid Accent 2\"></w:LsdException>\n  <w:LsdException Locked=\"false\" Priority=\"63\" Name=\"Medium Shading 1 Accent 2\"></w:LsdException>\n  <w:LsdException Locked=\"false\" Priority=\"64\" Name=\"Medium Shading 2 Accent 2\"></w:LsdException>\n  <w:LsdException Locked=\"false\" Priority=\"65\" Name=\"Medium List 1 Accent 2\"></w:LsdException>\n  <w:LsdException Locked=\"false\" Priority=\"66\" Name=\"Medium List 2 Accent 2\"></w:LsdException>\n  <w:LsdException Locked=\"false\" Priority=\"67\" Name=\"Medium Grid 1 Accent 2\"></w:LsdException>\n  <w:LsdException Locked=\"false\" Priority=\"68\" Name=\"Medium Grid 2 Accent 2\"></w:LsdException>\n  <w:LsdException Locked=\"false\" Priority=\"69\" Name=\"Medium Grid 3 Accent 2\"></w:LsdException>\n  <w:LsdException Locked=\"false\" Priority=\"70\" Name=\"Dark List Accent 2\"></w:LsdException>\n  <w:LsdException Locked=\"false\" Priority=\"71\" Name=\"Colorful Shading Accent 2\"></w:LsdException>\n  <w:LsdException Locked=\"false\" Priority=\"72\" Name=\"Colorful List Accent 2\"></w:LsdException>\n  <w:LsdException Locked=\"false\" Priority=\"73\" Name=\"Colorful Grid Accent 2\"></w:LsdException>\n  <w:LsdException Locked=\"false\" Priority=\"60\" Name=\"Light Shading Accent 3\"></w:LsdException>\n  <w:LsdException Locked=\"false\" Priority=\"61\" Name=\"Light List Accent 3\"></w:LsdException>\n  <w:LsdException Locked=\"false\" Priority=\"62\" Name=\"Light Grid Accent 3\"></w:LsdException>\n  <w:LsdException Locked=\"false\" Priority=\"63\" Name=\"Medium Shading 1 Accent 3\"></w:LsdException>\n  <w:LsdException Locked=\"false\" Priority=\"64\" Name=\"Medium Shading 2 Accent 3\"></w:LsdException>\n  <w:LsdException Locked=\"false\" Priority=\"65\" Name=\"Medium List 1 Accent 3\"></w:LsdException>\n  <w:LsdException Locked=\"false\" Priority=\"66\" Name=\"Medium List 2 Accent 3\"></w:LsdException>\n  <w:LsdException Locked=\"false\" Priority=\"67\" Name=\"Medium Grid 1 Accent 3\"></w:LsdException>\n  <w:LsdException Locked=\"false\" Priority=\"68\" Name=\"Medium Grid 2 Accent 3\"></w:LsdException>\n  <w:LsdException Locked=\"false\" Priority=\"69\" Name=\"Medium Grid 3 Accent 3\"></w:LsdException>\n  <w:LsdException Locked=\"false\" Priority=\"70\" Name=\"Dark List Accent 3\"></w:LsdException>\n  <w:LsdException Locked=\"false\" Priority=\"71\" Name=\"Colorful Shading Accent 3\"></w:LsdException>\n  <w:LsdException Locked=\"false\" Priority=\"72\" Name=\"Colorful List Accent 3\"></w:LsdException>\n  <w:LsdException Locked=\"false\" Priority=\"73\" Name=\"Colorful Grid Accent 3\"></w:LsdException>\n  <w:LsdException Locked=\"false\" Priority=\"60\" Name=\"Light Shading Accent 4\"></w:LsdException>\n  <w:LsdException Locked=\"false\" Priority=\"61\" Name=\"Light List Accent 4\"></w:LsdException>\n  <w:LsdException Locked=\"false\" Priority=\"62\" Name=\"Light Grid Accent 4\"></w:LsdException>\n  <w:LsdException Locked=\"false\" Priority=\"63\" Name=\"Medium Shading 1 Accent 4\"></w:LsdException>\n  <w:LsdException Locked=\"false\" Priority=\"64\" Name=\"Medium Shading 2 Accent 4\"></w:LsdException>\n  <w:LsdException Locked=\"false\" Priority=\"65\" Name=\"Medium List 1 Accent 4\"></w:LsdException>\n  <w:LsdException Locked=\"false\" Priority=\"66\" Name=\"Medium List 2 Accent 4\"></w:LsdException>\n  <w:LsdException Locked=\"false\" Priority=\"67\" Name=\"Medium Grid 1 Accent 4\"></w:LsdException>\n  <w:LsdException Locked=\"false\" Priority=\"68\" Name=\"Medium Grid 2 Accent 4\"></w:LsdException>\n  <w:LsdException Locked=\"false\" Priority=\"69\" Name=\"Medium Grid 3 Accent 4\"></w:LsdException>\n  <w:LsdException Locked=\"false\" Priority=\"70\" Name=\"Dark List Accent 4\"></w:LsdException>\n  <w:LsdException Locked=\"false\" Priority=\"71\" Name=\"Colorful Shading Accent 4\"></w:LsdException>\n  <w:LsdException Locked=\"false\" Priority=\"72\" Name=\"Colorful List Accent 4\"></w:LsdException>\n  <w:LsdException Locked=\"false\" Priority=\"73\" Name=\"Colorful Grid Accent 4\"></w:LsdException>\n  <w:LsdException Locked=\"false\" Priority=\"60\" Name=\"Light Shading Accent 5\"></w:LsdException>\n  <w:LsdException Locked=\"false\" Priority=\"61\" Name=\"Light List Accent 5\"></w:LsdException>\n  <w:LsdException Locked=\"false\" Priority=\"62\" Name=\"Light Grid Accent 5\"></w:LsdException>\n  <w:LsdException Locked=\"false\" Priority=\"63\" Name=\"Medium Shading 1 Accent 5\"></w:LsdException>\n  <w:LsdException Locked=\"false\" Priority=\"64\" Name=\"Medium Shading 2 Accent 5\"></w:LsdException>\n  <w:LsdException Locked=\"false\" Priority=\"65\" Name=\"Medium List 1 Accent 5\"></w:LsdException>\n  <w:LsdException Locked=\"false\" Priority=\"66\" Name=\"Medium List 2 Accent 5\"></w:LsdException>\n  <w:LsdException Locked=\"false\" Priority=\"67\" Name=\"Medium Grid 1 Accent 5\"></w:LsdException>\n  <w:LsdException Locked=\"false\" Priority=\"68\" Name=\"Medium Grid 2 Accent 5\"></w:LsdException>\n  <w:LsdException Locked=\"false\" Priority=\"69\" Name=\"Medium Grid 3 Accent 5\"></w:LsdException>\n  <w:LsdException Locked=\"false\" Priority=\"70\" Name=\"Dark List Accent 5\"></w:LsdException>\n  <w:LsdException Locked=\"false\" Priority=\"71\" Name=\"Colorful Shading Accent 5\"></w:LsdException>\n  <w:LsdException Locked=\"false\" Priority=\"72\" Name=\"Colorful List Accent 5\"></w:LsdException>\n  <w:LsdException Locked=\"false\" Priority=\"73\" Name=\"Colorful Grid Accent 5\"></w:LsdException>\n  <w:LsdException Locked=\"false\" Priority=\"60\" Name=\"Light Shading Accent 6\"></w:LsdException>\n  <w:LsdException Locked=\"false\" Priority=\"61\" Name=\"Light List Accent 6\"></w:LsdException>\n  <w:LsdException Locked=\"false\" Priority=\"62\" Name=\"Light Grid Accent 6\"></w:LsdException>\n  <w:LsdException Locked=\"false\" Priority=\"63\" Name=\"Medium Shading 1 Accent 6\"></w:LsdException>\n  <w:LsdException Locked=\"false\" Priority=\"64\" Name=\"Medium Shading 2 Accent 6\"></w:LsdException>\n  <w:LsdException Locked=\"false\" Priority=\"65\" Name=\"Medium List 1 Accent 6\"></w:LsdException>\n  <w:LsdException Locked=\"false\" Priority=\"66\" Name=\"Medium List 2 Accent 6\"></w:LsdException>\n  <w:LsdException Locked=\"false\" Priority=\"67\" Name=\"Medium Grid 1 Accent 6\"></w:LsdException>\n  <w:LsdException Locked=\"false\" Priority=\"68\" Name=\"Medium Grid 2 Accent 6\"></w:LsdException>\n  <w:LsdException Locked=\"false\" Priority=\"69\" Name=\"Medium Grid 3 Accent 6\"></w:LsdException>\n  <w:LsdException Locked=\"false\" Priority=\"70\" Name=\"Dark List Accent 6\"></w:LsdException>\n  <w:LsdException Locked=\"false\" Priority=\"71\" Name=\"Colorful Shading Accent 6\"></w:LsdException>\n  <w:LsdException Locked=\"false\" Priority=\"72\" Name=\"Colorful List Accent 6\"></w:LsdException>\n  <w:LsdException Locked=\"false\" Priority=\"73\" Name=\"Colorful Grid Accent 6\"></w:LsdException>\n  <w:LsdException Locked=\"false\" Priority=\"19\" QFormat=\"true\"\n   Name=\"Subtle Emphasis\"></w:LsdException>\n  <w:LsdException Locked=\"false\" Priority=\"21\" QFormat=\"true\"\n   Name=\"Intense Emphasis\"></w:LsdException>\n  <w:LsdException Locked=\"false\" Priority=\"31\" QFormat=\"true\"\n   Name=\"Subtle Reference\"></w:LsdException>\n  <w:LsdException Locked=\"false\" Priority=\"32\" QFormat=\"true\"\n   Name=\"Intense Reference\"></w:LsdException>\n  <w:LsdException Locked=\"false\" Priority=\"33\" QFormat=\"true\" Name=\"Book Title\"></w:LsdException>\n  <w:LsdException Locked=\"false\" Priority=\"37\" SemiHidden=\"true\"\n   UnhideWhenUsed=\"true\" Name=\"Bibliography\"></w:LsdException>\n  <w:LsdException Locked=\"false\" Priority=\"39\" SemiHidden=\"true\"\n   UnhideWhenUsed=\"true\" QFormat=\"true\" Name=\"TOC Heading\"></w:LsdException>\n  <w:LsdException Locked=\"false\" Priority=\"41\" Name=\"Plain Table 1\"></w:LsdException>\n  <w:LsdException Locked=\"false\" Priority=\"42\" Name=\"Plain Table 2\"></w:LsdException>\n  <w:LsdException Locked=\"false\" Priority=\"43\" Name=\"Plain Table 3\"></w:LsdException>\n  <w:LsdException Locked=\"false\" Priority=\"44\" Name=\"Plain Table 4\"></w:LsdException>\n  <w:LsdException Locked=\"false\" Priority=\"45\" Name=\"Plain Table 5\"></w:LsdException>\n  <w:LsdException Locked=\"false\" Priority=\"40\" Name=\"Grid Table Light\"></w:LsdException>\n  <w:LsdException Locked=\"false\" Priority=\"46\" Name=\"Grid Table 1 Light\"></w:LsdException>\n  <w:LsdException Locked=\"false\" Priority=\"47\" Name=\"Grid Table 2\"></w:LsdException>\n  <w:LsdException Locked=\"false\" Priority=\"48\" Name=\"Grid Table 3\"></w:LsdException>\n  <w:LsdException Locked=\"false\" Priority=\"49\" Name=\"Grid Table 4\"></w:LsdException>\n  <w:LsdException Locked=\"false\" Priority=\"50\" Name=\"Grid Table 5 Dark\"></w:LsdException>\n  <w:LsdException Locked=\"false\" Priority=\"51\" Name=\"Grid Table 6 Colorful\"></w:LsdException>\n  <w:LsdException Locked=\"false\" Priority=\"52\" Name=\"Grid Table 7 Colorful\"></w:LsdException>\n  <w:LsdException Locked=\"false\" Priority=\"46\"\n   Name=\"Grid Table 1 Light Accent 1\"></w:LsdException>\n  <w:LsdException Locked=\"false\" Priority=\"47\" Name=\"Grid Table 2 Accent 1\"></w:LsdException>\n  <w:LsdException Locked=\"false\" Priority=\"48\" Name=\"Grid Table 3 Accent 1\"></w:LsdException>\n  <w:LsdException Locked=\"false\" Priority=\"49\" Name=\"Grid Table 4 Accent 1\"></w:LsdException>\n  <w:LsdException Locked=\"false\" Priority=\"50\" Name=\"Grid Table 5 Dark Accent 1\"></w:LsdException>\n  <w:LsdException Locked=\"false\" Priority=\"51\"\n   Name=\"Grid Table 6 Colorful Accent 1\"></w:LsdException>\n  <w:LsdException Locked=\"false\" Priority=\"52\"\n   Name=\"Grid Table 7 Colorful Accent 1\"></w:LsdException>\n  <w:LsdException Locked=\"false\" Priority=\"46\"\n   Name=\"Grid Table 1 Light Accent 2\"></w:LsdException>\n  <w:LsdException Locked=\"false\" Priority=\"47\" Name=\"Grid Table 2 Accent 2\"></w:LsdException>\n  <w:LsdException Locked=\"false\" Priority=\"48\" Name=\"Grid Table 3 Accent 2\"></w:LsdException>\n  <w:LsdException Locked=\"false\" Priority=\"49\" Name=\"Grid Table 4 Accent 2\"></w:LsdException>\n  <w:LsdException Locked=\"false\" Priority=\"50\" Name=\"Grid Table 5 Dark Accent 2\"></w:LsdException>\n  <w:LsdException Locked=\"false\" Priority=\"51\"\n   Name=\"Grid Table 6 Colorful Accent 2\"></w:LsdException>\n  <w:LsdException Locked=\"false\" Priority=\"52\"\n   Name=\"Grid Table 7 Colorful Accent 2\"></w:LsdException>\n  <w:LsdException Locked=\"false\" Priority=\"46\"\n   Name=\"Grid Table 1 Light Accent 3\"></w:LsdException>\n  <w:LsdException Locked=\"false\" Priority=\"47\" Name=\"Grid Table 2 Accent 3\"></w:LsdException>\n  <w:LsdException Locked=\"false\" Priority=\"48\" Name=\"Grid Table 3 Accent 3\"></w:LsdException>\n  <w:LsdException Locked=\"false\" Priority=\"49\" Name=\"Grid Table 4 Accent 3\"></w:LsdException>\n  <w:LsdException Locked=\"false\" Priority=\"50\" Name=\"Grid Table 5 Dark Accent 3\"></w:LsdException>\n  <w:LsdException Locked=\"false\" Priority=\"51\"\n   Name=\"Grid Table 6 Colorful Accent 3\"></w:LsdException>\n  <w:LsdException Locked=\"false\" Priority=\"52\"\n   Name=\"Grid Table 7 Colorful Accent 3\"></w:LsdException>\n  <w:LsdException Locked=\"false\" Priority=\"46\"\n   Name=\"Grid Table 1 Light Accent 4\"></w:LsdException>\n  <w:LsdException Locked=\"false\" Priority=\"47\" Name=\"Grid Table 2 Accent 4\"></w:LsdException>\n  <w:LsdException Locked=\"false\" Priority=\"48\" Name=\"Grid Table 3 Accent 4\"></w:LsdException>\n  <w:LsdException Locked=\"false\" Priority=\"49\" Name=\"Grid Table 4 Accent 4\"></w:LsdException>\n  <w:LsdException Locked=\"false\" Priority=\"50\" Name=\"Grid Table 5 Dark Accent 4\"></w:LsdException>\n  <w:LsdException Locked=\"false\" Priority=\"51\"\n   Name=\"Grid Table 6 Colorful Accent 4\"></w:LsdException>\n  <w:LsdException Locked=\"false\" Priority=\"52\"\n   Name=\"Grid Table 7 Colorful Accent 4\"></w:LsdException>\n  <w:LsdException Locked=\"false\" Priority=\"46\"\n   Name=\"Grid Table 1 Light Accent 5\"></w:LsdException>\n  <w:LsdException Locked=\"false\" Priority=\"47\" Name=\"Grid Table 2 Accent 5\"></w:LsdException>\n  <w:LsdException Locked=\"false\" Priority=\"48\" Name=\"Grid Table 3 Accent 5\"></w:LsdException>\n  <w:LsdException Locked=\"false\" Priority=\"49\" Name=\"Grid Table 4 Accent 5\"></w:LsdException>\n  <w:LsdException Locked=\"false\" Priority=\"50\" Name=\"Grid Table 5 Dark Accent 5\"></w:LsdException>\n  <w:LsdException Locked=\"false\" Priority=\"51\"\n   Name=\"Grid Table 6 Colorful Accent 5\"></w:LsdException>\n  <w:LsdException Locked=\"false\" Priority=\"52\"\n   Name=\"Grid Table 7 Colorful Accent 5\"></w:LsdException>\n  <w:LsdException Locked=\"false\" Priority=\"46\"\n   Name=\"Grid Table 1 Light Accent 6\"></w:LsdException>\n  <w:LsdException Locked=\"false\" Priority=\"47\" Name=\"Grid Table 2 Accent 6\"></w:LsdException>\n  <w:LsdException Locked=\"false\" Priority=\"48\" Name=\"Grid Table 3 Accent 6\"></w:LsdException>\n  <w:LsdException Locked=\"false\" Priority=\"49\" Name=\"Grid Table 4 Accent 6\"></w:LsdException>\n  <w:LsdException Locked=\"false\" Priority=\"50\" Name=\"Grid Table 5 Dark Accent 6\"></w:LsdException>\n  <w:LsdException Locked=\"false\" Priority=\"51\"\n   Name=\"Grid Table 6 Colorful Accent 6\"></w:LsdException>\n  <w:LsdException Locked=\"false\" Priority=\"52\"\n   Name=\"Grid Table 7 Colorful Accent 6\"></w:LsdException>\n  <w:LsdException Locked=\"false\" Priority=\"46\" Name=\"List Table 1 Light\"></w:LsdException>\n  <w:LsdException Locked=\"false\" Priority=\"47\" Name=\"List Table 2\"></w:LsdException>\n  <w:LsdException Locked=\"false\" Priority=\"48\" Name=\"List Table 3\"></w:LsdException>\n  <w:LsdException Locked=\"false\" Priority=\"49\" Name=\"List Table 4\"></w:LsdException>\n  <w:LsdException Locked=\"false\" Priority=\"50\" Name=\"List Table 5 Dark\"></w:LsdException>\n  <w:LsdException Locked=\"false\" Priority=\"51\" Name=\"List Table 6 Colorful\"></w:LsdException>\n  <w:LsdException Locked=\"false\" Priority=\"52\" Name=\"List Table 7 Colorful\"></w:LsdException>\n  <w:LsdException Locked=\"false\" Priority=\"46\"\n   Name=\"List Table 1 Light Accent 1\"></w:LsdException>\n  <w:LsdException Locked=\"false\" Priority=\"47\" Name=\"List Table 2 Accent 1\"></w:LsdException>\n  <w:LsdException Locked=\"false\" Priority=\"48\" Name=\"List Table 3 Accent 1\"></w:LsdException>\n  <w:LsdException Locked=\"false\" Priority=\"49\" Name=\"List Table 4 Accent 1\"></w:LsdException>\n  <w:LsdException Locked=\"false\" Priority=\"50\" Name=\"List Table 5 Dark Accent 1\"></w:LsdException>\n  <w:LsdException Locked=\"false\" Priority=\"51\"\n   Name=\"List Table 6 Colorful Accent 1\"></w:LsdException>\n  <w:LsdException Locked=\"false\" Priority=\"52\"\n   Name=\"List Table 7 Colorful Accent 1\"></w:LsdException>\n  <w:LsdException Locked=\"false\" Priority=\"46\"\n   Name=\"List Table 1 Light Accent 2\"></w:LsdException>\n  <w:LsdException Locked=\"false\" Priority=\"47\" Name=\"List Table 2 Accent 2\"></w:LsdException>\n  <w:LsdException Locked=\"false\" Priority=\"48\" Name=\"List Table 3 Accent 2\"></w:LsdException>\n  <w:LsdException Locked=\"false\" Priority=\"49\" Name=\"List Table 4 Accent 2\"></w:LsdException>\n  <w:LsdException Locked=\"false\" Priority=\"50\" Name=\"List Table 5 Dark Accent 2\"></w:LsdException>\n  <w:LsdException Locked=\"false\" Priority=\"51\"\n   Name=\"List Table 6 Colorful Accent 2\"></w:LsdException>\n  <w:LsdException Locked=\"false\" Priority=\"52\"\n   Name=\"List Table 7 Colorful Accent 2\"></w:LsdException>\n  <w:LsdException Locked=\"false\" Priority=\"46\"\n   Name=\"List Table 1 Light Accent 3\"></w:LsdException>\n  <w:LsdException Locked=\"false\" Priority=\"47\" Name=\"List Table 2 Accent 3\"></w:LsdException>\n  <w:LsdException Locked=\"false\" Priority=\"48\" Name=\"List Table 3 Accent 3\"></w:LsdException>\n  <w:LsdException Locked=\"false\" Priority=\"49\" Name=\"List Table 4 Accent 3\"></w:LsdException>\n  <w:LsdException Locked=\"false\" Priority=\"50\" Name=\"List Table 5 Dark Accent 3\"></w:LsdException>\n  <w:LsdException Locked=\"false\" Priority=\"51\"\n   Name=\"List Table 6 Colorful Accent 3\"></w:LsdException>\n  <w:LsdException Locked=\"false\" Priority=\"52\"\n   Name=\"List Table 7 Colorful Accent 3\"></w:LsdException>\n  <w:LsdException Locked=\"false\" Priority=\"46\"\n   Name=\"List Table 1 Light Accent 4\"></w:LsdException>\n  <w:LsdException Locked=\"false\" Priority=\"47\" Name=\"List Table 2 Accent 4\"></w:LsdException>\n  <w:LsdException Locked=\"false\" Priority=\"48\" Name=\"List Table 3 Accent 4\"></w:LsdException>\n  <w:LsdException Locked=\"false\" Priority=\"49\" Name=\"List Table 4 Accent 4\"></w:LsdException>\n  <w:LsdException Locked=\"false\" Priority=\"50\" Name=\"List Table 5 Dark Accent 4\"></w:LsdException>\n  <w:LsdException Locked=\"false\" Priority=\"51\"\n   Name=\"List Table 6 Colorful Accent 4\"></w:LsdException>\n  <w:LsdException Locked=\"false\" Priority=\"52\"\n   Name=\"List Table 7 Colorful Accent 4\"></w:LsdException>\n  <w:LsdException Locked=\"false\" Priority=\"46\"\n   Name=\"List Table 1 Light Accent 5\"></w:LsdException>\n  <w:LsdException Locked=\"false\" Priority=\"47\" Name=\"List Table 2 Accent 5\"></w:LsdException>\n  <w:LsdException Locked=\"false\" Priority=\"48\" Name=\"List Table 3 Accent 5\"></w:LsdException>\n  <w:LsdException Locked=\"false\" Priority=\"49\" Name=\"List Table 4 Accent 5\"></w:LsdException>\n  <w:LsdException Locked=\"false\" Priority=\"50\" Name=\"List Table 5 Dark Accent 5\"></w:LsdException>\n  <w:LsdException Locked=\"false\" Priority=\"51\"\n   Name=\"List Table 6 Colorful Accent 5\"></w:LsdException>\n  <w:LsdException Locked=\"false\" Priority=\"52\"\n   Name=\"List Table 7 Colorful Accent 5\"></w:LsdException>\n  <w:LsdException Locked=\"false\" Priority=\"46\"\n   Name=\"List Table 1 Light Accent 6\"></w:LsdException>\n  <w:LsdException Locked=\"false\" Priority=\"47\" Name=\"List Table 2 Accent 6\"></w:LsdException>\n  <w:LsdException Locked=\"false\" Priority=\"48\" Name=\"List Table 3 Accent 6\"></w:LsdException>\n  <w:LsdException Locked=\"false\" Priority=\"49\" Name=\"List Table 4 Accent 6\"></w:LsdException>\n  <w:LsdException Locked=\"false\" Priority=\"50\" Name=\"List Table 5 Dark Accent 6\"></w:LsdException>\n  <w:LsdException Locked=\"false\" Priority=\"51\"\n   Name=\"List Table 6 Colorful Accent 6\"></w:LsdException>\n  <w:LsdException Locked=\"false\" Priority=\"52\"\n   Name=\"List Table 7 Colorful Accent 6\"></w:LsdException>\n </w:LatentStyles>\n</xml><![endif]--><!--[if gte mso 10]>\n<style>\n /* Style Definitions */\n table.MsoNormalTable\n	{mso-style-name:普通表格;\n	mso-tstyle-rowband-size:0;\n	mso-tstyle-colband-size:0;\n	mso-style-noshow:yes;\n	mso-style-priority:99;\n	mso-style-parent:\"\";\n	mso-padding-alt:0cm 5.4pt 0cm 5.4pt;\n	mso-para-margin:0cm;\n	mso-para-margin-bottom:.0001pt;\n	mso-pagination:widow-orphan;\n	font-size:10.5pt;\n	mso-bidi-font-size:11.0pt;\n	font-family:\"Calibri\",sans-serif;\n	mso-ascii-font-family:Calibri;\n	mso-ascii-theme-font:minor-latin;\n	mso-hansi-font-family:Calibri;\n	mso-hansi-theme-font:minor-latin;\n	mso-font-kerning:1.0pt;}\n</style>\n<![endif]-->\n\n<p class=\"MsoNormal\" style=\"text-align:center;mso-pagination:widow-orphan;\nmso-outline-level:2;background:white;word-break:break-all\" align=\"center\"><b><span style=\"font-size:13.0pt;font-family:宋体;mso-ascii-font-family:ˎ̥;mso-hansi-font-family:\nˎ̥;mso-bidi-font-family:宋体;color:#1F5781;mso-font-kerning:0pt\">党员领导干部违反规定插手干预工程建设领域行为适用《中国共产党纪律处分条例》若干问题的解释</span></b><b><span style=\"font-size:13.0pt;font-family:&quot;ˎ̥&quot;,serif;mso-fareast-font-family:宋体;\nmso-bidi-font-family:宋体;color:#1F5781;mso-font-kerning:0pt\"> <span lang=\"EN-US\"></span></span></b></p>\n\n<p class=\"MsoNormal\" style=\"text-align:center;line-height:200%;\nmso-pagination:widow-orphan;background:white;word-break:break-all\" align=\"center\"><span style=\"font-size:12.0pt;line-height:200%;font-family:宋体;mso-ascii-font-family:\nˎ̥;mso-hansi-font-family:ˎ̥;mso-bidi-font-family:宋体;color:black;mso-font-kerning:\n0pt\">（</span><span style=\"font-size:12.0pt;line-height:200%;\nfont-family:&quot;ˎ̥&quot;,serif;mso-fareast-font-family:宋体;mso-bidi-font-family:宋体;\ncolor:black;mso-font-kerning:0pt\" lang=\"EN-US\">2010</span><span style=\"font-size:12.0pt;\nline-height:200%;font-family:宋体;mso-ascii-font-family:ˎ̥;mso-hansi-font-family:\nˎ̥;mso-bidi-font-family:宋体;color:black;mso-font-kerning:0pt\">年</span><span style=\"font-size:12.0pt;line-height:200%;font-family:&quot;ˎ̥&quot;,serif;\nmso-fareast-font-family:宋体;mso-bidi-font-family:宋体;color:black;mso-font-kerning:\n0pt\" lang=\"EN-US\">5</span><span style=\"font-size:12.0pt;line-height:200%;font-family:宋体;\nmso-ascii-font-family:ˎ̥;mso-hansi-font-family:ˎ̥;mso-bidi-font-family:宋体;\ncolor:black;mso-font-kerning:0pt\">月</span><span style=\"font-size:\n12.0pt;line-height:200%;font-family:&quot;ˎ̥&quot;,serif;mso-fareast-font-family:宋体;\nmso-bidi-font-family:宋体;color:black;mso-font-kerning:0pt\" lang=\"EN-US\">7</span><span style=\"font-size:12.0pt;line-height:200%;font-family:宋体;mso-ascii-font-family:\nˎ̥;mso-hansi-font-family:ˎ̥;mso-bidi-font-family:宋体;color:black;mso-font-kerning:\n0pt\">日）</span><span style=\"font-size:9.0pt;line-height:200%;\nfont-family:&quot;ˎ̥&quot;,serif;mso-fareast-font-family:宋体;mso-bidi-font-family:宋体;\ncolor:black;mso-font-kerning:0pt\" lang=\"EN-US\"></span></p>\n\n<p class=\"MsoNormal\" style=\"text-align:left;line-height:200%;\nmso-pagination:widow-orphan;background:white;word-break:break-all\" align=\"left\"><span style=\"font-size:12.0pt;line-height:200%;font-family:宋体;mso-ascii-font-family:\nˎ̥;mso-hansi-font-family:ˎ̥;mso-bidi-font-family:宋体;color:black;mso-font-kerning:\n0pt\">　　为进一步促进党员领导干部廉洁从政，规范工程建设秩序，惩处党员领导干部违反规定插手干预工程建设领域行为，确保工程建设项目安全、廉洁、高效运行，现对党员领导干部违反规定插手干预工程建设领域行为适用《中国共产党纪律处分条例》若干问题解释如下。</span><span style=\"font-size:9.0pt;line-height:200%;font-family:&quot;ˎ̥&quot;,serif;\nmso-fareast-font-family:宋体;mso-bidi-font-family:宋体;color:black;mso-font-kerning:\n0pt\" lang=\"EN-US\"></span></p>\n\n<p class=\"MsoNormal\" style=\"text-align:left;line-height:200%;\nmso-pagination:widow-orphan;background:white;word-break:break-all\" align=\"left\"><span style=\"font-size:12.0pt;line-height:200%;font-family:宋体;mso-ascii-font-family:\nˎ̥;mso-hansi-font-family:ˎ̥;mso-bidi-font-family:宋体;color:black;mso-font-kerning:\n0pt\">　　一、党和国家机关中副科级以上党员领导干部，有违反规定插手干预工程建设领域行为的，依照本解释处理。</span><span style=\"font-size:9.0pt;line-height:200%;font-family:&quot;ˎ̥&quot;,serif;mso-fareast-font-family:\n宋体;mso-bidi-font-family:宋体;color:black;mso-font-kerning:0pt\" lang=\"EN-US\"></span></p>\n\n<p class=\"MsoNormal\" style=\"text-align:left;line-height:200%;\nmso-pagination:widow-orphan;background:white;word-break:break-all\" align=\"left\"><span style=\"font-size:12.0pt;line-height:200%;font-family:宋体;mso-ascii-font-family:\nˎ̥;mso-hansi-font-family:ˎ̥;mso-bidi-font-family:宋体;color:black;mso-font-kerning:\n0pt\">　　人民团体、事业单位中相当于副科级以上党员领导干部，国有和国有控股企业（含国有和国有控股金融企业）及其分支机构领导人员中的党员，有违反规定插手干预工程建设领域行为的，适用本解释。</span><span style=\"font-size:9.0pt;line-height:200%;font-family:&quot;ˎ̥&quot;,serif;\nmso-fareast-font-family:宋体;mso-bidi-font-family:宋体;color:black;mso-font-kerning:\n0pt\" lang=\"EN-US\"></span></p>\n\n<p class=\"MsoNormal\" style=\"text-align:left;line-height:200%;\nmso-pagination:widow-orphan;background:white;word-break:break-all\" align=\"left\"><span style=\"font-size:12.0pt;line-height:200%;font-family:宋体;mso-ascii-font-family:\nˎ̥;mso-hansi-font-family:ˎ̥;mso-bidi-font-family:宋体;color:black;mso-font-kerning:\n0pt\">　　二、本解释所称违反规定插手干预工程建设领域行为，是指党员领导干部违反法律、法规、规章、政策性规定或者议事规则，利用职权或者职务上的影响，向相关部门、单位或者有关人员以指定、授意、暗示等方式提出要求，影响工程建设正常开展或者干扰正常监管、执法活动的行为。</span><span style=\"font-size:9.0pt;line-height:200%;font-family:&quot;ˎ̥&quot;,serif;\nmso-fareast-font-family:宋体;mso-bidi-font-family:宋体;color:black;mso-font-kerning:\n0pt\" lang=\"EN-US\"></span></p>\n\n<p class=\"MsoNormal\" style=\"text-align:left;line-height:200%;\nmso-pagination:widow-orphan;background:white;word-break:break-all\" align=\"left\"><span style=\"font-size:12.0pt;line-height:200%;font-family:宋体;mso-ascii-font-family:\nˎ̥;mso-hansi-font-family:ˎ̥;mso-bidi-font-family:宋体;color:black;mso-font-kerning:\n0pt\">　　三、违反规定插手干预工程建设项目决策，有下列情形之一，谋取私利的，依照本解释第十二条处理：</span><span style=\"font-size:9.0pt;line-height:200%;font-family:&quot;ˎ̥&quot;,serif;mso-fareast-font-family:\n宋体;mso-bidi-font-family:宋体;color:black;mso-font-kerning:0pt\" lang=\"EN-US\"></span></p>\n\n<p class=\"MsoNormal\" style=\"text-align:left;line-height:200%;\nmso-pagination:widow-orphan;background:white;word-break:break-all\" align=\"left\"><span style=\"font-size:12.0pt;line-height:200%;font-family:宋体;mso-ascii-font-family:\nˎ̥;mso-hansi-font-family:ˎ̥;mso-bidi-font-family:宋体;color:black;mso-font-kerning:\n0pt\">　　（一）要求有关部门允许未经审批、核准或者备案的工程建设项目进行建设的；</span><span style=\"font-size:9.0pt;line-height:200%;font-family:&quot;ˎ̥&quot;,serif;mso-fareast-font-family:\n宋体;mso-bidi-font-family:宋体;color:black;mso-font-kerning:0pt\" lang=\"EN-US\"></span></p>\n\n<p class=\"MsoNormal\" style=\"text-align:left;line-height:200%;\nmso-pagination:widow-orphan;background:white;word-break:break-all\" align=\"left\"><span style=\"font-size:12.0pt;line-height:200%;font-family:宋体;mso-ascii-font-family:\nˎ̥;mso-hansi-font-family:ˎ̥;mso-bidi-font-family:宋体;color:black;mso-font-kerning:\n0pt\">　　（二）要求建设单位对未经审批、核准或者备案的工程建设项目进行建设的；</span><span style=\"font-size:9.0pt;line-height:200%;font-family:&quot;ˎ̥&quot;,serif;mso-fareast-font-family:\n宋体;mso-bidi-font-family:宋体;color:black;mso-font-kerning:0pt\" lang=\"EN-US\"></span></p>\n\n<p class=\"MsoNormal\" style=\"text-align:left;line-height:200%;\nmso-pagination:widow-orphan;background:white;word-break:break-all\" align=\"left\"><span style=\"font-size:12.0pt;line-height:200%;font-family:宋体;mso-ascii-font-family:\nˎ̥;mso-hansi-font-family:ˎ̥;mso-bidi-font-family:宋体;color:black;mso-font-kerning:\n0pt\">　　（三）要求有关部门审批或者核准违反产业政策、发展规划、市场准入标准以及未通过节能评估和审查、环境影响评价审批等不符合有关规定的工程建设项目的；</span><span style=\"font-size:9.0pt;line-height:200%;font-family:&quot;ˎ̥&quot;,serif;\nmso-fareast-font-family:宋体;mso-bidi-font-family:宋体;color:black;mso-font-kerning:\n0pt\" lang=\"EN-US\"></span></p>\n\n<p class=\"MsoNormal\" style=\"text-align:left;line-height:200%;\nmso-pagination:widow-orphan;background:white;word-break:break-all\" align=\"left\"><span style=\"font-size:12.0pt;line-height:200%;font-family:宋体;mso-ascii-font-family:\nˎ̥;mso-hansi-font-family:ˎ̥;mso-bidi-font-family:宋体;color:black;mso-font-kerning:\n0pt\">　　（四）要求有关部门或者单位违反技术标准和有关规定，规划、设计项目方案的；</span><span style=\"font-size:9.0pt;line-height:200%;font-family:&quot;ˎ̥&quot;,serif;mso-fareast-font-family:\n宋体;mso-bidi-font-family:宋体;color:black;mso-font-kerning:0pt\" lang=\"EN-US\"></span></p>\n\n<p class=\"MsoNormal\" style=\"text-align:left;line-height:200%;\nmso-pagination:widow-orphan;background:white;word-break:break-all\" align=\"left\"><span style=\"font-size:12.0pt;line-height:200%;font-family:宋体;mso-ascii-font-family:\nˎ̥;mso-hansi-font-family:ˎ̥;mso-bidi-font-family:宋体;color:black;mso-font-kerning:\n0pt\">　　（五）违反规定以会议或者集体讨论决定方式安排工程建设有关事项的；</span><span style=\"font-size:9.0pt;line-height:200%;font-family:&quot;ˎ̥&quot;,serif;mso-fareast-font-family:\n宋体;mso-bidi-font-family:宋体;color:black;mso-font-kerning:0pt\" lang=\"EN-US\"></span></p>\n\n<p class=\"MsoNormal\" style=\"text-align:left;line-height:200%;\nmso-pagination:widow-orphan;background:white;word-break:break-all\" align=\"left\"><span style=\"font-size:12.0pt;line-height:200%;font-family:宋体;mso-ascii-font-family:\nˎ̥;mso-hansi-font-family:ˎ̥;mso-bidi-font-family:宋体;color:black;mso-font-kerning:\n0pt\">　　（六）有其他违反规定插手干预工程建设项目决策行为的。</span><span style=\"font-size:9.0pt;\nline-height:200%;font-family:&quot;ˎ̥&quot;,serif;mso-fareast-font-family:宋体;mso-bidi-font-family:\n宋体;color:black;mso-font-kerning:0pt\" lang=\"EN-US\"></span></p>\n\n<p class=\"MsoNormal\" style=\"text-align:left;line-height:200%;\nmso-pagination:widow-orphan;background:white;word-break:break-all\" align=\"left\"><span style=\"font-size:12.0pt;line-height:200%;font-family:宋体;mso-ascii-font-family:\nˎ̥;mso-hansi-font-family:ˎ̥;mso-bidi-font-family:宋体;color:black;mso-font-kerning:\n0pt\">　　四、违反规定插手干预工程建设项目招标投标活动，有下列情形之一，谋取私利的，依照本解释第十二条处理：</span><span style=\"font-size:9.0pt;line-height:200%;font-family:&quot;ˎ̥&quot;,serif;\nmso-fareast-font-family:宋体;mso-bidi-font-family:宋体;color:black;mso-font-kerning:\n0pt\" lang=\"EN-US\"></span></p>\n\n<p class=\"MsoNormal\" style=\"text-align:left;line-height:200%;\nmso-pagination:widow-orphan;background:white;word-break:break-all\" align=\"left\"><span style=\"font-size:12.0pt;line-height:200%;font-family:宋体;mso-ascii-font-family:\nˎ̥;mso-hansi-font-family:ˎ̥;mso-bidi-font-family:宋体;color:black;mso-font-kerning:\n0pt\">　　（一）要求有关部门对依法应当招标的工程建设项目不招标，或者依法应当公开招标的工程建设项目实行邀请招标的；</span><span style=\"font-size:9.0pt;line-height:200%;font-family:&quot;ˎ̥&quot;,serif;\nmso-fareast-font-family:宋体;mso-bidi-font-family:宋体;color:black;mso-font-kerning:\n0pt\" lang=\"EN-US\"></span></p>\n\n<p class=\"MsoNormal\" style=\"text-align:left;line-height:200%;\nmso-pagination:widow-orphan;background:white;word-break:break-all\" align=\"left\"><span style=\"font-size:12.0pt;line-height:200%;font-family:宋体;mso-ascii-font-family:\nˎ̥;mso-hansi-font-family:ˎ̥;mso-bidi-font-family:宋体;color:black;mso-font-kerning:\n0pt\">　　（二）要求有关部门或者单位将依法必须进行招标的工程建设项目化整为零，或者假借保密工程、抢险救灾等特殊工程的名义规避招标的；</span><span style=\"font-size:9.0pt;line-height:200%;font-family:&quot;ˎ̥&quot;,serif;\nmso-fareast-font-family:宋体;mso-bidi-font-family:宋体;color:black;mso-font-kerning:\n0pt\" lang=\"EN-US\"></span></p>\n\n<p class=\"MsoNormal\" style=\"text-align:left;line-height:200%;\nmso-pagination:widow-orphan;background:white;word-break:break-all\" align=\"left\"><span style=\"font-size:12.0pt;line-height:200%;font-family:宋体;mso-ascii-font-family:\nˎ̥;mso-hansi-font-family:ˎ̥;mso-bidi-font-family:宋体;color:black;mso-font-kerning:\n0pt\">　　（三）为招标人指定招标代理机构并办理招标事宜的；</span><span style=\"font-size:9.0pt;\nline-height:200%;font-family:&quot;ˎ̥&quot;,serif;mso-fareast-font-family:宋体;mso-bidi-font-family:\n宋体;color:black;mso-font-kerning:0pt\" lang=\"EN-US\"></span></p>\n\n<p class=\"MsoNormal\" style=\"text-align:left;line-height:200%;\nmso-pagination:widow-orphan;background:white;word-break:break-all\" align=\"left\"><span style=\"font-size:12.0pt;line-height:200%;font-family:宋体;mso-ascii-font-family:\nˎ̥;mso-hansi-font-family:ˎ̥;mso-bidi-font-family:宋体;color:black;mso-font-kerning:\n0pt\">　　（四）影响工程建设项目投标人资格的确定或者评标、中标结果的；</span><span style=\"font-size:\n9.0pt;line-height:200%;font-family:&quot;ˎ̥&quot;,serif;mso-fareast-font-family:宋体;\nmso-bidi-font-family:宋体;color:black;mso-font-kerning:0pt\" lang=\"EN-US\"></span></p>\n\n<p class=\"MsoNormal\" style=\"text-align:left;line-height:200%;\nmso-pagination:widow-orphan;background:white;word-break:break-all\" align=\"left\"><span style=\"font-size:12.0pt;line-height:200%;font-family:宋体;mso-ascii-font-family:\nˎ̥;mso-hansi-font-family:ˎ̥;mso-bidi-font-family:宋体;color:black;mso-font-kerning:\n0pt\">　　（五）有其他违反规定插手干预工程建设项目招标投标活动行为的。</span><span style=\"font-size:\n9.0pt;line-height:200%;font-family:&quot;ˎ̥&quot;,serif;mso-fareast-font-family:宋体;\nmso-bidi-font-family:宋体;color:black;mso-font-kerning:0pt\" lang=\"EN-US\"></span></p>\n\n<p class=\"MsoNormal\" style=\"text-align:left;line-height:200%;\nmso-pagination:widow-orphan;background:white;word-break:break-all\" align=\"left\"><span style=\"font-size:12.0pt;line-height:200%;font-family:宋体;mso-ascii-font-family:\nˎ̥;mso-hansi-font-family:ˎ̥;mso-bidi-font-family:宋体;color:black;mso-font-kerning:\n0pt\">　　五、违反规定插手干预土地使用权、矿业权审批和出让，有下列情形之一，谋取私利的，依照本解释第十二条处理：</span><span style=\"font-size:9.0pt;line-height:200%;font-family:&quot;ˎ̥&quot;,serif;\nmso-fareast-font-family:宋体;mso-bidi-font-family:宋体;color:black;mso-font-kerning:\n0pt\" lang=\"EN-US\"></span></p>\n\n<p class=\"MsoNormal\" style=\"text-align:left;line-height:200%;\nmso-pagination:widow-orphan;background:white;word-break:break-all\" align=\"left\"><span style=\"font-size:12.0pt;line-height:200%;font-family:宋体;mso-ascii-font-family:\nˎ̥;mso-hansi-font-family:ˎ̥;mso-bidi-font-family:宋体;color:black;mso-font-kerning:\n0pt\">　　（一）要求有关部门对应当实行招标拍卖挂牌出让的土地使用权采用划拨、协议方式供地的；</span><span style=\"font-size:9.0pt;line-height:200%;font-family:&quot;ˎ̥&quot;,serif;mso-fareast-font-family:\n宋体;mso-bidi-font-family:宋体;color:black;mso-font-kerning:0pt\" lang=\"EN-US\"></span></p>\n\n<p class=\"MsoNormal\" style=\"text-align:left;line-height:200%;\nmso-pagination:widow-orphan;background:white;word-break:break-all\" align=\"left\"><span style=\"font-size:12.0pt;line-height:200%;font-family:宋体;mso-ascii-font-family:\nˎ̥;mso-hansi-font-family:ˎ̥;mso-bidi-font-family:宋体;color:black;mso-font-kerning:\n0pt\">　　（二）要求有关部门或者单位采用合作开发、招商引资、历史遗留问题等名义或者使用先行立项、先行选址定点确定用地者等手段规避招标拍卖挂牌出让的；</span><span style=\"font-size:9.0pt;line-height:200%;font-family:&quot;ˎ̥&quot;,serif;\nmso-fareast-font-family:宋体;mso-bidi-font-family:宋体;color:black;mso-font-kerning:\n0pt\" lang=\"EN-US\"></span></p>\n\n<p class=\"MsoNormal\" style=\"text-align:left;line-height:200%;\nmso-pagination:widow-orphan;background:white;word-break:break-all\" align=\"left\"><span style=\"font-size:12.0pt;line-height:200%;font-family:宋体;mso-ascii-font-family:\nˎ̥;mso-hansi-font-family:ˎ̥;mso-bidi-font-family:宋体;color:black;mso-font-kerning:\n0pt\">　　（三）影响土地使用权招标拍卖挂牌出让活动中竞买人的确定或者招标拍卖挂牌出让结果的；</span><span style=\"font-size:9.0pt;line-height:200%;font-family:&quot;ˎ̥&quot;,serif;mso-fareast-font-family:\n宋体;mso-bidi-font-family:宋体;color:black;mso-font-kerning:0pt\" lang=\"EN-US\"></span></p>\n\n<p class=\"MsoNormal\" style=\"text-align:left;line-height:200%;\nmso-pagination:widow-orphan;background:white;word-break:break-all\" align=\"left\"><span style=\"font-size:12.0pt;line-height:200%;font-family:宋体;mso-ascii-font-family:\nˎ̥;mso-hansi-font-family:ˎ̥;mso-bidi-font-family:宋体;color:black;mso-font-kerning:\n0pt\">　　（四）土地使用权出让金确定后，要求有关部门违反规定批准减免、缓缴土地使用权出让金的；</span><span style=\"font-size:9.0pt;line-height:200%;font-family:&quot;ˎ̥&quot;,serif;mso-fareast-font-family:\n宋体;mso-bidi-font-family:宋体;color:black;mso-font-kerning:0pt\" lang=\"EN-US\"></span></p>\n\n<p class=\"MsoNormal\" style=\"text-align:left;line-height:200%;\nmso-pagination:widow-orphan;background:white;word-break:break-all\" align=\"left\"><span style=\"font-size:12.0pt;line-height:200%;font-family:宋体;mso-ascii-font-family:\nˎ̥;mso-hansi-font-family:ˎ̥;mso-bidi-font-family:宋体;color:black;mso-font-kerning:\n0pt\">　　（五）要求有关部门为不符合供地政策的工程建设项目批准土地，或者为不具备发放国有土地使用证书条件的工程建设项目发放国有土地使用证书的；</span><span style=\"font-size:9.0pt;line-height:200%;font-family:&quot;ˎ̥&quot;,serif;\nmso-fareast-font-family:宋体;mso-bidi-font-family:宋体;color:black;mso-font-kerning:\n0pt\" lang=\"EN-US\"></span></p>\n\n<p class=\"MsoNormal\" style=\"text-align:left;line-height:200%;\nmso-pagination:widow-orphan;background:white;word-break:break-all\" align=\"left\"><span style=\"font-size:12.0pt;line-height:200%;font-family:宋体;mso-ascii-font-family:\nˎ̥;mso-hansi-font-family:ˎ̥;mso-bidi-font-family:宋体;color:black;mso-font-kerning:\n0pt\">　　（六）要求有关部门违反规定审批或者出让探矿权、采矿权的；</span><span style=\"font-size:\n9.0pt;line-height:200%;font-family:&quot;ˎ̥&quot;,serif;mso-fareast-font-family:宋体;\nmso-bidi-font-family:宋体;color:black;mso-font-kerning:0pt\" lang=\"EN-US\"></span></p>\n\n<p class=\"MsoNormal\" style=\"text-align:left;line-height:200%;\nmso-pagination:widow-orphan;background:white;word-break:break-all\" align=\"left\"><span style=\"font-size:12.0pt;line-height:200%;font-family:宋体;mso-ascii-font-family:\nˎ̥;mso-hansi-font-family:ˎ̥;mso-bidi-font-family:宋体;color:black;mso-font-kerning:\n0pt\">　　（七）有其他违反规定插手干预土地使用权、矿业权审批和出让行为的。</span><span style=\"font-size:9.0pt;line-height:200%;font-family:&quot;ˎ̥&quot;,serif;mso-fareast-font-family:\n宋体;mso-bidi-font-family:宋体;color:black;mso-font-kerning:0pt\" lang=\"EN-US\"></span></p>\n\n<p class=\"MsoNormal\" style=\"text-align:left;line-height:200%;\nmso-pagination:widow-orphan;background:white;word-break:break-all\" align=\"left\"><span style=\"font-size:12.0pt;line-height:200%;font-family:宋体;mso-ascii-font-family:\nˎ̥;mso-hansi-font-family:ˎ̥;mso-bidi-font-family:宋体;color:black;mso-font-kerning:\n0pt\">　　六、违反规定插手干预城乡规划管理活动，有下列情形之一，谋取私利的，依照本解释第十二条处理：</span><span style=\"font-size:9.0pt;line-height:200%;font-family:&quot;ˎ̥&quot;,serif;mso-fareast-font-family:\n宋体;mso-bidi-font-family:宋体;color:black;mso-font-kerning:0pt\" lang=\"EN-US\"></span></p>\n\n<p class=\"MsoNormal\" style=\"text-align:left;line-height:200%;\nmso-pagination:widow-orphan;background:white;word-break:break-all\" align=\"left\"><span style=\"font-size:12.0pt;line-height:200%;font-family:宋体;mso-ascii-font-family:\nˎ̥;mso-hansi-font-family:ˎ̥;mso-bidi-font-family:宋体;color:black;mso-font-kerning:\n0pt\">　　（一）要求有关部门违反规定改变城乡规划的；</span><span style=\"font-size:9.0pt;\nline-height:200%;font-family:&quot;ˎ̥&quot;,serif;mso-fareast-font-family:宋体;mso-bidi-font-family:\n宋体;color:black;mso-font-kerning:0pt\" lang=\"EN-US\"></span></p>\n\n<p class=\"MsoNormal\" style=\"text-align:left;line-height:200%;\nmso-pagination:widow-orphan;background:white;word-break:break-all\" align=\"left\"><span style=\"font-size:12.0pt;line-height:200%;font-family:宋体;mso-ascii-font-family:\nˎ̥;mso-hansi-font-family:ˎ̥;mso-bidi-font-family:宋体;color:black;mso-font-kerning:\n0pt\">　　（二）要求有关部门违反规定批准调整土地用途、容积率等规划设计条件的；</span><span style=\"font-size:9.0pt;line-height:200%;font-family:&quot;ˎ̥&quot;,serif;mso-fareast-font-family:\n宋体;mso-bidi-font-family:宋体;color:black;mso-font-kerning:0pt\" lang=\"EN-US\"></span></p>\n\n<p class=\"MsoNormal\" style=\"text-align:left;line-height:200%;\nmso-pagination:widow-orphan;background:white;word-break:break-all\" align=\"left\"><span style=\"font-size:12.0pt;line-height:200%;font-family:宋体;mso-ascii-font-family:\nˎ̥;mso-hansi-font-family:ˎ̥;mso-bidi-font-family:宋体;color:black;mso-font-kerning:\n0pt\">　　（三）有其他违反规定插手干预城乡规划管理活动行为的。</span><span style=\"font-size:9.0pt;\nline-height:200%;font-family:&quot;ˎ̥&quot;,serif;mso-fareast-font-family:宋体;mso-bidi-font-family:\n宋体;color:black;mso-font-kerning:0pt\" lang=\"EN-US\"></span></p>\n\n<p class=\"MsoNormal\" style=\"text-align:left;line-height:200%;\nmso-pagination:widow-orphan;background:white;word-break:break-all\" align=\"left\"><span style=\"font-size:12.0pt;line-height:200%;font-family:宋体;mso-ascii-font-family:\nˎ̥;mso-hansi-font-family:ˎ̥;mso-bidi-font-family:宋体;color:black;mso-font-kerning:\n0pt\">　　七、违反规定插手干预房地产开发与经营活动，有下列情形之一，谋取私利的，依照本解释第十二条处理：</span><span style=\"font-size:9.0pt;line-height:200%;font-family:&quot;ˎ̥&quot;,serif;mso-fareast-font-family:\n宋体;mso-bidi-font-family:宋体;color:black;mso-font-kerning:0pt\" lang=\"EN-US\"></span></p>\n\n<p class=\"MsoNormal\" style=\"text-align:left;line-height:200%;\nmso-pagination:widow-orphan;background:white;word-break:break-all\" align=\"left\"><span style=\"font-size:12.0pt;line-height:200%;font-family:宋体;mso-ascii-font-family:\nˎ̥;mso-hansi-font-family:ˎ̥;mso-bidi-font-family:宋体;color:black;mso-font-kerning:\n0pt\">　　（一）要求有关部门同意不具备房地产开发资质或者资质等级不相符的企业从事房地产开发与经营活动的；</span><span style=\"font-size:9.0pt;line-height:200%;font-family:&quot;ˎ̥&quot;,serif;mso-fareast-font-family:\n宋体;mso-bidi-font-family:宋体;color:black;mso-font-kerning:0pt\" lang=\"EN-US\"></span></p>\n\n<p class=\"MsoNormal\" style=\"text-align:left;line-height:200%;\nmso-pagination:widow-orphan;background:white;word-break:break-all\" align=\"left\"><span style=\"font-size:12.0pt;line-height:200%;font-family:宋体;mso-ascii-font-family:\nˎ̥;mso-hansi-font-family:ˎ̥;mso-bidi-font-family:宋体;color:black;mso-font-kerning:\n0pt\">　　（二）要求有关部门为不符合商品房预售条件的开发项目发放商品房预售许可证的；</span><span style=\"font-size:9.0pt;line-height:200%;font-family:&quot;ˎ̥&quot;,serif;mso-fareast-font-family:\n宋体;mso-bidi-font-family:宋体;color:black;mso-font-kerning:0pt\" lang=\"EN-US\"></span></p>\n\n<p class=\"MsoNormal\" style=\"text-align:left;line-height:200%;\nmso-pagination:widow-orphan;background:white;word-break:break-all\" align=\"left\"><span style=\"font-size:12.0pt;line-height:200%;font-family:宋体;mso-ascii-font-family:\nˎ̥;mso-hansi-font-family:ˎ̥;mso-bidi-font-family:宋体;color:black;mso-font-kerning:\n0pt\">　　（三）对未经验收或者验收不合格的房地产开发项目，要求有关部门允许其交付使用的；</span><span style=\"font-size:9.0pt;line-height:200%;font-family:&quot;ˎ̥&quot;,serif;mso-fareast-font-family:\n宋体;mso-bidi-font-family:宋体;color:black;mso-font-kerning:0pt\" lang=\"EN-US\"></span></p>\n\n<p class=\"MsoNormal\" style=\"text-align:left;line-height:200%;\nmso-pagination:widow-orphan;background:white;word-break:break-all\" align=\"left\"><span style=\"font-size:12.0pt;line-height:200%;font-family:宋体;mso-ascii-font-family:\nˎ̥;mso-hansi-font-family:ˎ̥;mso-bidi-font-family:宋体;color:black;mso-font-kerning:\n0pt\">　　（四）有其他违反规定插手干预房地产开发用地、立项、规划、建设和销售等行为的。</span><span style=\"font-size:9.0pt;line-height:200%;font-family:&quot;ˎ̥&quot;,serif;mso-fareast-font-family:\n宋体;mso-bidi-font-family:宋体;color:black;mso-font-kerning:0pt\" lang=\"EN-US\"></span></p>\n\n<p class=\"MsoNormal\" style=\"text-align:left;line-height:200%;\nmso-pagination:widow-orphan;background:white;word-break:break-all\" align=\"left\"><span style=\"font-size:12.0pt;line-height:200%;font-family:宋体;mso-ascii-font-family:\nˎ̥;mso-hansi-font-family:ˎ̥;mso-bidi-font-family:宋体;color:black;mso-font-kerning:\n0pt\">　　八、违反规定插手干预工程建设实施和工程质量监督管理，有下列情形之一，谋取私利的，依照本解释第十二条处理：</span><span style=\"font-size:9.0pt;line-height:200%;font-family:&quot;ˎ̥&quot;,serif;\nmso-fareast-font-family:宋体;mso-bidi-font-family:宋体;color:black;mso-font-kerning:\n0pt\" lang=\"EN-US\"></span></p>\n\n<p class=\"MsoNormal\" style=\"text-align:left;line-height:200%;\nmso-pagination:widow-orphan;background:white;word-break:break-all\" align=\"left\"><span style=\"font-size:12.0pt;line-height:200%;font-family:宋体;mso-ascii-font-family:\nˎ̥;mso-hansi-font-family:ˎ̥;mso-bidi-font-family:宋体;color:black;mso-font-kerning:\n0pt\">　　（一）要求建设单位或者勘察、设计、施工等单位转包、违法分包工程建设项目，或者指定生产商、供应商、服务商的；</span><span style=\"font-size:9.0pt;line-height:200%;font-family:&quot;ˎ̥&quot;,serif;\nmso-fareast-font-family:宋体;mso-bidi-font-family:宋体;color:black;mso-font-kerning:\n0pt\" lang=\"EN-US\"></span></p>\n\n<p class=\"MsoNormal\" style=\"text-align:left;line-height:200%;\nmso-pagination:widow-orphan;background:white;word-break:break-all\" align=\"left\"><span style=\"font-size:12.0pt;line-height:200%;font-family:宋体;mso-ascii-font-family:\nˎ̥;mso-hansi-font-family:ˎ̥;mso-bidi-font-family:宋体;color:black;mso-font-kerning:\n0pt\">　　（二）要求试验检测单位弄虚作假的；</span><span style=\"font-size:9.0pt;\nline-height:200%;font-family:&quot;ˎ̥&quot;,serif;mso-fareast-font-family:宋体;mso-bidi-font-family:\n宋体;color:black;mso-font-kerning:0pt\" lang=\"EN-US\"></span></p>\n\n<p class=\"MsoNormal\" style=\"text-align:left;line-height:200%;\nmso-pagination:widow-orphan;background:white;word-break:break-all\" align=\"left\"><span style=\"font-size:12.0pt;line-height:200%;font-family:宋体;mso-ascii-font-family:\nˎ̥;mso-hansi-font-family:ˎ̥;mso-bidi-font-family:宋体;color:black;mso-font-kerning:\n0pt\">　　（三）要求项目单位违反规定压缩工期、赶进度，导致发生工程质量事故或者严重工程质量问题的；</span><span style=\"font-size:9.0pt;line-height:200%;font-family:&quot;ˎ̥&quot;,serif;mso-fareast-font-family:\n宋体;mso-bidi-font-family:宋体;color:black;mso-font-kerning:0pt\" lang=\"EN-US\"></span></p>\n\n<p class=\"MsoNormal\" style=\"text-align:left;line-height:200%;\nmso-pagination:widow-orphan;background:white;word-break:break-all\" align=\"left\"><span style=\"font-size:12.0pt;line-height:200%;font-family:宋体;mso-ascii-font-family:\nˎ̥;mso-hansi-font-family:ˎ̥;mso-bidi-font-family:宋体;color:black;mso-font-kerning:\n0pt\">　　（四）在对工程建设实施和工程质量进行监督管理过程中，对有关行政监管部门或者中介机构施加影响，导致发生工程质量事故或者严重工程质量问题的；</span><span style=\"font-size:9.0pt;line-height:200%;font-family:&quot;ˎ̥&quot;,serif;\nmso-fareast-font-family:宋体;mso-bidi-font-family:宋体;color:black;mso-font-kerning:\n0pt\" lang=\"EN-US\"></span></p>\n\n<p class=\"MsoNormal\" style=\"text-align:left;line-height:200%;\nmso-pagination:widow-orphan;background:white;word-break:break-all\" align=\"left\"><span style=\"font-size:12.0pt;line-height:200%;font-family:宋体;mso-ascii-font-family:\nˎ̥;mso-hansi-font-family:ˎ̥;mso-bidi-font-family:宋体;color:black;mso-font-kerning:\n0pt\">　　（五）有其他违反规定插手干预工程建设实施和工程质量监督管理行为的。</span><span style=\"font-size:9.0pt;line-height:200%;font-family:&quot;ˎ̥&quot;,serif;mso-fareast-font-family:\n宋体;mso-bidi-font-family:宋体;color:black;mso-font-kerning:0pt\" lang=\"EN-US\"></span></p>\n\n<p class=\"MsoNormal\" style=\"text-align:left;line-height:200%;\nmso-pagination:widow-orphan;background:white;word-break:break-all\" align=\"left\"><span style=\"font-size:12.0pt;line-height:200%;font-family:宋体;mso-ascii-font-family:\nˎ̥;mso-hansi-font-family:ˎ̥;mso-bidi-font-family:宋体;color:black;mso-font-kerning:\n0pt\">　　九、违反规定插手干预工程建设安全生产，有下列情形之一，谋取私利的，依照本解释第十二条处理：</span><span style=\"font-size:9.0pt;line-height:200%;font-family:&quot;ˎ̥&quot;,serif;mso-fareast-font-family:\n宋体;mso-bidi-font-family:宋体;color:black;mso-font-kerning:0pt\" lang=\"EN-US\"></span></p>\n\n<p class=\"MsoNormal\" style=\"text-align:left;line-height:200%;\nmso-pagination:widow-orphan;background:white;word-break:break-all\" align=\"left\"><span style=\"font-size:12.0pt;line-height:200%;font-family:宋体;mso-ascii-font-family:\nˎ̥;mso-hansi-font-family:ˎ̥;mso-bidi-font-family:宋体;color:black;mso-font-kerning:\n0pt\">　　（一）要求有关部门为不具备安全生产条件的单位发放安全生产许可证的；</span><span style=\"font-size:9.0pt;line-height:200%;font-family:&quot;ˎ̥&quot;,serif;mso-fareast-font-family:\n宋体;mso-bidi-font-family:宋体;color:black;mso-font-kerning:0pt\" lang=\"EN-US\"></span></p>\n\n<p class=\"MsoNormal\" style=\"text-align:left;line-height:200%;\nmso-pagination:widow-orphan;background:white;word-break:break-all\" align=\"left\"><span style=\"font-size:12.0pt;line-height:200%;font-family:宋体;mso-ascii-font-family:\nˎ̥;mso-hansi-font-family:ˎ̥;mso-bidi-font-family:宋体;color:black;mso-font-kerning:\n0pt\">　　（二）对有关行政监管部门进行的工程建设安全生产监督管理活动施加影响，导致发生生产安全事故的；</span><span style=\"font-size:9.0pt;line-height:200%;font-family:&quot;ˎ̥&quot;,serif;mso-fareast-font-family:\n宋体;mso-bidi-font-family:宋体;color:black;mso-font-kerning:0pt\" lang=\"EN-US\"></span></p>\n\n<p class=\"MsoNormal\" style=\"text-align:left;line-height:200%;\nmso-pagination:widow-orphan;background:white;word-break:break-all\" align=\"left\"><span style=\"font-size:12.0pt;line-height:200%;font-family:宋体;mso-ascii-font-family:\nˎ̥;mso-hansi-font-family:ˎ̥;mso-bidi-font-family:宋体;color:black;mso-font-kerning:\n0pt\">　　（三）有其他违反规定插手干预工程建设安全生产行为的。</span><span style=\"font-size:9.0pt;\nline-height:200%;font-family:&quot;ˎ̥&quot;,serif;mso-fareast-font-family:宋体;mso-bidi-font-family:\n宋体;color:black;mso-font-kerning:0pt\" lang=\"EN-US\"></span></p>\n\n<p class=\"MsoNormal\" style=\"text-align:left;line-height:200%;\nmso-pagination:widow-orphan;background:white;word-break:break-all\" align=\"left\"><span style=\"font-size:12.0pt;line-height:200%;font-family:宋体;mso-ascii-font-family:\nˎ̥;mso-hansi-font-family:ˎ̥;mso-bidi-font-family:宋体;color:black;mso-font-kerning:\n0pt\">　　十、违反规定插手干预工程建设环境保护工作，有下列情形之一，谋取私利的，依照本解释第十二条处理：</span><span style=\"font-size:9.0pt;line-height:200%;font-family:&quot;ˎ̥&quot;,serif;mso-fareast-font-family:\n宋体;mso-bidi-font-family:宋体;color:black;mso-font-kerning:0pt\" lang=\"EN-US\"></span></p>\n\n<p class=\"MsoNormal\" style=\"text-align:left;line-height:200%;\nmso-pagination:widow-orphan;background:white;word-break:break-all\" align=\"left\"><span style=\"font-size:12.0pt;line-height:200%;font-family:宋体;mso-ascii-font-family:\nˎ̥;mso-hansi-font-family:ˎ̥;mso-bidi-font-family:宋体;color:black;mso-font-kerning:\n0pt\">　　（一）要求有关部门降低建设项目环境影响评价等级、拆分审批、超越审批权限审批环境影响评价文件的；</span><span style=\"font-size:9.0pt;line-height:200%;font-family:&quot;ˎ̥&quot;,serif;mso-fareast-font-family:\n宋体;mso-bidi-font-family:宋体;color:black;mso-font-kerning:0pt\" lang=\"EN-US\"></span></p>\n\n<p class=\"MsoNormal\" style=\"text-align:left;line-height:200%;\nmso-pagination:widow-orphan;background:white;word-break:break-all\" align=\"left\"><span style=\"font-size:12.0pt;line-height:200%;font-family:宋体;mso-ascii-font-family:\nˎ̥;mso-hansi-font-family:ˎ̥;mso-bidi-font-family:宋体;color:black;mso-font-kerning:\n0pt\">　　（二）对有关行政监管部门进行的环境保护监督检查活动施加影响，导致建设项目中防治污染或者防治生态破坏的设施不能与工程建设项目主体工程同时设计、同时施工、同时投产使用的；</span><span style=\"font-size:9.0pt;line-height:200%;font-family:&quot;ˎ̥&quot;,serif;\nmso-fareast-font-family:宋体;mso-bidi-font-family:宋体;color:black;mso-font-kerning:\n0pt\" lang=\"EN-US\"></span></p>\n\n<p class=\"MsoNormal\" style=\"text-align:left;line-height:200%;\nmso-pagination:widow-orphan;background:white;word-break:break-all\" align=\"left\"><span style=\"font-size:12.0pt;line-height:200%;font-family:宋体;mso-ascii-font-family:\nˎ̥;mso-hansi-font-family:ˎ̥;mso-bidi-font-family:宋体;color:black;mso-font-kerning:\n0pt\">　　（三）有其他违反规定插手干预工程建设环境保护工作行为的。</span><span style=\"font-size:\n9.0pt;line-height:200%;font-family:&quot;ˎ̥&quot;,serif;mso-fareast-font-family:宋体;\nmso-bidi-font-family:宋体;color:black;mso-font-kerning:0pt\" lang=\"EN-US\"></span></p>\n\n<p class=\"MsoNormal\" style=\"text-align:left;line-height:200%;\nmso-pagination:widow-orphan;background:white;word-break:break-all\" align=\"left\"><span style=\"font-size:12.0pt;line-height:200%;font-family:宋体;mso-ascii-font-family:\nˎ̥;mso-hansi-font-family:ˎ̥;mso-bidi-font-family:宋体;color:black;mso-font-kerning:\n0pt\">　　十一、违反规定插手干预工程建设项目物资采购和资金安排使用管理，有下列情形之一，谋取私利的，依照本解释第十二条处理：</span><span style=\"font-size:9.0pt;line-height:200%;font-family:&quot;ˎ̥&quot;,serif;\nmso-fareast-font-family:宋体;mso-bidi-font-family:宋体;color:black;mso-font-kerning:\n0pt\" lang=\"EN-US\"></span></p>\n\n<p class=\"MsoNormal\" style=\"text-align:left;line-height:200%;\nmso-pagination:widow-orphan;background:white;word-break:break-all\" align=\"left\"><span style=\"font-size:12.0pt;line-height:200%;font-family:宋体;mso-ascii-font-family:\nˎ̥;mso-hansi-font-family:ˎ̥;mso-bidi-font-family:宋体;color:black;mso-font-kerning:\n0pt\">　　（一）要求有关部门违反招标投标法和政府采购法的有关规定，进行物资采购的；</span><span style=\"font-size:9.0pt;line-height:200%;font-family:&quot;ˎ̥&quot;,serif;mso-fareast-font-family:\n宋体;mso-bidi-font-family:宋体;color:black;mso-font-kerning:0pt\" lang=\"EN-US\"></span></p>\n\n<p class=\"MsoNormal\" style=\"text-align:left;line-height:200%;\nmso-pagination:widow-orphan;background:white;word-break:break-all\" align=\"left\"><span style=\"font-size:12.0pt;line-height:200%;font-family:宋体;mso-ascii-font-family:\nˎ̥;mso-hansi-font-family:ˎ̥;mso-bidi-font-family:宋体;color:black;mso-font-kerning:\n0pt\">　　（二）要求有关部门对不符合预算要求、工程进度需要的工程建设项目支付资金，或者对符合预算要求、工程进度需要的工程建设项目不及时支付资金的；</span><span style=\"font-size:9.0pt;line-height:200%;font-family:&quot;ˎ̥&quot;,serif;\nmso-fareast-font-family:宋体;mso-bidi-font-family:宋体;color:black;mso-font-kerning:\n0pt\" lang=\"EN-US\"></span></p>\n\n<p class=\"MsoNormal\" style=\"text-align:left;line-height:200%;\nmso-pagination:widow-orphan;background:white;word-break:break-all\" align=\"left\"><span style=\"font-size:12.0pt;line-height:200%;font-family:宋体;mso-ascii-font-family:\nˎ̥;mso-hansi-font-family:ˎ̥;mso-bidi-font-family:宋体;color:black;mso-font-kerning:\n0pt\">　　（三）有其他违反规定插手干预物资采购和资金安排使用管理行为的。</span><span style=\"font-size:\n9.0pt;line-height:200%;font-family:&quot;ˎ̥&quot;,serif;mso-fareast-font-family:宋体;\nmso-bidi-font-family:宋体;color:black;mso-font-kerning:0pt\" lang=\"EN-US\"></span></p>\n\n<p class=\"MsoNormal\" style=\"text-align:left;line-height:200%;\nmso-pagination:widow-orphan;background:white;word-break:break-all\" align=\"left\"><span style=\"font-size:12.0pt;line-height:200%;font-family:宋体;mso-ascii-font-family:\nˎ̥;mso-hansi-font-family:ˎ̥;mso-bidi-font-family:宋体;color:black;mso-font-kerning:\n0pt\">　　十二、党员领导干部有本解释第三条至第十一条行为之一，本人索取他人财物，或者收受、变相收受他人财物的，依照《中国共产党纪律处分条例》第八十五条的规定处理。</span><span style=\"font-size:9.0pt;line-height:200%;font-family:&quot;ˎ̥&quot;,serif;\nmso-fareast-font-family:宋体;mso-bidi-font-family:宋体;color:black;mso-font-kerning:\n0pt\" lang=\"EN-US\"></span></p>\n\n<p class=\"MsoNormal\" style=\"text-align:left;line-height:200%;\nmso-pagination:widow-orphan;background:white;word-break:break-all\" align=\"left\"><span style=\"font-size:12.0pt;line-height:200%;font-family:宋体;mso-ascii-font-family:\nˎ̥;mso-hansi-font-family:ˎ̥;mso-bidi-font-family:宋体;color:black;mso-font-kerning:\n0pt\">　　党员领导干部有本解释第三条至第十一条行为之一，其父母、配偶、子女及其配偶以及其他特定关系人收受对方财物的，追究该党员领导干部的责任，依照《中国共产党纪律处分条例》第七十五条的规定处理。</span><span style=\"font-size:9.0pt;line-height:200%;font-family:&quot;ˎ̥&quot;,serif;\nmso-fareast-font-family:宋体;mso-bidi-font-family:宋体;color:black;mso-font-kerning:\n0pt\" lang=\"EN-US\"></span></p>\n\n<p class=\"MsoNormal\" style=\"text-align:left;line-height:200%;\nmso-pagination:widow-orphan;background:white;word-break:break-all\" align=\"left\"><span style=\"font-size:12.0pt;line-height:200%;font-family:宋体;mso-ascii-font-family:\nˎ̥;mso-hansi-font-family:ˎ̥;mso-bidi-font-family:宋体;color:black;mso-font-kerning:\n0pt\">　　十三、党员领导干部有本解释第三条至第十一条行为之一，未谋取私利，但给党、国家和人民利益以及公共财产造成较大损失的，依照《中国共产党纪律处分条例》第一百二十七条第二款的规定处理。</span><span style=\"font-size:9.0pt;line-height:200%;font-family:&quot;ˎ̥&quot;,serif;\nmso-fareast-font-family:宋体;mso-bidi-font-family:宋体;color:black;mso-font-kerning:\n0pt\" lang=\"EN-US\"></span></p>\n\n<p class=\"MsoNormal\" style=\"text-align:left;line-height:200%;\nmso-pagination:widow-orphan;background:white;word-break:break-all\" align=\"left\"><span style=\"font-size:12.0pt;line-height:200%;font-family:宋体;mso-ascii-font-family:\nˎ̥;mso-hansi-font-family:ˎ̥;mso-bidi-font-family:宋体;color:black;mso-font-kerning:\n0pt\">　　党员领导干部有本解释第三条至第十一条行为之一，未谋取私利，也未造成较大损失，但给本地区、本单位造成严重不良影响的，依照《中国共产党纪律处分条例》第一百三十九条的规定处理。</span><span style=\"font-size:9.0pt;line-height:200%;font-family:&quot;ˎ̥&quot;,serif;\nmso-fareast-font-family:宋体;mso-bidi-font-family:宋体;color:black;mso-font-kerning:\n0pt\" lang=\"EN-US\"></span></p>\n\n<p class=\"MsoNormal\" style=\"text-align:left;line-height:200%;\nmso-pagination:widow-orphan;background:white;word-break:break-all\" align=\"left\"><span style=\"font-size:12.0pt;line-height:200%;font-family:宋体;mso-ascii-font-family:\nˎ̥;mso-hansi-font-family:ˎ̥;mso-bidi-font-family:宋体;color:black;mso-font-kerning:\n0pt\">　　十四、党员领导干部利用职权或者职务上的影响，妨碍有关部门对工程建设领域违纪违法行为进行查处的，依照《中国共产党纪律处分条例》第一百六十三条的规定处理。</span><span style=\"font-size:9.0pt;line-height:200%;font-family:&quot;ˎ̥&quot;,serif;\nmso-fareast-font-family:宋体;mso-bidi-font-family:宋体;color:black;mso-font-kerning:\n0pt\" lang=\"EN-US\"></span></p>\n\n<p class=\"MsoNormal\" style=\"text-align:left;line-height:200%;\nmso-pagination:widow-orphan;background:white;word-break:break-all\" align=\"left\"><span style=\"font-size:12.0pt;line-height:200%;font-family:宋体;mso-ascii-font-family:\nˎ̥;mso-hansi-font-family:ˎ̥;mso-bidi-font-family:宋体;color:black;mso-font-kerning:\n0pt\">　　十五、本解释自发布之日起施行。中央纪委、监察部</span><span style=\"font-size:12.0pt;\nline-height:200%;font-family:&quot;ˎ̥&quot;,serif;mso-fareast-font-family:宋体;mso-bidi-font-family:\n宋体;color:black;mso-font-kerning:0pt\" lang=\"EN-US\">2004</span><span style=\"font-size:12.0pt;\nline-height:200%;font-family:宋体;mso-ascii-font-family:ˎ̥;mso-hansi-font-family:\nˎ̥;mso-bidi-font-family:宋体;color:black;mso-font-kerning:0pt\">年</span><span style=\"font-size:12.0pt;line-height:200%;font-family:&quot;ˎ̥&quot;,serif;\nmso-fareast-font-family:宋体;mso-bidi-font-family:宋体;color:black;mso-font-kerning:\n0pt\" lang=\"EN-US\">2</span><span style=\"font-size:12.0pt;line-height:200%;font-family:宋体;\nmso-ascii-font-family:ˎ̥;mso-hansi-font-family:ˎ̥;mso-bidi-font-family:宋体;\ncolor:black;mso-font-kerning:0pt\">月</span><span style=\"font-size:\n12.0pt;line-height:200%;font-family:&quot;ˎ̥&quot;,serif;mso-fareast-font-family:宋体;\nmso-bidi-font-family:宋体;color:black;mso-font-kerning:0pt\" lang=\"EN-US\">3</span><span style=\"font-size:12.0pt;line-height:200%;font-family:宋体;mso-ascii-font-family:\nˎ̥;mso-hansi-font-family:ˎ̥;mso-bidi-font-family:宋体;color:black;mso-font-kerning:\n0pt\">日发布的《关于领导干部利用职权违反规定干预和插手建设工程招标投标、经营性土地使用权出让、房地产开发与经营等市场经济活动，为个人和亲友谋取私利的处理规定》同时废止。</span><span style=\"font-size:9.0pt;line-height:200%;font-family:&quot;ˎ̥&quot;,serif;\nmso-fareast-font-family:宋体;mso-bidi-font-family:宋体;color:black;mso-font-kerning:\n0pt\" lang=\"EN-US\"></span></p>\n\n<p class=\"MsoNormal\" style=\"text-align:left;line-height:200%;\nmso-pagination:widow-orphan;background:white;word-break:break-all\" align=\"left\"><span style=\"font-size:9.0pt;line-height:200%;font-family:&quot;ˎ̥&quot;,serif;\nmso-fareast-font-family:宋体;mso-bidi-font-family:宋体;color:black;mso-font-kerning:\n0pt\" lang=\"EN-US\">&nbsp;</span></p>\n\n<p class=\"MsoNormal\"><span lang=\"EN-US\">&nbsp;</span></p>\n\n\n							    ', null, '2015-05-25 13:50:02', '7', '1', '1', '0');
INSERT INTO `t_news` VALUES ('30', '1', '\n							    ', null, '2015-05-25 13:53:41', '6', '1', '0', '0');
INSERT INTO `t_news` VALUES ('31', '2', '', null, '2015-05-25 13:53:50', '6', '1', '0', '0');
INSERT INTO `t_news` VALUES ('32', '3', '', null, '2015-05-25 13:54:00', '6', '1', '0', '0');
INSERT INTO `t_news` VALUES ('33', '4', '\n							    ', null, '2015-05-25 14:01:13', '6', '1', '0', '0');
INSERT INTO `t_news` VALUES ('34', '5', '', null, '2015-05-25 14:01:21', '6', '1', '0', '0');
INSERT INTO `t_news` VALUES ('35', '6', '', null, '2015-05-25 14:01:30', '6', '1', '0', '0');
INSERT INTO `t_news` VALUES ('36', '7', '', null, '2015-05-25 14:01:39', '6', '1', '0', '0');

-- ----------------------------
-- Table structure for `t_news_file`
-- ----------------------------
DROP TABLE IF EXISTS `t_news_file`;
CREATE TABLE `t_news_file` (
  `file_id` int(11) NOT NULL AUTO_INCREMENT,
  `file_name` varchar(200) NOT NULL,
  `file_path` varchar(200) NOT NULL,
  `type_id` int(1) NOT NULL,
  `news_id` int(11) DEFAULT NULL,
  PRIMARY KEY (`file_id`)
) ENGINE=InnoDB AUTO_INCREMENT=145 DEFAULT CHARSET=utf8;

-- ----------------------------
-- Records of t_news_file
-- ----------------------------
INSERT INTO `t_news_file` VALUES ('130', 'cornerstone_20150517.sql', '2015\\5\\18\\12\\36', '1', '23');
INSERT INTO `t_news_file` VALUES ('131', 'jd-gui.exe', '2015\\5\\18\\12\\36', '1', '23');
INSERT INTO `t_news_file` VALUES ('132', '配置JAVA的环境变量.doc', '2015\\5\\18\\12\\36', '4', '24');
INSERT INTO `t_news_file` VALUES ('133', 'activiti开发环境搭建.docx', '2015\\5\\18\\12\\36', '1', '25');
INSERT INTO `t_news_file` VALUES ('134', '沙发尺寸.png', '2015\\5\\19\\15\\17', '6', '26');
INSERT INTO `t_news_file` VALUES ('135', 'u=2389062154,65824966&fm=96&s=BBAAE2060802EC4F16134442030030BB.jpg', '2015\\5\\21\\10\\58', '6', '27');
INSERT INTO `t_news_file` VALUES ('137', '党员领导干部违反规定插手干预工程建设领域行为适用《中国共产党纪律处分条例》若干问题的解释.docx', '2015\\5\\25\\13\\47', '7', '28');
INSERT INTO `t_news_file` VALUES ('138', 'W020150211538375818673.jpg', '2015\\5\\25\\13\\53', '6', '30');
INSERT INTO `t_news_file` VALUES ('139', 'W020150211538375824380.jpg', '2015\\5\\25\\13\\53', '6', '31');
INSERT INTO `t_news_file` VALUES ('140', 'W020150211538375827129.jpg', '2015\\5\\25\\13\\53', '6', '32');
INSERT INTO `t_news_file` VALUES ('141', 'W020150211538375833111.jpg', '2015\\5\\25\\14\\1', '6', '33');
INSERT INTO `t_news_file` VALUES ('142', 'W020150211538375833509.jpg', '2015\\5\\25\\14\\1', '6', '34');
INSERT INTO `t_news_file` VALUES ('143', 'W020150211541906319556.jpg', '2015\\5\\25\\14\\1', '6', '35');
INSERT INTO `t_news_file` VALUES ('144', 'W020150211541906323746.jpg', '2015\\5\\25\\14\\1', '6', '36');

-- ----------------------------
-- Table structure for `t_news_type`
-- ----------------------------
DROP TABLE IF EXISTS `t_news_type`;
CREATE TABLE `t_news_type` (
  `type_id` int(11) NOT NULL AUTO_INCREMENT,
  `type_name` varchar(20) NOT NULL,
  `type_no` int(11) unsigned zerofill NOT NULL,
  `enable` int(1) NOT NULL DEFAULT '1',
  PRIMARY KEY (`type_id`)
) ENGINE=InnoDB AUTO_INCREMENT=8 DEFAULT CHARSET=utf8;

-- ----------------------------
-- Records of t_news_type
-- ----------------------------
INSERT INTO `t_news_type` VALUES ('1', '时政新闻', '00000000001', '1');
INSERT INTO `t_news_type` VALUES ('2', '图片新闻', '00000000002', '1');
INSERT INTO `t_news_type` VALUES ('3', '纪律审查', '00000000003', '1');
INSERT INTO `t_news_type` VALUES ('4', '工作动态', '00000000004', '1');
INSERT INTO `t_news_type` VALUES ('5', '宣传教育', '00000000005', '1');
INSERT INTO `t_news_type` VALUES ('6', '廉政文化', '00000000006', '1');
INSERT INTO `t_news_type` VALUES ('7', '党纪法规', '00000000007', '1');

-- ----------------------------
-- Table structure for `t_picture`
-- ----------------------------
DROP TABLE IF EXISTS `t_picture`;
CREATE TABLE `t_picture` (
  `pic_id` int(11) NOT NULL AUTO_INCREMENT,
  `pic_title` varchar(200) DEFAULT NULL,
  `pic_name` varchar(200) DEFAULT NULL,
  `pic_path` varchar(200) DEFAULT NULL,
  `pic_order` int(11) DEFAULT NULL,
  PRIMARY KEY (`pic_id`)
) ENGINE=InnoDB AUTO_INCREMENT=7 DEFAULT CHARSET=utf8;

-- ----------------------------
-- Records of t_picture
-- ----------------------------
INSERT INTO `t_picture` VALUES ('3', '图片1', '沙发尺寸.png', '2015\\5\\19\\13\\55', '1');
INSERT INTO `t_picture` VALUES ('4', '图片2', '沙发尺寸.png', '2015\\5\\19\\13\\56', '2');
INSERT INTO `t_picture` VALUES ('6', '图片3', 'App.ico', '2015\\5\\19\\14\\59', '3');

-- ----------------------------
-- Table structure for `t_poi`
-- ----------------------------
DROP TABLE IF EXISTS `t_poi`;
CREATE TABLE `t_poi` (
  `id` int(11) NOT NULL AUTO_INCREMENT,
  `uid` text NOT NULL,
  `name` text,
  `address` text,
  `lat` float DEFAULT NULL,
  `lng` float DEFAULT NULL,
  `tag` text,
  `detail_url` text,
  `type` text,
  `price` float DEFAULT NULL,
  `overall_rating` float DEFAULT NULL,
  `taste_rating` float DEFAULT NULL,
  `service_rating` float DEFAULT NULL,
  `environment_rating` float DEFAULT NULL,
  `image_num` int(11) DEFAULT NULL,
  `comment_num` int(11) DEFAULT NULL,
  `shop_hours` text,
  `atmosphere` text,
  `featured_service` text,
  `description` text,
  PRIMARY KEY (`id`)
) ENGINE=InnoDB DEFAULT CHARSET=utf8;

-- ----------------------------
-- Records of t_poi
-- ----------------------------

-- ----------------------------
-- Table structure for `t_sys_param`
-- ----------------------------
DROP TABLE IF EXISTS `t_sys_param`;
CREATE TABLE `t_sys_param` (
  `sys_param_id` int(11) NOT NULL,
  `sys_param_name` varchar(200) NOT NULL,
  `sys_param_value` varchar(200) DEFAULT NULL,
  PRIMARY KEY (`sys_param_id`)
) ENGINE=InnoDB DEFAULT CHARSET=utf8;

-- ----------------------------
-- Records of t_sys_param
-- ----------------------------
INSERT INTO `t_sys_param` VALUES ('1', 'filepath', 'E:\\upload');

-- ----------------------------
-- Table structure for `t_user`
-- ----------------------------
DROP TABLE IF EXISTS `t_user`;
CREATE TABLE `t_user` (
  `id` int(11) NOT NULL AUTO_INCREMENT,
  `user_id` varchar(40) NOT NULL,
  `user_name` varchar(40) NOT NULL,
  `password` varchar(255) DEFAULT NULL,
  `create_time` datetime DEFAULT '0000-00-00 00:00:00',
  `role` int(1) DEFAULT NULL,
  PRIMARY KEY (`id`)
) ENGINE=InnoDB AUTO_INCREMENT=13 DEFAULT CHARSET=utf8;

-- ----------------------------
-- Records of t_user
-- ----------------------------
INSERT INTO `t_user` VALUES ('1', 'admin', '管理员', '1', '2015-04-28 13:50:05', '0');
INSERT INTO `t_user` VALUES ('2', 'wuyang', '伍杨', '2', '2015-04-28 13:50:09', '1');
INSERT INTO `t_user` VALUES ('3', 'caiye', '菜叶', 'eewe', null, '1');
INSERT INTO `t_user` VALUES ('4', 'liuyang', '刘洋', '1', '2015-04-29 08:40:58', '1');
INSERT INTO `t_user` VALUES ('5', 'cs1', '测试1', '1', '2015-04-29 08:41:19', '1');
INSERT INTO `t_user` VALUES ('6', 'cs2', '测试2', '1', '2015-04-29 08:41:33', '1');
INSERT INTO `t_user` VALUES ('7', 'cs3', '测试3', '1', '2015-04-29 08:42:17', '1');
INSERT INTO `t_user` VALUES ('8', 'cs4', '测试4', '1', '2015-04-29 08:42:36', '1');
INSERT INTO `t_user` VALUES ('9', 'cs5', '测试5', '1', '2015-04-29 08:42:50', '1');
INSERT INTO `t_user` VALUES ('10', 'cs6', '测试6', '1', '2015-04-29 08:43:03', '0');
INSERT INTO `t_user` VALUES ('11', 'cs7', '测试7', '1', '2015-04-29 08:43:19', '1');
INSERT INTO `t_user` VALUES ('12', 'cs8', '测试8', '1', '2015-04-29 08:43:36', '1');

-- ----------------------------
-- Table structure for `t_wx_user`
-- ----------------------------
DROP TABLE IF EXISTS `t_wx_user`;
CREATE TABLE `t_wx_user` (
  `id` int(11) NOT NULL AUTO_INCREMENT,
  `openId` varchar(100) NOT NULL,
  `nickname` varchar(100) DEFAULT NULL,
  `sex` int(11) DEFAULT NULL,
  `country` varchar(20) DEFAULT NULL,
  `province` varchar(20) DEFAULT NULL,
  `city` varchar(20) DEFAULT NULL,
  `headImgUrl` varchar(500) DEFAULT NULL,
  PRIMARY KEY (`id`)
) ENGINE=InnoDB AUTO_INCREMENT=5 DEFAULT CHARSET=utf8;

-- ----------------------------
-- Records of t_wx_user
-- ----------------------------
INSERT INTO `t_wx_user` VALUES ('1', 'ohgNjs8zYxx4utgRDuhydQvmKLAM', '五小羊', '1', 'CN', 'Hubei', 'Wuhan', 'http://wx.qlogo.cn/mmopen/3Ru0nxExhuMAmpsukc6KvwWuUUnad91LqXqfDFOOZgyHKEstEjRxe1cn4Y5cQdDxo8H8IWUU8RFOTgQ4kWSoW0iae7CBkIPicJ/0');
INSERT INTO `t_wx_user` VALUES ('2', 'ohgNjswHcgpLpEl6T1fe307027Vw', 'Leaves', '2', 'CN', 'Hubei', 'Wuhan', 'http://wx.qlogo.cn/mmopen/C6nnRGnPbvweIXD3ndMqiaXzq9swnT0842pHS5yfATD2aPiaKFWzfPjMO9RwBNKQ6YUsfPYk150NCnNCMgX4vqibQOSHPkDpCwN/0');
INSERT INTO `t_wx_user` VALUES ('3', 'ohgNjsxgGyDQitK2cezkBXOf4pXQ', '马于涛', '1', 'CN', 'Hubei', 'Wuhan', 'http://wx.qlogo.cn/mmopen/C6nnRGnPbvy6xoYd2rkFHPqoMmc4KljDE1jn1Chv6mF5KVOibHOqJZsVJJ434PH5kiaqkWX4Lx9cicxqnl4V4Bf2WuMicGnsia6YP/0');
INSERT INTO `t_wx_user` VALUES ('4', 'ohgNjs8Y7DAFDrixv5NVEvjbZDMo', '左右', '1', 'CN', 'Hubei', 'Huanggang', '');

-- ----------------------------
-- Procedure structure for `test`
-- ----------------------------
DROP PROCEDURE IF EXISTS `test`;
DELIMITER ;;
CREATE DEFINER=`root`@`localhost` PROCEDURE `test`()
BEGIN
set @v_n=1;
while @v_n<10000
do
  insert into t_user(user_id,user_name,password,create_time,role) values (@v_n,'MM','1','2015-04-29 09:21:33',1);
  set @v_n=@v_n+1;
END while ;
 
END;;
DELIMITER ;
